config,timeframe,session,orb_minutes,news_mode,risk_reward,range_start,range_end,stop_time,trades,wins,losses,win_rate,net_profit,profit_factor,expectancy,max_dd_money,max_dd_pct,max_consec_wins,max_consec_losses,avg_r,total_r,recovery_factor,long_net,short_net,avg_duration_min,folder
M1_ASIA_ORB15_INCLUDE_NEWS_RR1,M1,ASIA,15,INCLUDE_NEWS,1.0,19:00,19:15,03:00,966,496,470,51.345755693581786,34049.99999999782,1.1255137585933526,35.24844720496673,13974.999999999869,13.821580456928015,9,8,0.026927870825552664,26.012323217483875,2.4364937388191867,19569.99999999757,14480.000000000291,12.182194616977226,rr_matrix_out/M1_ASIA_ORB15_INCLUDE_NEWS_RR1
M1_ASIA_ORB15_INCLUDE_NEWS_RR1p5,M1,ASIA,15,INCLUDE_NEWS,1.5,19:00,19:15,03:00,895,381,514,42.56983240223464,63958.99999999782,1.2178588459704263,71.46256983240002,22728.000000000393,15.480812456578008,5,12,0.0602060509130474,53.88441556717742,2.8141059486095,43276.999999997635,20682.000000000382,17.97877094972067,rr_matrix_out/M1_ASIA_ORB15_INCLUDE_NEWS_RR1p5
M1_ASIA_ORB15_INCLUDE_NEWS_RR2,M1,ASIA,15,INCLUDE_NEWS,2.0,19:00,19:15,03:00,857,314,543,36.63943990665111,88054.99999999793,1.284383225410557,102.7479579929969,23480.000000000495,14.15609079673261,5,16,0.08259434863143919,70.78335677714338,3.7502129471889303,57424.99999999809,30630.000000000247,23.043173862310386,rr_matrix_out/M1_ASIA_ORB15_INCLUDE_NEWS_RR2
M1_ASIA_ORB15_INCLUDE_NEWS_RR2p5,M1,ASIA,15,INCLUDE_NEWS,2.5,19:00,19:15,03:00,826,255,571,30.871670702179177,48559.99999999776,1.1494337764647882,58.78934624697081,32105.0000000007,23.08267487256228,4,23,0.04578658513642008,37.819719322682985,1.5125369880079957,17549.999999997453,31010.000000000444,29.23728813559322,rr_matrix_out/M1_ASIA_ORB15_INCLUDE_NEWS_RR2p5
M1_ASIA_ORB15_INCLUDE_NEWS_RR3,M1,ASIA,15,INCLUDE_NEWS,3.0,19:00,19:15,03:00,809,226,583,27.935723114956733,47744.999999997875,1.1443559237478953,59.01730531520135,27820.000000000466,21.05581835383203,4,23,0.056168573391118935,45.44037587341522,1.7162113587346182,27414.99999999792,20329.999999999975,34.49320148331273,rr_matrix_out/M1_ASIA_ORB15_INCLUDE_NEWS_RR3
M1_ASIA_ORB15_INCLUDE_NEWS_RR3p5,M1,ASIA,15,INCLUDE_NEWS,3.5,19:00,19:15,03:00,799,197,602,24.6558197747184,51658.999999998225,1.1526701539734558,64.65456821026098,27417.000000000407,18.87599140779935,4,23,0.02266391389195105,18.108467199668887,1.884195936827423,32962.99999999801,18696.000000000502,38.10012515644556,rr_matrix_out/M1_ASIA_ORB15_INCLUDE_NEWS_RR3p5
M1_ASIA_ORB15_INCLUDE_NEWS_RR4,M1,ASIA,15,INCLUDE_NEWS,4.0,19:00,19:15,03:00,795,185,610,23.270440251572328,65789.99999999776,1.1926895703365195,82.7547169811298,28520.000000000437,17.588110141531565,3,30,0.04474806707278954,35.57471332286769,2.3068022440391567,42039.999999997555,23750.000000000637,41.640251572327045,rr_matrix_out/M1_ASIA_ORB15_INCLUDE_NEWS_RR4
M1_ASIA_ORB15_INCLUDE_NEWS_RR4p5,M1,ASIA,15,INCLUDE_NEWS,4.5,19:00,19:15,03:00,789,176,613,22.306717363751584,69407.99999999825,1.2030007896814896,87.96958174904759,28150.000000000524,17.365823565700524,3,30,0.05835853730764328,46.04488593573055,2.4656483126109046,39216.999999998276,30191.00000000026,45.97972116603295,rr_matrix_out/M1_ASIA_ORB15_INCLUDE_NEWS_RR4p5
M1_ASIA_ORB15_INCLUDE_NEWS_RR5,M1,ASIA,15,INCLUDE_NEWS,5.0,19:00,19:15,03:00,787,172,615,21.855146124523507,92619.99999999788,1.2705655526992228,117.68742058449617,27780.000000000495,16.082903954148396,3,30,0.0975434555260185,76.76669949897655,3.334053275737805,49794.99999999816,42825.00000000032,48.65946632782719,rr_matrix_out/M1_ASIA_ORB15_INCLUDE_NEWS_RR5
M1_ASIA_ORB30_INCLUDE_NEWS_RR1,M1,ASIA,30,INCLUDE_NEWS,1.0,19:00,19:30,03:00,776,414,362,53.350515463917525,56289.99999999881,1.2252005360964928,72.5386597938128,15060.000000000233,12.505347212319947,11,8,0.07011128052551222,54.40635368779748,3.7377158034527183,31524.999999998952,24764.99999999978,17.625,rr_matrix_out/M1_ASIA_ORB30_INCLUDE_NEWS_RR1
M1_ASIA_ORB30_INCLUDE_NEWS_RR1p5,M1,ASIA,30,INCLUDE_NEWS,1.5,19:00,19:30,03:00,712,316,396,44.38202247191011,96955.99999999898,1.3647087588632432,136.1741573033691,22585.000000000175,13.619369233552591,6,10,0.10893495312797134,77.56168662711559,4.2929377905688835,50346.999999999345,46608.99999999947,25.278089887640448,rr_matrix_out/M1_ASIA_ORB30_INCLUDE_NEWS_RR1p5
M1_ASIA_ORB30_INCLUDE_NEWS_RR2,M1,ASIA,30,INCLUDE_NEWS,2.0,19:00,19:30,03:00,677,258,419,38.10930576070901,114934.99999999939,1.4091014255459218,169.77104874445942,21180.000000000116,11.604207758053994,5,11,0.12595754635471634,85.27325888214297,5.426581680830914,62769.99999999879,52165.00000000023,32.887740029542094,rr_matrix_out/M1_ASIA_ORB30_INCLUDE_NEWS_RR2
M1_ASIA_ORB30_INCLUDE_NEWS_RR2p5,M1,ASIA,30,INCLUDE_NEWS,2.5,19:00,19:30,03:00,650,212,438,32.61538461538461,72647.9999999993,1.250079173838207,111.76615384615259,22686.999999999956,16.25248046077474,5,20,0.09921343915105209,64.48873544818386,3.202186274077641,42305.999999999265,30341.999999999913,41.536923076923074,rr_matrix_out/M1_ASIA_ORB30_INCLUDE_NEWS_RR2p5
M1_ASIA_ORB30_INCLUDE_NEWS_RR3,M1,ASIA,30,INCLUDE_NEWS,3.0,19:00,19:30,03:00,641,197,444,30.733229329173167,101619.99999999985,1.345423025935619,158.53354134165352,22910.000000000233,14.867934324096435,4,20,0.14963466285468638,95.91581888985397,4.4356176342208125,51619.99999999975,50000.00000000013,47.91263650546022,rr_matrix_out/M1_ASIA_ORB30_INCLUDE_NEWS_RR3
M1_ASIA_ORB30_INCLUDE_NEWS_RR3p5,M1,ASIA,30,INCLUDE_NEWS,3.5,19:00,19:30,03:00,633,176,457,27.804107424960506,107592.99999999959,1.3583685840855322,169.9731437598726,23960.00000000029,13.50186242300968,3,27,0.12775891794207422,80.87139505733299,4.490525876460697,55704.99999999924,51888.0000000001,53.94628751974724,rr_matrix_out/M1_ASIA_ORB30_INCLUDE_NEWS_RR3p5
M1_ASIA_ORB30_INCLUDE_NEWS_RR4,M1,ASIA,30,INCLUDE_NEWS,4.0,19:00,19:30,03:00,630,167,463,26.50793650793651,120425.00000000015,1.3972783505154636,191.15079365079345,23410.000000000204,12.535139621429266,3,27,0.1521989377487851,95.88533078173461,5.144169158479244,60844.99999999912,59580.00000000074,58.8063492063492,rr_matrix_out/M1_ASIA_ORB30_INCLUDE_NEWS_RR4
M1_ASIA_ORB30_INCLUDE_NEWS_RR4p5,M1,ASIA,30,INCLUDE_NEWS,4.5,19:00,19:30,03:00,624,159,465,25.48076923076923,134511.99999999977,1.4433487145682253,215.56410256410183,22860.00000000029,12.389404953112411,3,27,0.16690096858073514,104.14620439437873,5.884164479439985,66663.99999999936,67848.00000000019,63.25320512820513,rr_matrix_out/M1_ASIA_ORB30_INCLUDE_NEWS_RR4p5
M1_ASIA_ORB30_INCLUDE_NEWS_RR5,M1,ASIA,30,INCLUDE_NEWS,5.0,19:00,19:30,03:00,619,153,466,24.717285945072696,124479.99999999997,1.4097972083223589,201.0985460420028,22310.000000000262,12.951362212634935,3,27,0.17315364239202108,107.18210464066105,5.579560735096303,68979.99999999948,55500.00000000028,68.29240710823909,rr_matrix_out/M1_ASIA_ORB30_INCLUDE_NEWS_RR5
M1_ASIA_ORB60_INCLUDE_NEWS_RR1,M1,ASIA,60,INCLUDE_NEWS,1.0,19:00,20:00,03:00,552,296,256,53.62318840579711,54720.00000000108,1.224552188275852,99.1304347826104,19849.99999999994,14.24930907002616,9,6,0.08127125859126805,44.86173474237996,2.7566750629723544,48000.00000000045,6720.000000000482,28.58514492753623,rr_matrix_out/M1_ASIA_ORB60_INCLUDE_NEWS_RR1
M1_ASIA_ORB60_INCLUDE_NEWS_RR1p5,M1,ASIA,60,INCLUDE_NEWS,1.5,19:00,20:00,03:00,497,218,279,43.86317907444668,60813.00000000038,1.232852794210559,122.36016096579591,26073.999999999738,17.728852051050033,6,10,0.08224671422692163,40.87661697078005,2.332323387282388,40605.00000000029,20208.000000000266,44.92354124748491,rr_matrix_out/M1_ASIA_ORB60_INCLUDE_NEWS_RR1p5
M1_ASIA_ORB60_INCLUDE_NEWS_RR2,M1,ASIA,60,INCLUDE_NEWS,2.0,19:00,20:00,03:00,478,186,292,38.912133891213394,89119.99999999974,1.3312641712820132,186.4435146443512,23999.999999999884,14.02688486265338,6,18,0.11991396372197285,57.318874659103024,3.7133333333333405,44349.999999999956,44769.999999999935,56.11715481171548,rr_matrix_out/M1_ASIA_ORB60_INCLUDE_NEWS_RR2
M1_ASIA_ORB60_INCLUDE_NEWS_RR2p5,M1,ASIA,60,INCLUDE_NEWS,2.5,19:00,20:00,03:00,463,163,300,35.20518358531318,69074.00000000023,1.2517824597215155,149.18790496760363,28240.99999999981,17.900221209489747,5,18,0.1172578603953495,54.29038936304681,2.445876562444697,30196.000000000004,38878.000000000466,69.53131749460043,rr_matrix_out/M1_ASIA_ORB60_INCLUDE_NEWS_RR2p5
M1_ASIA_ORB60_INCLUDE_NEWS_RR3,M1,ASIA,60,INCLUDE_NEWS,3.0,19:00,20:00,03:00,456,153,303,33.55263157894737,90710.00000000035,1.3285998913240376,198.9254385964923,24414.999999999447,14.847812205430403,5,18,0.14978563397905725,68.3022490944501,3.7153389309851486,40990.000000000146,49720.00000000035,77.54605263157895,rr_matrix_out/M1_ASIA_ORB60_INCLUDE_NEWS_RR3
M1_ASIA_ORB60_INCLUDE_NEWS_RR3p5,M1,ASIA,60,INCLUDE_NEWS,3.5,19:00,20:00,03:00,456,148,308,32.45614035087719,107279.00000000035,1.3846159361835644,235.2609649122819,25366.000000000146,13.79426607500224,5,25,0.17861146401463576,81.4468275906739,4.229243869746894,37781.00000000027,69498.00000000026,83.92543859649123,rr_matrix_out/M1_ASIA_ORB60_INCLUDE_NEWS_RR3p5
M1_ASIA_ORB60_INCLUDE_NEWS_RR4,M1,ASIA,60,INCLUDE_NEWS,4.0,19:00,20:00,03:00,453,141,312,31.125827814569533,118065.00000000029,1.4193766095373441,260.62913907284894,35339.99999999962,19.33736423080062,5,25,0.18852263109939899,85.40075188802774,3.3408319185059865,42355.00000000015,75710.00000000041,89.96247240618102,rr_matrix_out/M1_ASIA_ORB60_INCLUDE_NEWS_RR4
M1_ASIA_ORB60_INCLUDE_NEWS_RR4p5,M1,ASIA,60,INCLUDE_NEWS,4.5,19:00,20:00,03:00,450,137,313,30.444444444444446,124098.0000000002,1.4405324813631544,275.7733333333342,38879.99999999959,20.80613053064176,5,25,0.18226246664513462,82.01810999031058,3.1918209876543595,42314.000000000306,81784.00000000009,95.31333333333333,rr_matrix_out/M1_ASIA_ORB60_INCLUDE_NEWS_RR4p5
M1_ASIA_ORB60_INCLUDE_NEWS_RR5,M1,ASIA,60,INCLUDE_NEWS,5.0,19:00,20:00,03:00,447,134,313,29.977628635346754,114359.99999999997,1.4060646948123432,255.83892617449675,38879.99999999956,22.346111845508158,5,27,0.18965131892308174,84.77413955861753,2.9413580246913904,42889.99999999996,71470.00000000006,99.04697986577182,rr_matrix_out/M1_ASIA_ORB60_INCLUDE_NEWS_RR5
M1_LONDON_ORB15_INCLUDE_NEWS_RR1,M1,LONDON,15,INCLUDE_NEWS,1.0,03:00,03:15,09:30,894,437,457,48.88143176733781,-29660.00000000061,0.9034127914549932,-33.17673378076138,40745.000000001004,39.53330422548979,9,10,-0.021399001438863176,-19.13070728634368,-0.7279420787826698,-17250.000000001048,-12409.999999999627,16.162192393736017,rr_matrix_out/M1_LONDON_ORB15_INCLUDE_NEWS_RR1
M1_LONDON_ORB15_INCLUDE_NEWS_RR1p5,M1,LONDON,15,INCLUDE_NEWS,1.5,03:00,03:15,09:30,833,331,502,39.73589435774309,-19942.99999999949,0.9401093125919715,-23.941176470587564,36296.00000000003,34.33187351614157,6,10,-0.013852076176614526,-11.5387794551199,-0.549454485342723,-16376.000000000568,-3566.9999999988704,22.349339735894358,rr_matrix_out/M1_LONDON_ORB15_INCLUDE_NEWS_RR1p5
M1_LONDON_ORB15_INCLUDE_NEWS_RR2,M1,LONDON,15,INCLUDE_NEWS,2.0,03:00,03:15,09:30,796,264,532,33.165829145728644,-27694.999999999403,0.9205183027450548,-34.792713567838426,45085.00000000011,42.57318224740328,5,14,-0.03077361745889986,-24.49579949728429,-0.6142841299766959,-27875.000000000455,180.0000000010641,28.17462311557789,rr_matrix_out/M1_LONDON_ORB15_INCLUDE_NEWS_RR2
M1_LONDON_ORB15_INCLUDE_NEWS_RR2p5,M1,LONDON,15,INCLUDE_NEWS,2.5,03:00,03:15,09:30,771,217,554,28.14526588845655,-36279.999999999796,0.898742656191128,-47.05577172503215,54014.00000000035,51.15543432965899,4,14,-0.05717042390410933,-44.07839683006829,-0.6716777131854623,-33551.00000000079,-2728.999999998996,33.99610894941634,rr_matrix_out/M1_LONDON_ORB15_INCLUDE_NEWS_RR2p5
M1_LONDON_ORB15_INCLUDE_NEWS_RR3,M1,LONDON,15,INCLUDE_NEWS,3.0,03:00,03:15,09:30,754,188,566,24.93368700265252,-39854.99999999997,0.890517265060572,-52.858090185676296,63345.00000000057,58.81342556055939,3,14,-0.0674330886484694,-50.84454884094593,-0.6291735732891248,-25760.000000000855,-14094.999999999072,38.322281167108756,rr_matrix_out/M1_LONDON_ORB15_INCLUDE_NEWS_RR3
M1_LONDON_ORB15_INCLUDE_NEWS_RR3p5,M1,LONDON,15,INCLUDE_NEWS,3.5,03:00,03:15,09:30,741,169,572,22.807017543859647,-35712.99999999997,0.9027158812312724,-48.195681511470816,70209.00000000032,60.07032974554695,3,15,-0.06866638015817642,-50.88178769720872,-0.5086669800168042,-18148.000000001004,-17564.999999998872,42.449392712550605,rr_matrix_out/M1_LONDON_ORB15_INCLUDE_NEWS_RR3p5
M1_LONDON_ORB15_INCLUDE_NEWS_RR4,M1,LONDON,15,INCLUDE_NEWS,4.0,03:00,03:15,09:30,735,154,581,20.952380952380953,-34059.9999999993,0.9084556254367593,-46.34013605442089,71375.00000000026,58.02609650014238,3,23,-0.08342963069825905,-61.32077856322041,-0.47719789842380633,-21790.000000000648,-12269.999999998709,45.36190476190476,rr_matrix_out/M1_LONDON_ORB15_INCLUDE_NEWS_RR4
M1_LONDON_ORB15_INCLUDE_NEWS_RR4p5,M1,LONDON,15,INCLUDE_NEWS,4.5,03:00,03:15,09:30,732,147,585,20.081967213114755,-22103.999999999447,0.9407859840874404,-30.196721311474477,75173.00000000041,55.33040879716208,3,23,-0.07440823686627177,-54.46682938611093,-0.2940417437111639,-16937.000000000397,-5166.999999998916,48.20765027322405,rr_matrix_out/M1_LONDON_ORB15_INCLUDE_NEWS_RR4p5
M1_LONDON_ORB15_INCLUDE_NEWS_RR5,M1,LONDON,15,INCLUDE_NEWS,5.0,03:00,03:15,09:30,728,138,590,18.956043956043956,-22664.999999999913,0.9396244006393191,-31.13324175824127,71875.0000000003,54.5561501385254,3,23,-0.09195970452172063,-66.94666489181262,-0.31533913043478007,-11755.000000000564,-10909.999999999081,51.21978021978022,rr_matrix_out/M1_LONDON_ORB15_INCLUDE_NEWS_RR5
M1_LONDON_ORB30_INCLUDE_NEWS_RR1,M1,LONDON,30,INCLUDE_NEWS,1.0,03:00,03:30,09:30,708,338,370,47.740112994350284,-25020.000000000917,0.9165499299579715,-35.338983050848846,39650.00000000099,37.69369711949901,8,7,-0.041030496133814036,-29.049591262740336,-0.631021437578822,-23680.000000001746,-1339.999999999236,22.336158192090394,rr_matrix_out/M1_LONDON_ORB30_INCLUDE_NEWS_RR1
M1_LONDON_ORB30_INCLUDE_NEWS_RR1p5,M1,LONDON,30,INCLUDE_NEWS,1.5,03:00,03:30,09:30,650,245,405,37.69230769230769,-36307.00000000048,0.8885621767621729,-55.85692307692367,51008.000000000924,48.98962735305502,5,11,-0.06020714861285348,-39.13464659835476,-0.7117903074027568,-21630.00000000102,-14676.999999999362,32.387692307692305,rr_matrix_out/M1_LONDON_ORB30_INCLUDE_NEWS_RR1p5
M1_LONDON_ORB30_INCLUDE_NEWS_RR2,M1,LONDON,30,INCLUDE_NEWS,2.0,03:00,03:30,09:30,610,191,419,31.311475409836063,-38154.99999999981,0.8862182593525881,-62.54918032786873,60865.000000000255,55.91126217159662,4,12,-0.09000884959115438,-54.90539825060417,-0.6268791587940467,-19210.000000000902,-18944.999999999025,40.59344262295082,rr_matrix_out/M1_LONDON_ORB30_INCLUDE_NEWS_RR2
M1_LONDON_ORB30_INCLUDE_NEWS_RR2p5,M1,LONDON,30,INCLUDE_NEWS,2.5,03:00,03:30,09:30,589,162,427,27.504244482173174,-34794.00000000026,0.8978869519281554,-59.07300509337915,65212.000000000604,57.49400479616351,4,16,-0.09440643164787003,-55.60538824059545,-0.5335521069741757,-17536.00000000106,-17257.999999999265,47.59932088285229,rr_matrix_out/M1_LONDON_ORB30_INCLUDE_NEWS_RR2p5
M1_LONDON_ORB30_INCLUDE_NEWS_RR3,M1,LONDON,30,INCLUDE_NEWS,3.0,03:00,03:30,09:30,576,146,430,25.34722222222222,-44045.00000000015,0.8714052144462935,-76.46701388888901,70245.0000000007,65.72016653412597,4,20,-0.09155188204147546,-52.73388405588987,-0.6270197167058112,-28655.000000000928,-15389.999999999145,54.05034722222222,rr_matrix_out/M1_LONDON_ORB30_INCLUDE_NEWS_RR3
M1_LONDON_ORB30_INCLUDE_NEWS_RR3p5,M1,LONDON,30,INCLUDE_NEWS,3.5,03:00,03:30,09:30,573,138,435,24.083769633507853,-39112.99999999988,0.8868274475195678,-68.26003490401366,68901.00000000058,62.33635812577497,4,20,-0.0861195502676065,-49.346502303338525,-0.5676695548685731,-23884.000000001062,-15228.999999998769,57.69808027923211,rr_matrix_out/M1_LONDON_ORB30_INCLUDE_NEWS_RR3p5
M1_LONDON_ORB30_INCLUDE_NEWS_RR4,M1,LONDON,30,INCLUDE_NEWS,4.0,03:00,03:30,09:30,569,133,436,23.374340949033392,-31779.999999999854,0.9080971659919032,-55.85237258347949,66850.00000000102,60.20353025936666,4,20,-0.06718831895132694,-38.23015348330503,-0.47539267015705866,-19330.000000000837,-12449.999999999,62.17223198594024,rr_matrix_out/M1_LONDON_ORB30_INCLUDE_NEWS_RR4
M1_LONDON_ORB30_INCLUDE_NEWS_RR4p5,M1,LONDON,30,INCLUDE_NEWS,4.5,03:00,03:30,09:30,565,127,438,22.477876106194692,-33833.999999999796,0.902287298561775,-59.88318584070743,67497.00000000074,64.18871369610343,4,20,-0.062264401241356265,-35.17938670136629,-0.5012667229654566,-23660.00000000099,-10173.999999998705,64.92035398230088,rr_matrix_out/M1_LONDON_ORB30_INCLUDE_NEWS_RR4p5
M1_LONDON_ORB30_INCLUDE_NEWS_RR5,M1,LONDON,30,INCLUDE_NEWS,5.0,03:00,03:30,09:30,562,121,441,21.530249110320284,-36144.99999999994,0.89593919590033,-64.31494661921681,61565.00000000025,61.14614888017105,4,20,-0.0929693513127845,-52.248775437784886,-0.5871030618045935,-30210.00000000086,-5934.999999998992,67.64768683274022,rr_matrix_out/M1_LONDON_ORB30_INCLUDE_NEWS_RR5
M1_LONDON_ORB60_INCLUDE_NEWS_RR1,M1,LONDON,60,INCLUDE_NEWS,1.0,03:00,04:00,09:30,494,232,261,46.963562753036435,-32955.00000000013,0.881441908153903,-66.71052631578998,51439.99999999997,50.80242950965389,8,8,-0.05814791444863024,-28.72506973762334,-0.6406493001555239,-25460.000000000444,-7494.9999999998,35.76315789473684,rr_matrix_out/M1_LONDON_ORB60_INCLUDE_NEWS_RR1
M1_LONDON_ORB60_INCLUDE_NEWS_RR1p5,M1,LONDON,60,INCLUDE_NEWS,1.5,03:00,04:00,09:30,450,164,285,36.44444444444444,-63237.99999999945,0.792764214320827,-140.5288888888878,82450.00000000001,81.55614465458582,6,10,-0.10724952981335956,-48.2622884160118,-0.766986052152813,-29460.000000000175,-33777.99999999933,50.13333333333333,rr_matrix_out/M1_LONDON_ORB60_INCLUDE_NEWS_RR1p5
M1_LONDON_ORB60_INCLUDE_NEWS_RR2,M1,LONDON,60,INCLUDE_NEWS,2.0,03:00,04:00,09:30,427,136,290,31.85011709601874,-61374.99999999965,0.8016097490019889,-143.73536299765723,78114.99999999994,78.07206036679818,5,12,-0.12371473349366915,-52.82619120179673,-0.7857005696729142,-33025.000000000364,-28349.99999999927,62.20140515222482,rr_matrix_out/M1_LONDON_ORB60_INCLUDE_NEWS_RR2
M1_LONDON_ORB60_INCLUDE_NEWS_RR2p5,M1,LONDON,60,INCLUDE_NEWS,2.5,03:00,04:00,09:30,421,125,295,29.69121140142518,-44186.99999999987,0.8588815789473686,-104.9572446555817,63428.00000000013,62.84480025364629,4,12,-0.10634083307236965,-44.76949072346762,-0.69664816800151,-31875.000000000455,-12311.999999999443,68.70783847980998,rr_matrix_out/M1_LONDON_ORB60_INCLUDE_NEWS_RR2p5
M1_LONDON_ORB60_INCLUDE_NEWS_RR3,M1,LONDON,60,INCLUDE_NEWS,3.0,03:00,04:00,09:30,414,118,295,28.502415458937197,-41579.99999999969,0.8671565495207675,-100.43478260869495,67494.99999999991,66.30157170923368,4,12,-0.08872566030483967,-36.73242336620362,-0.6160456330098487,-32295.000000000484,-9284.999999999218,74.43961352657004,rr_matrix_out/M1_LONDON_ORB60_INCLUDE_NEWS_RR3
M1_LONDON_ORB60_INCLUDE_NEWS_RR3p5,M1,LONDON,60,INCLUDE_NEWS,3.5,03:00,04:00,09:30,410,114,295,27.80487804878049,-50279.99999999971,0.8395609304700217,-122.63414634146301,73715.99999999985,73.71599999999987,4,12,-0.11440257490783842,-46.90505571221375,-0.6820771609962533,-28810.000000000447,-21469.99999999939,79.1390243902439,rr_matrix_out/M1_LONDON_ORB60_INCLUDE_NEWS_RR3p5
M1_LONDON_ORB60_INCLUDE_NEWS_RR4,M1,LONDON,60,INCLUDE_NEWS,4.0,03:00,04:00,09:30,409,112,296,27.383863080684595,-51564.999999999636,0.8356677342766552,-126.07579462102615,75019.99999999991,75.01999999999991,4,12,-0.11234521820690482,-45.949194246624074,-0.6873500399893321,-33660.00000000058,-17904.999999999112,81.6479217603912,rr_matrix_out/M1_LONDON_ORB60_INCLUDE_NEWS_RR4
M1_LONDON_ORB60_INCLUDE_NEWS_RR4p5,M1,LONDON,60,INCLUDE_NEWS,4.5,03:00,04:00,09:30,408,111,296,27.205882352941174,-46623.999999999665,0.8513668170298235,-114.27450980392096,70271.99999999968,70.27199999999968,4,12,-0.10191405994983954,-41.580936459534534,-0.6634790528233134,-31700.00000000059,-14923.999999999163,83.75490196078431,rr_matrix_out/M1_LONDON_ORB60_INCLUDE_NEWS_RR4p5
M1_LONDON_ORB60_INCLUDE_NEWS_RR5,M1,LONDON,60,INCLUDE_NEWS,5.0,03:00,04:00,09:30,408,110,297,26.96078431372549,-42854.99999999975,0.8638962111347546,-105.03676470588184,68499.99999999978,68.49999999999979,4,12,-0.08959830754329529,-36.55610947766448,-0.6256204379562028,-36910.00000000054,-5944.999999999251,84.23774509803921,rr_matrix_out/M1_LONDON_ORB60_INCLUDE_NEWS_RR5
M1_NEW_YORK_ORB15_INCLUDE_NEWS_RR1,M1,NEW_YORK,15,INCLUDE_NEWS,1.0,09:30,09:45,16:55,520,276,244,53.07692307692308,25364.999999999287,1.0891814921594813,48.77884615384555,24870.000000000262,17.598358335692268,7,7,0.05001621797898484,26.008433349072117,1.0199034981905517,-3595.000000000664,28960.000000000357,43.32115384615385,rr_matrix_out/M1_NEW_YORK_ORB15_INCLUDE_NEWS_RR1
M1_NEW_YORK_ORB15_INCLUDE_NEWS_RR1p5,M1,NEW_YORK,15,INCLUDE_NEWS,1.5,09:30,09:45,16:55,478,217,261,45.39748953974895,39373.000000000204,1.129429167830904,82.37029288702958,26896.000000000175,16.37105118996903,7,11,0.06881061924251794,32.89147599792358,1.463897977394406,-6617.000000000826,45990.00000000096,59.1673640167364,rr_matrix_out/M1_NEW_YORK_ORB15_INCLUDE_NEWS_RR1p5
M1_NEW_YORK_ORB15_INCLUDE_NEWS_RR2,M1,NEW_YORK,15,INCLUDE_NEWS,2.0,09:30,09:45,16:55,448,175,273,39.0625,22854.999999999724,1.0727159924277365,51.015624999999325,33395.00000000023,21.74649171360678,7,11,0.039790630139472725,17.826202302483782,0.6843838898038498,-18885.000000000673,41740.00000000037,83.11160714285714,rr_matrix_out/M1_NEW_YORK_ORB15_INCLUDE_NEWS_RR2
M1_NEW_YORK_ORB15_INCLUDE_NEWS_RR2p5,M1,NEW_YORK,15,INCLUDE_NEWS,2.5,09:30,09:45,16:55,428,151,277,35.280373831775705,-7654.99999999984,0.9760990383414523,-17.88551401869078,51159.999999999985,36.46757764329349,5,11,0.016936545646979922,7.248841536907407,-0.14962861610633,-32301.000000000342,24646.000000000684,96.28271028037383,rr_matrix_out/M1_NEW_YORK_ORB15_INCLUDE_NEWS_RR2p5
M1_NEW_YORK_ORB15_INCLUDE_NEWS_RR3,M1,NEW_YORK,15,INCLUDE_NEWS,3.0,09:30,09:45,16:55,423,140,283,33.09692671394799,1124.9999999996653,1.0034754402224277,2.659574468084685,43745.00000000003,31.31016712593499,5,12,0.03552014563376168,15.02502160308119,0.025717224825686696,-20535.000000000447,21660.000000000262,104.60992907801419,rr_matrix_out/M1_NEW_YORK_ORB15_INCLUDE_NEWS_RR3
M1_NEW_YORK_ORB15_INCLUDE_NEWS_RR3p5,M1,NEW_YORK,15,INCLUDE_NEWS,3.5,09:30,09:45,16:55,418,135,283,32.29665071770335,14492.999999999927,1.0446721943100212,34.67224880382804,44428.00000000025,32.10231583510983,5,12,0.06703403685146733,28.020227403913342,0.32621319888358347,-15909.000000000426,30402.00000000054,114.58612440191388,rr_matrix_out/M1_NEW_YORK_ORB15_INCLUDE_NEWS_RR3p5
M1_NEW_YORK_ORB15_INCLUDE_NEWS_RR4,M1,NEW_YORK,15,INCLUDE_NEWS,4.0,09:30,09:45,16:55,417,133,284,31.894484412470025,34990.00000000009,1.1078340729783038,83.90887290167869,47310.00000000025,32.97668420869218,4,12,0.11298194921801828,47.113472823913625,0.7395899387021752,-14000.000000000546,48990.00000000055,119.00239808153478,rr_matrix_out/M1_NEW_YORK_ORB15_INCLUDE_NEWS_RR4
M1_NEW_YORK_ORB15_INCLUDE_NEWS_RR4p5,M1,NEW_YORK,15,INCLUDE_NEWS,4.5,09:30,09:45,16:55,416,132,284,31.73076923076923,52734.00000000035,1.1624934520691468,126.76442307692345,46778.00000000025,31.016808672877538,4,12,0.15235957295913385,63.381582350999686,1.1273248108085012,-2836.0000000004675,55570.00000000062,123.6201923076923,rr_matrix_out/M1_NEW_YORK_ORB15_INCLUDE_NEWS_RR4p5
M1_NEW_YORK_ORB15_INCLUDE_NEWS_RR5,M1,NEW_YORK,15,INCLUDE_NEWS,5.0,09:30,09:45,16:55,412,124,288,30.097087378640776,41200.000000000175,1.126080636523603,100.00000000000055,48265.00000000025,30.957955165004453,4,12,0.08451936683430987,34.82197913573567,0.8536206360716868,-17005.00000000034,58205.00000000057,129.12135922330097,rr_matrix_out/M1_NEW_YORK_ORB15_INCLUDE_NEWS_RR5
M1_NEW_YORK_ORB30_INCLUDE_NEWS_RR1,M1,NEW_YORK,30,INCLUDE_NEWS,1.0,09:30,10:00,16:55,401,208,191,51.87032418952619,-11419.999999999622,0.9615462320695005,-28.47880299251798,61019.99999999933,42.23714265937522,7,6,0.02103268286667764,8.434105829537733,-0.1871517535234308,-37705.00000000025,26285.00000000054,78.01496259351622,rr_matrix_out/M1_NEW_YORK_ORB30_INCLUDE_NEWS_RR1
M1_NEW_YORK_ORB30_INCLUDE_NEWS_RR1p5,M1,NEW_YORK,30,INCLUDE_NEWS,1.5,09:30,10:00,16:55,367,163,202,44.4141689373297,-23255.999999999724,0.9254388355428746,-63.36784741144327,70448.99999999955,49.84540276647652,5,8,0.018147836830502685,6.660256116794486,-0.3301111442319958,-49978.000000000655,26722.000000000982,99.15803814713897,rr_matrix_out/M1_NEW_YORK_ORB30_INCLUDE_NEWS_RR1p5
M1_NEW_YORK_ORB30_INCLUDE_NEWS_RR2,M1,NEW_YORK,30,INCLUDE_NEWS,2.0,09:30,10:00,16:55,347,135,210,38.90489913544668,-45589.999999999534,0.8585259891388688,-131.383285302592,72274.99999999946,58.69812393405305,5,10,-0.024448437993422358,-8.483607983717558,-0.630785195434104,-63145.00000000025,17555.000000000837,116.64841498559078,rr_matrix_out/M1_NEW_YORK_ORB30_INCLUDE_NEWS_RR2
M1_NEW_YORK_ORB30_INCLUDE_NEWS_RR2p5,M1,NEW_YORK,30,INCLUDE_NEWS,2.5,09:30,10:00,16:55,341,128,211,37.5366568914956,-34832.99999999944,0.8925305442428746,-102.1495601173003,76943.99999999936,56.72830222064894,5,10,0.015968827119386974,5.445370047710958,-0.45270586400498714,-56274.00000000038,21441.000000000986,128.56598240469208,rr_matrix_out/M1_NEW_YORK_ORB30_INCLUDE_NEWS_RR2p5
M1_NEW_YORK_ORB30_INCLUDE_NEWS_RR3,M1,NEW_YORK,30,INCLUDE_NEWS,3.0,09:30,10:00,16:55,339,123,215,36.283185840707965,-12859.999999999243,0.9605950575293799,-37.93510324483546,72074.99999999924,48.92743194623527,4,10,0.04370354197498083,14.8155007295185,-0.17842525147415023,-45365.000000000146,32505.000000000924,137.81710914454277,rr_matrix_out/M1_NEW_YORK_ORB30_INCLUDE_NEWS_RR3
M1_NEW_YORK_ORB30_INCLUDE_NEWS_RR3p5,M1,NEW_YORK,30,INCLUDE_NEWS,3.5,09:30,10:00,16:55,335,119,215,35.52238805970149,-3927.999999999389,0.9879846443265092,-11.72537313432624,69048.99999999978,47.98334977971111,4,10,0.055436879991288775,18.57135479708174,-0.05688713811929791,-44336.000000000146,40408.00000000086,144.6776119402985,rr_matrix_out/M1_NEW_YORK_ORB30_INCLUDE_NEWS_RR3p5
M1_NEW_YORK_ORB30_INCLUDE_NEWS_RR4,M1,NEW_YORK,30,INCLUDE_NEWS,4.0,09:30,10:00,16:55,334,118,215,35.32934131736527,18715.000000000175,1.0572472966979194,56.032934131737235,66890.00000000003,43.70038872374488,4,10,0.09389211399328157,31.35996607375604,0.27978771116759105,-37145.00000000044,55860.00000000068,148.70958083832335,rr_matrix_out/M1_NEW_YORK_ORB30_INCLUDE_NEWS_RR4
M1_NEW_YORK_ORB30_INCLUDE_NEWS_RR4p5,M1,NEW_YORK,30,INCLUDE_NEWS,4.5,09:30,10:00,16:55,333,116,216,34.83483483483483,22432.00000000035,1.0684664336838265,67.36336336336464,65737.00000000006,42.68303768537527,4,10,0.08632612304486242,28.746598973939186,0.34123857188494044,-27983.000000000266,50415.00000000069,155.34834834834834,rr_matrix_out/M1_NEW_YORK_ORB30_INCLUDE_NEWS_RR4p5
M1_NEW_YORK_ORB30_INCLUDE_NEWS_RR5,M1,NEW_YORK,30,INCLUDE_NEWS,5.0,09:30,10:00,16:55,332,115,216,34.63855421686747,33035.00000000061,1.1008286660460598,99.50301204819483,64584.99999999991,39.93507497294783,4,10,0.1040742665810727,34.552656504916136,0.5114964775102679,-24035.000000000036,57070.00000000071,158.63855421686748,rr_matrix_out/M1_NEW_YORK_ORB30_INCLUDE_NEWS_RR5
M1_NEW_YORK_ORB60_INCLUDE_NEWS_RR1,M1,NEW_YORK,60,INCLUDE_NEWS,1.0,09:30,10:30,16:55,242,124,118,51.2396694214876,-5919.999999999927,0.9714051103704783,-24.462809917355102,43240.00000000012,38.52973936288714,7,6,0.01657826700747384,4.01194061580867,-0.1369102682701182,-25435.000000000266,19515.000000000327,115.4297520661157,rr_matrix_out/M1_NEW_YORK_ORB60_INCLUDE_NEWS_RR1
M1_NEW_YORK_ORB60_INCLUDE_NEWS_RR1p5,M1,NEW_YORK,60,INCLUDE_NEWS,1.5,09:30,10:30,16:55,228,105,123,46.05263157894737,-4347.000000000189,0.9796778943923696,-19.06578947368492,44102.00000000007,39.43735021640381,5,6,0.023915566210054372,5.452749095892397,-0.0985669584145885,-34218.00000000008,29870.999999999913,143.90350877192984,rr_matrix_out/M1_NEW_YORK_ORB60_INCLUDE_NEWS_RR1p5
M1_NEW_YORK_ORB60_INCLUDE_NEWS_RR2,M1,NEW_YORK,60,INCLUDE_NEWS,2.0,09:30,10:30,16:55,221,93,128,42.081447963800905,-3575.000000000029,0.9836470507513205,-16.176470588235706,47664.999999999985,40.100113574222824,5,8,0.016950164631504318,3.745986383562454,-0.07500262246931774,-29365.000000000193,25790.000000000102,158.6787330316742,rr_matrix_out/M1_NEW_YORK_ORB60_INCLUDE_NEWS_RR2
M1_NEW_YORK_ORB60_INCLUDE_NEWS_RR2p5,M1,NEW_YORK,60,INCLUDE_NEWS,2.5,09:30,10:30,16:55,217,89,128,41.013824884792626,6666.999999999913,1.0304965350044595,30.72350230414708,49195.000000000204,38.785695138680964,5,8,0.02725354967685259,5.914020279877012,0.135521902632379,-21743.000000000255,28410.000000000175,169.65437788018434,rr_matrix_out/M1_NEW_YORK_ORB60_INCLUDE_NEWS_RR2p5
M1_NEW_YORK_ORB60_INCLUDE_NEWS_RR3,M1,NEW_YORK,60,INCLUDE_NEWS,3.0,09:30,10:30,16:55,215,88,127,40.93023255813954,11900.00000000003,1.0544335933032956,55.34883720930211,45580.0000000001,33.78298250815301,5,8,0.03701367717591374,7.957940592821453,0.2610794207985959,-25245.00000000012,37145.00000000008,181.94418604651162,rr_matrix_out/M1_NEW_YORK_ORB60_INCLUDE_NEWS_RR3
M1_NEW_YORK_ORB60_INCLUDE_NEWS_RR3p5,M1,NEW_YORK,60,INCLUDE_NEWS,3.5,09:30,10:30,16:55,215,88,127,40.93023255813954,20384.999999999913,1.0932461176040067,94.81395348837162,45084.0000000001,31.810676940011074,5,8,0.054483796903553525,11.714016334264008,0.45215597551237396,-23254.000000000222,43639.000000000124,185.6325581395349,rr_matrix_out/M1_NEW_YORK_ORB60_INCLUDE_NEWS_RR3p5
M1_NEW_YORK_ORB60_INCLUDE_NEWS_RR4,M1,NEW_YORK,60,INCLUDE_NEWS,4.0,09:30,10:30,16:55,215,88,127,40.93023255813954,11234.999999999942,1.0513917160304644,52.255813953488115,42895.00000000003,34.34484967372593,5,8,0.07291554672986444,15.676842546920856,0.26191863853595837,-19325.000000000135,30560.00000000009,190.646511627907,rr_matrix_out/M1_NEW_YORK_ORB60_INCLUDE_NEWS_RR4
M1_NEW_YORK_ORB60_INCLUDE_NEWS_RR4p5,M1,NEW_YORK,60,INCLUDE_NEWS,4.5,09:30,10:30,16:55,215,87,128,40.46511627906977,12215.999999999884,1.0557083247828165,56.8186046511623,41742.00000000006,33.02686963952276,5,8,0.06340261587819239,13.631562413811363,0.2926548799769984,-18455.000000000156,30671.000000000047,193.5906976744186,rr_matrix_out/M1_NEW_YORK_ORB60_INCLUDE_NEWS_RR4p5
M1_NEW_YORK_ORB60_INCLUDE_NEWS_RR5,M1,NEW_YORK,60,INCLUDE_NEWS,5.0,09:30,10:30,16:55,215,87,128,40.46511627906977,18010.000000000116,1.082130560685866,83.76744186046571,40590.0,31.73076923076919,5,8,0.08052183472295917,17.31219446543622,0.4437053461443734,-16945.00000000012,34955.00000000024,194.1906976744186,rr_matrix_out/M1_NEW_YORK_ORB60_INCLUDE_NEWS_RR5
M1_ASIA_ORB15_SKIP_NEWS_RR1,M1,ASIA,15,SKIP_NEWS,1.0,19:00,19:15,03:00,660,349,311,52.87878787878788,36754.999999998574,1.2050087848955497,55.68939393939204,10624.999999999927,8.54683666492372,9,6,0.058271128598491255,38.45894487500423,3.4592941176469485,10579.999999998336,26175.000000000407,12.392424242424243,rr_matrix_out/M1_ASIA_ORB15_SKIP_NEWS_RR1
M1_ASIA_ORB15_SKIP_NEWS_RR1p5,M1,ASIA,15,SKIP_NEWS,1.5,19:00,19:15,03:00,612,268,344,43.790849673202615,56678.99999999831,1.2860553144241373,92.61274509803705,18780.00000000022,12.61333870642774,5,16,0.09342349181513644,57.175176990863505,3.0180511182107375,28460.999999998512,28218.000000000164,18.356209150326798,rr_matrix_out/M1_ASIA_ORB15_SKIP_NEWS_RR1p5
M1_ASIA_ORB15_SKIP_NEWS_RR2,M1,ASIA,15,SKIP_NEWS,2.0,19:00,19:15,03:00,584,218,366,37.32876712328767,73429.99999999854,1.3488858269587038,125.73630136986087,20545.00000000006,12.361612515042196,5,18,0.10860611100739455,63.42596882831842,3.5741056218057112,37624.99999999878,35804.99999999997,23.659246575342465,rr_matrix_out/M1_ASIA_ORB15_SKIP_NEWS_RR2
M1_ASIA_ORB15_SKIP_NEWS_RR2p5,M1,ASIA,15,SKIP_NEWS,2.5,19:00,19:15,03:00,559,176,383,31.48479427549195,48870.99999999767,1.2225303371809646,87.4257602862214,25945.000000000582,17.123378080492486,4,21,0.07859276353732067,43.93335481736226,1.8836384659856071,16804.999999997926,32065.99999999985,30.413237924865832,rr_matrix_out/M1_ASIA_ORB15_SKIP_NEWS_RR2p5
M1_ASIA_ORB15_SKIP_NEWS_RR3,M1,ASIA,15,SKIP_NEWS,3.0,19:00,19:15,03:00,550,155,395,28.18181818181818,44524.99999999828,1.1977570508549784,80.95454545454281,22615.00000000006,15.89694924785615,4,22,0.0846791589745373,46.57353743599552,1.9688260004421034,23199.99999999859,21324.999999999956,35.71636363636364,rr_matrix_out/M1_ASIA_ORB15_SKIP_NEWS_RR3
M1_ASIA_ORB15_SKIP_NEWS_RR3p5,M1,ASIA,15,SKIP_NEWS,3.5,19:00,19:15,03:00,543,133,410,24.49355432780847,49095.99999999901,1.212707146415956,90.41620626150855,22615.00000000006,14.368035171984456,4,22,0.039878374469871844,21.65395733714041,2.170948485518412,30314.99999999882,18781.000000000313,39.78453038674033,rr_matrix_out/M1_ASIA_ORB15_SKIP_NEWS_RR3p5
M1_ASIA_ORB15_SKIP_NEWS_RR4,M1,ASIA,15,SKIP_NEWS,4.0,19:00,19:15,03:00,540,123,417,22.77777777777778,59164.99999999895,1.253367021390484,109.56481481481323,22615.000000000087,13.372161778618812,3,22,0.04547789278671779,24.558062104827606,2.616183948706554,40874.999999998494,18290.000000000648,43.92777777777778,rr_matrix_out/M1_ASIA_ORB15_SKIP_NEWS_RR4
M1_ASIA_ORB15_SKIP_NEWS_RR4p5,M1,ASIA,15,SKIP_NEWS,4.5,19:00,19:15,03:00,536,116,420,21.641791044776117,58890.99999999904,1.251456020495299,109.87126865671506,22615.00000000006,13.821237585943525,3,22,0.05248464082904896,28.131767484370243,2.6040680963961482,37723.99999999907,21167.00000000019,48.735074626865675,rr_matrix_out/M1_ASIA_ORB15_SKIP_NEWS_RR4p5
M1_ASIA_ORB15_SKIP_NEWS_RR5,M1,ASIA,15,SKIP_NEWS,5.0,19:00,19:15,03:00,536,114,422,21.26865671641791,79394.9999999989,1.338297328390638,148.12499999999852,22615.000000000087,12.976245122790978,3,22,0.1058504167704204,56.735823388945335,3.510722971479044,45744.99999999888,33650.00000000032,51.16977611940298,rr_matrix_out/M1_ASIA_ORB15_SKIP_NEWS_RR5
M1_ASIA_ORB30_SKIP_NEWS_RR1,M1,ASIA,30,SKIP_NEWS,1.0,19:00,19:30,03:00,525,294,231,56.00000000000001,63564.9999999984,1.405686568593027,121.07619047618762,12990.000000000262,8.809467295107204,8,6,0.12445408985877854,65.33839717585873,4.893379522709555,28729.99999999888,34834.99999999963,18.596190476190475,rr_matrix_out/M1_ASIA_ORB30_SKIP_NEWS_RR1
M1_ASIA_ORB30_SKIP_NEWS_RR1p5,M1,ASIA,30,SKIP_NEWS,1.5,19:00,19:30,03:00,484,226,258,46.69421487603306,97664.99999999872,1.5756513026052026,201.78719008264218,16980.00000000029,9.454606197277416,6,14,0.1723813442909087,83.43257063679981,5.751766784452123,44882.99999999945,52781.999999999374,26.673553719008265,rr_matrix_out/M1_ASIA_ORB30_SKIP_NEWS_RR1p5
M1_ASIA_ORB30_SKIP_NEWS_RR2,M1,ASIA,30,SKIP_NEWS,2.0,19:00,19:30,03:00,458,182,276,39.737991266375545,115084.99999999904,1.6345491136658044,251.27729257641698,16710.000000000204,8.632982021078867,5,14,0.18905549390899454,86.5874162103195,6.887193297426549,60919.99999999911,54164.99999999987,34.75545851528384,rr_matrix_out/M1_ASIA_ORB30_SKIP_NEWS_RR2
M1_ASIA_ORB30_SKIP_NEWS_RR2p5,M1,ASIA,30,SKIP_NEWS,2.5,19:00,19:30,03:00,434,144,290,33.17972350230415,70486.99999999854,1.3733223875853948,162.41244239631007,17950.000000000262,11.812319031324257,4,16,0.13936742612207276,60.48546293697957,3.926852367687884,43693.99999999914,26792.99999999944,45.54147465437788,rr_matrix_out/M1_ASIA_ORB30_SKIP_NEWS_RR2p5
M1_ASIA_ORB30_SKIP_NEWS_RR3,M1,ASIA,30,SKIP_NEWS,3.0,19:00,19:30,03:00,428,135,293,31.542056074766357,95079.99999999939,1.4990159288319693,222.14953271027926,17950.000000000233,10.962501526810959,4,16,0.20921386871549855,89.54353581023338,5.296935933147529,52529.99999999975,42549.999999999774,52.33644859813084,rr_matrix_out/M1_ASIA_ORB30_SKIP_NEWS_RR3
M1_ASIA_ORB30_SKIP_NEWS_RR3p5,M1,ASIA,30,SKIP_NEWS,3.5,19:00,19:30,03:00,422,117,305,27.72511848341232,97416.99999999956,1.496329130047123,230.84597156397953,17950.000000000233,9.815018345062294,4,16,0.15986783598950335,67.46422678757041,5.427130919219961,57586.99999999949,39829.99999999988,59.43838862559242,rr_matrix_out/M1_ASIA_ORB30_SKIP_NEWS_RR3p5
M1_ASIA_ORB30_SKIP_NEWS_RR4,M1,ASIA,30,SKIP_NEWS,4.0,19:00,19:30,03:00,419,109,310,26.014319809069214,105264.99999999953,1.531574296174721,251.2291169451061,17950.000000000262,9.303410386648867,4,16,0.16483307907847652,69.06506013388166,5.86434540389961,59159.99999999918,46105.00000000029,65.72076372315036,rr_matrix_out/M1_ASIA_ORB30_SKIP_NEWS_RR4
M1_ASIA_ORB30_SKIP_NEWS_RR4p5,M1,ASIA,30,SKIP_NEWS,4.5,19:00,19:30,03:00,416,104,312,25.0,119716.99999999933,1.603610053697023,287.78124999999847,17950.000000000262,8.989563092209522,4,16,0.18258939166850008,75.95718693409603,6.669470752089002,64009.99999999954,55706.99999999984,70.61778846153847,rr_matrix_out/M1_ASIA_ORB30_SKIP_NEWS_RR4p5
M1_ASIA_ORB30_SKIP_NEWS_RR5,M1,ASIA,30,SKIP_NEWS,5.0,19:00,19:30,03:00,414,101,313,24.396135265700483,111724.99999999945,1.562152506981303,269.86714975845257,17950.000000000233,9.307752138968251,4,16,0.20060927169646942,83.05223848233834,6.224233983286797,69209.9999999994,42514.99999999997,75.92995169082126,rr_matrix_out/M1_ASIA_ORB30_SKIP_NEWS_RR5
M1_ASIA_ORB60_SKIP_NEWS_RR1,M1,ASIA,60,SKIP_NEWS,1.0,19:00,20:00,03:00,356,194,162,54.49438202247191,43900.00000000061,1.2710964275789707,123.31460674157469,17065.0,12.168859414554174,10,8,0.10163231948834253,36.18110573784994,2.5725168473484095,27190.000000000553,16710.000000000036,30.519662921348313,rr_matrix_out/M1_ASIA_ORB60_SKIP_NEWS_RR1
M1_ASIA_ORB60_SKIP_NEWS_RR1p5,M1,ASIA,60,SKIP_NEWS,1.5,19:00,20:00,03:00,324,144,180,44.44444444444444,51181.00000000058,1.2899116347569997,157.9660493827183,21840.99999999994,14.460120627900643,9,10,0.10967731490925174,35.535450030597566,2.3433450849320416,23598.000000000546,27583.000000000175,48.2962962962963,rr_matrix_out/M1_ASIA_ORB60_SKIP_NEWS_RR1p5
M1_ASIA_ORB60_SKIP_NEWS_RR2,M1,ASIA,60,SKIP_NEWS,2.0,19:00,20:00,03:00,314,124,190,39.490445859872615,77054.99999999942,1.4212382123821217,245.39808917197328,22450.000000000175,13.05422299752885,9,12,0.1466169243561251,46.03771424782328,3.4322939866369184,31059.999999999764,45994.99999999984,60.44904458598726,rr_matrix_out/M1_ASIA_ORB60_SKIP_NEWS_RR2
M1_ASIA_ORB60_SKIP_NEWS_RR2p5,M1,ASIA,60,SKIP_NEWS,2.5,19:00,20:00,03:00,303,107,196,35.31353135313531,54439.999999999854,1.2917626882469593,179.66996699669997,23508.999999999884,15.09289813946916,8,12,0.12333276549720293,37.36982794565249,2.3157088774511942,17690.000000000055,36750.000000000044,76.25082508250826,rr_matrix_out/M1_ASIA_ORB60_SKIP_NEWS_RR2p5
M1_ASIA_ORB60_SKIP_NEWS_RR3,M1,ASIA,60,SKIP_NEWS,3.0,19:00,20:00,03:00,297,101,196,34.00673400673401,77160.00000000012,1.4142151599742339,259.7979797979807,20904.999999999738,12.75550674232703,8,12,0.1859224091272579,55.218955510795595,3.6909830184166985,29045.000000000116,48115.000000000146,84.16161616161617,rr_matrix_out/M1_ASIA_ORB60_SKIP_NEWS_RR3
M1_ASIA_ORB60_SKIP_NEWS_RR3p5,M1,ASIA,60,SKIP_NEWS,3.5,19:00,20:00,03:00,297,97,200,32.659932659932664,88450.00000000012,1.4685968583613702,297.811447811449,22680.999999999738,13.11684931902945,8,12,0.21015269356657418,62.41534998927253,3.899739870376136,27137.00000000017,61313.0000000002,91.62289562289563,rr_matrix_out/M1_ASIA_ORB60_SKIP_NEWS_RR3p5
M1_ASIA_ORB60_SKIP_NEWS_RR4,M1,ASIA,60,SKIP_NEWS,4.0,19:00,20:00,03:00,297,92,205,30.976430976430976,101885.00000000041,1.5330246671375176,343.04713804714,26674.999999999796,14.621646065721952,8,12,0.21213049643912052,63.0027574424188,3.8194939081537465,30890.000000000284,70995.0000000003,98.83838383838383,rr_matrix_out/M1_ASIA_ORB60_SKIP_NEWS_RR4
M1_ASIA_ORB60_SKIP_NEWS_RR4p5,M1,ASIA,60,SKIP_NEWS,4.5,19:00,20:00,03:00,294,88,206,29.931972789115648,102318.00000000017,1.5348003345180872,348.0204081632662,30214.99999999971,16.29587681687013,8,15,0.17376800219319663,51.08779264479981,3.3863312924044733,28370.000000000255,73948.0,105.88775510204081,rr_matrix_out/M1_ASIA_ORB60_SKIP_NEWS_RR4p5
M1_ASIA_ORB60_SKIP_NEWS_RR5,M1,ASIA,60,SKIP_NEWS,5.0,19:00,20:00,03:00,293,87,206,29.692832764505116,92469.99999999991,1.4837562123986405,315.59726962457336,30214.999999999738,17.62784049473458,8,15,0.18385310267771168,53.868959084569525,3.0604004633460438,30460.000000000036,62009.99999999995,109.1740614334471,rr_matrix_out/M1_ASIA_ORB60_SKIP_NEWS_RR5
M1_LONDON_ORB15_SKIP_NEWS_RR1,M1,LONDON,15,SKIP_NEWS,1.0,03:00,03:15,09:30,627,312,315,49.760765550239235,-21935.000000000713,0.897843703427717,-34.98405103668362,32304.999999999753,31.402187120291348,6,8,-0.005537317302344151,-3.471897948569783,-0.6789970592787767,-14070.000000000118,-7865.000000000509,15.007974481658692,rr_matrix_out/M1_LONDON_ORB15_SKIP_NEWS_RR1
M1_LONDON_ORB15_SKIP_NEWS_RR1p5,M1,LONDON,15,SKIP_NEWS,1.5,03:00,03:15,09:30,581,229,352,39.41480206540447,-22352.999999998952,0.9047349130583063,-38.473321858862185,33286.99999999926,31.948363566560328,5,10,-0.020149801319224434,-11.707034566469396,-0.6715234175503786,-17758.99999999933,-4593.999999999596,21.352839931153184,rr_matrix_out/M1_LONDON_ORB15_SKIP_NEWS_RR1p5
M1_LONDON_ORB15_SKIP_NEWS_RR2,M1,LONDON,15,SKIP_NEWS,2.0,03:00,03:15,09:30,553,179,374,32.368896925858955,-40214.999999998756,0.8363281170509397,-72.72151898733948,52094.99999999917,49.63319359756012,5,14,-0.05509813708079302,-30.469269805678543,-0.7719550820616066,-32699.99999999918,-7514.999999999554,27.417721518987342,rr_matrix_out/M1_LONDON_ORB15_SKIP_NEWS_RR2
M1_LONDON_ORB15_SKIP_NEWS_RR2p5,M1,LONDON,15,SKIP_NEWS,2.5,03:00,03:15,09:30,536,145,391,27.05223880597015,-50195.999999999025,0.8017026487842486,-93.64925373134159,62311.9999999993,60.014639596254625,4,14,-0.10152760015976849,-54.41879368563591,-0.8055591218384835,-37419.999999999665,-12775.99999999943,33.25373134328358,rr_matrix_out/M1_LONDON_ORB15_SKIP_NEWS_RR2p5
M1_LONDON_ORB15_SKIP_NEWS_RR3,M1,LONDON,15,SKIP_NEWS,3.0,03:00,03:15,09:30,523,126,397,24.091778202676863,-54684.99999999939,0.7865326437005974,-104.56022944550537,69439.99999999965,66.33233032430589,4,17,-0.1094645960896073,-57.24998375486462,-0.7875144009216541,-31414.999999999873,-23269.999999999436,37.35372848948375,rr_matrix_out/M1_LONDON_ORB15_SKIP_NEWS_RR3
M1_LONDON_ORB15_SKIP_NEWS_RR3p5,M1,LONDON,15,SKIP_NEWS,3.5,03:00,03:15,09:30,515,115,400,22.330097087378643,-52123.99999999936,0.7979063275434265,-101.21165048543561,64559.99999999974,62.91661793942198,4,20,-0.09772685663873357,-50.32933116894779,-0.8073729863692622,-26666.999999999916,-25456.999999999425,40.96116504854369,rr_matrix_out/M1_LONDON_ORB15_SKIP_NEWS_RR3p5
M1_LONDON_ORB15_SKIP_NEWS_RR4,M1,LONDON,15,SKIP_NEWS,4.0,03:00,03:15,09:30,510,104,406,20.392156862745097,-54949.999999999054,0.7898902611555111,-107.74509803921381,65664.9999999994,64.15103556076531,4,23,-0.11769145496648475,-60.02264203290722,-0.8368232696261259,-32784.99999999958,-22164.99999999946,43.713725490196076,rr_matrix_out/M1_LONDON_ORB15_SKIP_NEWS_RR4
M1_LONDON_ORB15_SKIP_NEWS_RR4p5,M1,LONDON,15,SKIP_NEWS,4.5,03:00,03:15,09:30,508,99,409,19.488188976377952,-49371.999999998894,0.8119913939186265,-97.18897637795064,61513.99999999945,59.99785422376488,4,23,-0.11395494043306378,-57.8891097399964,-0.8026140390805238,-31382.999999999447,-17988.999999999487,46.49212598425197,rr_matrix_out/M1_LONDON_ORB15_SKIP_NEWS_RR4p5
M1_LONDON_ORB15_SKIP_NEWS_RR5,M1,LONDON,15,SKIP_NEWS,5.0,03:00,03:15,09:30,504,91,413,18.055555555555554,-55044.999999999156,0.7913104467992368,-109.21626984126809,65279.99999999943,64.83587426130943,4,23,-0.1545676757384468,-77.90210857217718,-0.8432138480392101,-29314.999999999418,-25729.9999999997,49.77579365079365,rr_matrix_out/M1_LONDON_ORB15_SKIP_NEWS_RR5
M1_LONDON_ORB30_SKIP_NEWS_RR1,M1,LONDON,30,SKIP_NEWS,1.0,03:00,03:30,09:30,500,234,266,46.800000000000004,-35700.00000000074,0.8378525684698162,-71.40000000000146,45585.000000000626,44.1330235259954,6,10,-0.06082899174636961,-30.414495873184805,-0.7831523527476199,-28980.000000000975,-6719.999999999754,21.264,rr_matrix_out/M1_LONDON_ORB30_SKIP_NEWS_RR1
M1_LONDON_ORB30_SKIP_NEWS_RR1p5,M1,LONDON,30,SKIP_NEWS,1.5,03:00,03:30,09:30,460,169,291,36.73913043478261,-46397.0,0.8041163556531289,-100.86304347826093,57000.999999999556,55.494328968504625,4,13,-0.07846129930476738,-36.092197680192996,-0.8139681759969186,-28120.00000000021,-18276.999999999818,31.180434782608696,rr_matrix_out/M1_LONDON_ORB30_SKIP_NEWS_RR1p5
M1_LONDON_ORB30_SKIP_NEWS_RR2,M1,LONDON,30,SKIP_NEWS,2.0,03:00,03:30,09:30,428,125,303,29.205607476635514,-63244.999999999505,0.741186340105991,-147.76869158878404,75374.99999999958,72.74174869716225,4,15,-0.1503898270845655,-64.36684599219403,-0.8390713101160844,-37345.00000000016,-25899.99999999941,40.0677570093458,rr_matrix_out/M1_LONDON_ORB30_SKIP_NEWS_RR2
M1_LONDON_ORB30_SKIP_NEWS_RR2p5,M1,LONDON,30,SKIP_NEWS,2.5,03:00,03:30,09:30,417,110,307,26.378896882494008,-57193.99999999979,0.768726243429034,-137.15587529975997,70103.99999999985,67.85593294164319,3,16,-0.13584223890299804,-56.64621362255018,-0.8158450302407838,-32281.000000000313,-24912.9999999996,45.90407673860911,rr_matrix_out/M1_LONDON_ORB30_SKIP_NEWS_RR2p5
M1_LONDON_ORB30_SKIP_NEWS_RR3,M1,LONDON,30,SKIP_NEWS,3.0,03:00,03:30,09:30,406,97,309,23.891625615763548,-63044.99999999985,0.7459092374657433,-155.2832512315266,77394.99999999994,74.43616253907183,3,20,-0.1474575329224384,-59.86775836650999,-0.8145875056528186,-33665.00000000033,-29379.999999999472,52.100985221674875,rr_matrix_out/M1_LONDON_ORB30_SKIP_NEWS_RR3
M1_LONDON_ORB30_SKIP_NEWS_RR3p5,M1,LONDON,30,SKIP_NEWS,3.5,03:00,03:30,09:30,404,93,311,23.01980198019802,-58803.99999999971,0.7639483772554853,-145.55445544554397,70895.99999999999,69.70611658981186,3,20,-0.13207459936145485,-53.358138142027755,-0.8294403069284546,-31122.00000000048,-27681.999999999287,55.73762376237624,rr_matrix_out/M1_LONDON_ORB30_SKIP_NEWS_RR3p5
M1_LONDON_ORB30_SKIP_NEWS_RR4,M1,LONDON,30,SKIP_NEWS,4.0,03:00,03:30,09:30,401,89,312,22.194513715710723,-48544.99999999959,0.8052318000361105,-121.0598503740639,63340.00000000016,61.87964048456441,3,20,-0.11235807396493254,-45.05558765993795,-0.7664193242816462,-30000.000000000226,-18544.99999999939,59.246882793017456,rr_matrix_out/M1_LONDON_ORB30_SKIP_NEWS_RR4
M1_LONDON_ORB30_SKIP_NEWS_RR4p5,M1,LONDON,30,SKIP_NEWS,4.5,03:00,03:30,09:30,398,85,313,21.35678391959799,-50833.99999999945,0.7961135064674639,-127.72361809045093,68777.99999999997,67.08281720912535,3,20,-0.10357196957682067,-41.22164389157463,-0.7391026200238371,-36770.00000000035,-14063.999999999123,61.88944723618091,rr_matrix_out/M1_LONDON_ORB30_SKIP_NEWS_RR4p5
M1_LONDON_ORB30_SKIP_NEWS_RR5,M1,LONDON,30,SKIP_NEWS,5.0,03:00,03:30,09:30,396,80,316,20.2020202020202,-50949.99999999959,0.7964727265464295,-128.66161616161503,67385.00000000001,66.92655311118834,3,20,-0.12825206389452729,-50.78781730223281,-0.7561029902797296,-39050.00000000018,-11899.999999999363,65.03787878787878,rr_matrix_out/M1_LONDON_ORB30_SKIP_NEWS_RR5
M1_LONDON_ORB60_SKIP_NEWS_RR1,M1,LONDON,60,SKIP_NEWS,1.0,03:00,04:00,09:30,340,158,181,46.470588235294116,-35769.99999999979,0.8148406967414661,-105.2058823529407,50249.99999999961,50.11469033609216,9,9,-0.0694436340828384,-23.61083558816506,-0.7118407960199019,-16185.000000000082,-19584.999999999764,34.15,rr_matrix_out/M1_LONDON_ORB60_SKIP_NEWS_RR1
M1_LONDON_ORB60_SKIP_NEWS_RR1p5,M1,LONDON,60,SKIP_NEWS,1.5,03:00,04:00,09:30,312,114,197,36.53846153846153,-42787.9999999992,0.7919731628461032,-137.1410256410229,56567.99999999969,56.567999999999685,5,9,-0.1052182127119469,-32.82808236612743,-0.7563993777400551,-25357.999999999673,-17429.999999999472,47.125,rr_matrix_out/M1_LONDON_ORB60_SKIP_NEWS_RR1p5
M1_LONDON_ORB60_SKIP_NEWS_RR2,M1,LONDON,60,SKIP_NEWS,2.0,03:00,04:00,09:30,292,92,199,31.506849315068493,-46089.999999999534,0.778114769882536,-157.8424657534231,56649.999999999796,56.6499999999998,5,12,-0.13953448898207682,-40.74407078276643,-0.8135922330097034,-35659.9999999999,-10429.999999999654,61.25684931506849,rr_matrix_out/M1_LONDON_ORB60_SKIP_NEWS_RR2
M1_LONDON_ORB60_SKIP_NEWS_RR2p5,M1,LONDON,60,SKIP_NEWS,2.5,03:00,04:00,09:30,288,84,203,29.166666666666668,-38150.999999999694,0.8192238438210772,-132.46874999999912,50281.99999999988,50.28199999999988,3,12,-0.1341752549016739,-38.64247341168208,-0.758740702438244,-39910.00000000004,1759.0000000002874,67.41319444444444,rr_matrix_out/M1_LONDON_ORB60_SKIP_NEWS_RR2p5
M1_LONDON_ORB60_SKIP_NEWS_RR3,M1,LONDON,60,SKIP_NEWS,3.0,03:00,04:00,09:30,282,78,203,27.659574468085108,-34014.99999999959,0.8387303242935727,-120.62056737588495,47479.999999999825,47.479999999999826,3,12,-0.1345310754251739,-37.93776326989904,-0.7164069081718559,-36470.00000000007,2455.0000000005202,73.81205673758865,rr_matrix_out/M1_LONDON_ORB60_SKIP_NEWS_RR3
M1_LONDON_ORB60_SKIP_NEWS_RR3p5,M1,LONDON,60,SKIP_NEWS,3.5,03:00,04:00,09:30,280,76,203,27.142857142857142,-32718.999999999534,0.8448233341237866,-116.85357142856982,46452.00000000019,46.45200000000019,3,12,-0.13608605078394334,-38.104094219504134,-0.704361491432003,-33571.999999999935,853.0000000003856,76.89285714285714,rr_matrix_out/M1_LONDON_ORB60_SKIP_NEWS_RR3p5
M1_LONDON_ORB60_SKIP_NEWS_RR4,M1,LONDON,60,SKIP_NEWS,4.0,03:00,04:00,09:30,279,74,204,26.523297491039425,-36424.999999999374,0.8275698833108502,-130.5555555555534,49674.9999999996,49.6749999999996,3,16,-0.13966889917292696,-38.967622869246625,-0.7332662304982318,-40050.0,3625.0000000005894,79.43727598566308,rr_matrix_out/M1_LONDON_ORB60_SKIP_NEWS_RR4
M1_LONDON_ORB60_SKIP_NEWS_RR4p5,M1,LONDON,60,SKIP_NEWS,4.5,03:00,04:00,09:30,278,73,204,26.258992805755394,-33855.99999999943,0.839655213242087,-121.7841726618687,48175.00000000028,48.17500000000028,3,16,-0.1336295193734061,-37.1490063858069,-0.702771146860389,-39162.00000000008,5306.000000000586,81.71223021582733,rr_matrix_out/M1_LONDON_ORB60_SKIP_NEWS_RR4p5
M1_LONDON_ORB60_SKIP_NEWS_RR5,M1,LONDON,60,SKIP_NEWS,5.0,03:00,04:00,09:30,278,73,204,26.258992805755394,-24629.99999999949,0.8833503042932607,-88.59712230215638,48175.00000000028,48.17500000000028,3,16,-0.09939348265658794,-27.63138817853145,-0.5112610275038786,-37384.99999999994,12755.000000000473,82.08273381294964,rr_matrix_out/M1_LONDON_ORB60_SKIP_NEWS_RR5
M1_NEW_YORK_ORB15_SKIP_NEWS_RR1,M1,NEW_YORK,15,SKIP_NEWS,1.0,09:30,09:45,16:55,335,182,153,54.328358208955216,11109.99999999968,1.060437916496667,33.16417910447704,16825.00000000048,14.287533967391694,12,7,0.06522749660382669,21.851211362281944,0.660326894502191,-1124.9999999999545,12234.999999999764,47.7044776119403,rr_matrix_out/M1_NEW_YORK_ORB15_SKIP_NEWS_RR1
M1_NEW_YORK_ORB15_SKIP_NEWS_RR1p5,M1,NEW_YORK,15,SKIP_NEWS,1.5,09:30,09:45,16:55,307,143,164,46.579804560260584,22524.000000000233,1.1155343540817124,73.36807817589658,18084.999999999927,14.44724133124509,11,11,0.0872682323859523,26.791347342487356,1.2454520320707947,-4333.000000000084,26857.000000000335,62.96416938110749,rr_matrix_out/M1_NEW_YORK_ORB15_SKIP_NEWS_RR1p5
M1_NEW_YORK_ORB15_SKIP_NEWS_RR2,M1,NEW_YORK,15,SKIP_NEWS,2.0,09:30,09:45,16:55,287,113,174,39.37282229965157,-3149.9999999997526,0.9845383595935808,-10.975609756096928,29285.00000000022,24.741266421661948,9,11,0.03266931836675516,9.37609437125873,-0.10756359911216422,-18364.999999999738,15214.999999999918,93.74564459930313,rr_matrix_out/M1_NEW_YORK_ORB15_SKIP_NEWS_RR2
M1_NEW_YORK_ORB15_SKIP_NEWS_RR2p5,M1,NEW_YORK,15,SKIP_NEWS,2.5,09:30,09:45,16:55,277,101,176,36.462093862815884,-12652.999999999418,0.9388093626076052,-45.67870036100861,35878.0,30.721674201945426,8,11,0.03014983051215852,8.35150305186791,-0.352667372763237,-27765.99999999962,15113.000000000238,106.15884476534296,rr_matrix_out/M1_NEW_YORK_ORB15_SKIP_NEWS_RR2p5
M1_NEW_YORK_ORB15_SKIP_NEWS_RR3,M1,NEW_YORK,15,SKIP_NEWS,3.0,09:30,09:45,16:55,274,93,181,33.941605839416056,-2489.9999999996653,0.9881261772489943,-9.087591240874625,34420.000000000335,27.82088587132262,4,11,0.04465557906559,12.23562866397166,-0.0723416618245102,-21939.9999999996,19449.999999999956,113.53649635036497,rr_matrix_out/M1_NEW_YORK_ORB15_SKIP_NEWS_RR3
M1_NEW_YORK_ORB15_SKIP_NEWS_RR3p5,M1,NEW_YORK,15,SKIP_NEWS,3.5,09:30,09:45,16:55,270,89,181,32.96296296296296,1043.0000000004657,1.004956635380779,3.8629629629645796,39153.00000000016,33.06143128562395,4,11,0.06586163744013537,17.78264210883655,0.026639082573505515,-21099.999999999683,22143.00000000012,124.58888888888889,rr_matrix_out/M1_NEW_YORK_ORB15_SKIP_NEWS_RR3p5
M1_NEW_YORK_ORB15_SKIP_NEWS_RR4,M1,NEW_YORK,15,SKIP_NEWS,4.0,09:30,09:45,16:55,269,88,181,32.71375464684015,14075.000000000407,1.0670637284097695,52.3234200743508,41970.000000000175,35.11546184738968,4,11,0.12019192445274386,32.3316276777881,0.3353585894686764,-21614.99999999978,35690.000000000146,130.53531598513013,rr_matrix_out/M1_NEW_YORK_ORB15_SKIP_NEWS_RR4
M1_NEW_YORK_ORB15_SKIP_NEWS_RR4p5,M1,NEW_YORK,15,SKIP_NEWS,4.5,09:30,09:45,16:55,268,87,181,32.46268656716418,25278.00000000064,1.1204144337263333,94.32089552238999,41438.000000000204,33.718214736157,4,11,0.15763475499617058,42.24611433897371,0.6100197885998484,-15641.9999999996,40920.00000000012,135.9365671641791,rr_matrix_out/M1_NEW_YORK_ORB15_SKIP_NEWS_RR4p5
M1_NEW_YORK_ORB15_SKIP_NEWS_RR5,M1,NEW_YORK,15,SKIP_NEWS,5.0,09:30,09:45,16:55,266,83,183,31.203007518796994,28585.000000000466,1.1354931980850376,107.46240601503894,40905.00000000019,32.394868139700755,4,11,0.12955493441851368,34.461612555324635,0.6988143258770403,-18369.99999999971,46955.000000000065,139.06015037593986,rr_matrix_out/M1_NEW_YORK_ORB15_SKIP_NEWS_RR5
M1_NEW_YORK_ORB30_SKIP_NEWS_RR1,M1,NEW_YORK,30,SKIP_NEWS,1.0,09:30,10:00,16:55,263,138,123,52.47148288973384,-20614.99999999971,0.8948348424945808,-78.38403041825012,50309.99999999939,39.52857984678804,6,6,0.029019256447628317,7.632064445726248,-0.4097594911548392,-29425.00000000019,8810.0000000004,86.10266159695817,rr_matrix_out/M1_NEW_YORK_ORB30_SKIP_NEWS_RR1
M1_NEW_YORK_ORB30_SKIP_NEWS_RR1p5,M1,NEW_YORK,30,SKIP_NEWS,1.5,09:30,10:00,16:55,238,104,132,43.69747899159664,-35760.99999999955,0.8267771077042328,-150.25630252100675,59031.99999999937,48.929927225104365,4,8,-0.002609788523474188,-0.6211296685868568,-0.6057900799566326,-44857.0000000002,9096.000000000595,108.73529411764706,rr_matrix_out/M1_NEW_YORK_ORB30_SKIP_NEWS_RR1p5
M1_NEW_YORK_ORB30_SKIP_NEWS_RR2,M1,NEW_YORK,30,SKIP_NEWS,2.0,09:30,10:00,16:55,227,89,136,39.20704845814978,-39554.99999999949,0.8138719619791562,-174.25110132158377,63524.99999999939,52.89342214820935,3,9,-0.026797863137824562,-6.0831149322861755,-0.622668240850057,-48700.0,9145.000000000482,126.35242290748899,rr_matrix_out/M1_NEW_YORK_ORB30_SKIP_NEWS_RR2
M1_NEW_YORK_ORB30_SKIP_NEWS_RR2p5,M1,NEW_YORK,30,SKIP_NEWS,2.5,09:30,10:00,16:55,224,86,136,38.392857142857146,-27098.99999999917,0.8724842952262227,-120.97767857142503,58365.99999999917,45.82865488351574,3,9,0.024740008334034398,5.541761866823705,-0.4642942809169646,-47057.99999999995,19959.00000000074,136.48660714285714,rr_matrix_out/M1_NEW_YORK_ORB30_SKIP_NEWS_RR2p5
M1_NEW_YORK_ORB30_SKIP_NEWS_RR3,M1,NEW_YORK,30,SKIP_NEWS,3.0,09:30,10:00,16:55,223,83,139,37.219730941704036,-11179.999999999141,0.9477374719521352,-50.13452914797828,53974.99999999981,40.34458272601547,3,9,0.05762180341259309,12.84966216100826,-0.20713293191290746,-39194.99999999989,28015.000000000742,147.34080717488789,rr_matrix_out/M1_NEW_YORK_ORB30_SKIP_NEWS_RR3
M1_NEW_YORK_ORB30_SKIP_NEWS_RR3p5,M1,NEW_YORK,30,SKIP_NEWS,3.5,09:30,10:00,16:55,219,79,139,36.07305936073059,-9406.999999999229,0.9561404326743786,-42.95433789953991,56025.99999999972,43.95471627060386,3,9,0.05877486322429919,12.871695046121522,-0.16790418734157847,-44204.99999999984,34798.0000000006,155.07762557077626,rr_matrix_out/M1_NEW_YORK_ORB30_SKIP_NEWS_RR3p5
M1_NEW_YORK_ORB30_SKIP_NEWS_RR4,M1,NEW_YORK,30,SKIP_NEWS,4.0,09:30,10:00,16:55,218,78,139,35.77981651376147,3910.0000000005384,1.0182301380082082,17.935779816516014,53729.999999999825,40.69067363398835,3,9,0.09042156104695469,19.71190030823612,0.07277126372604785,-42349.99999999991,46260.00000000039,160.79357798165137,rr_matrix_out/M1_NEW_YORK_ORB30_SKIP_NEWS_RR4
M1_NEW_YORK_ORB30_SKIP_NEWS_RR4p5,M1,NEW_YORK,30,SKIP_NEWS,4.5,09:30,10:00,16:55,217,77,139,35.483870967741936,1918.000000000713,1.0089404745257105,8.838709677422424,51430.99999999975,40.052800448570046,3,9,0.07648903375733321,16.598120325341306,0.03729268340107566,-38591.999999999825,40510.000000000495,169.64976958525347,rr_matrix_out/M1_NEW_YORK_ORB30_SKIP_NEWS_RR4p5
M1_NEW_YORK_ORB30_SKIP_NEWS_RR5,M1,NEW_YORK,30,SKIP_NEWS,5.0,09:30,10:00,16:55,217,77,139,35.483870967741936,7655.000000000713,1.0356826551065155,35.27649769585597,49174.999999999796,37.38406568344216,3,9,0.09790272181215999,21.244890633238718,0.15566853075751388,-35854.99999999975,43510.000000000495,172.61290322580646,rr_matrix_out/M1_NEW_YORK_ORB30_SKIP_NEWS_RR5
M1_NEW_YORK_ORB60_SKIP_NEWS_RR1,M1,NEW_YORK,60,SKIP_NEWS,1.0,09:30,10:30,16:55,164,81,83,49.390243902439025,-34719.99999999937,0.7746113148755263,-211.7073170731676,48624.99999999984,48.414397371434085,5,6,-0.03534529557474773,-5.796628474258627,-0.7140359897172129,-32114.99999999978,-2604.9999999997,120.45121951219512,rr_matrix_out/M1_NEW_YORK_ORB60_SKIP_NEWS_RR1
M1_NEW_YORK_ORB60_SKIP_NEWS_RR1p5,M1,NEW_YORK,60,SKIP_NEWS,1.5,09:30,10:30,16:55,154,68,86,44.15584415584416,-36957.99999999975,0.7680630079387495,-239.98701298701175,55930.9999999999,55.325189178495336,5,6,-0.04433813110423674,-6.828072190052458,-0.6607784591729062,-42555.99999999981,5598.000000000002,147.43506493506493,rr_matrix_out/M1_NEW_YORK_ORB60_SKIP_NEWS_RR1p5
M1_NEW_YORK_ORB60_SKIP_NEWS_RR2,M1,NEW_YORK,60,SKIP_NEWS,2.0,09:30,10:30,16:55,150,61,89,40.666666666666664,-34739.99999999948,0.7857275026213555,-231.5999999999967,51514.99999999993,50.95702062416528,4,6,-0.04467302588124375,-6.700953882186562,-0.6743666893137831,-35654.999999999694,915.000000000191,158.73333333333332,rr_matrix_out/M1_NEW_YORK_ORB60_SKIP_NEWS_RR2
M1_NEW_YORK_ORB60_SKIP_NEWS_RR2p5,M1,NEW_YORK,60,SKIP_NEWS,2.5,09:30,10:30,16:55,146,57,89,39.04109589041096,-38218.99999999954,0.7642694134336661,-261.773972602737,54238.999999999956,53.65151590088523,4,6,-0.07036720962932987,-10.27361260588216,-0.7046405722819294,-33799.99999999978,-4418.999999999824,171.21917808219177,rr_matrix_out/M1_NEW_YORK_ORB60_SKIP_NEWS_RR2p5
M1_NEW_YORK_ORB60_SKIP_NEWS_RR3,M1,NEW_YORK,60,SKIP_NEWS,3.0,09:30,10:30,16:55,146,57,89,39.04109589041096,-37189.999999999614,0.770616172207489,-254.72602739725818,50324.9999999999,49.779909985656914,4,6,-0.04941228263088631,-7.214193264109402,-0.7389965226030738,-38539.99999999974,1350.0000000000455,182.96575342465752,rr_matrix_out/M1_NEW_YORK_ORB60_SKIP_NEWS_RR3
M1_NEW_YORK_ORB60_SKIP_NEWS_RR3p5,M1,NEW_YORK,60,SKIP_NEWS,3.5,09:30,10:30,16:55,146,57,89,39.04109589041096,-38083.99999999944,0.7651020785789205,-260.8493150684895,49150.99999999987,48.61862604480917,4,6,-0.048327953776503285,-7.055881251369479,-0.7748367276352371,-39804.99999999971,1721.000000000231,186.95205479452054,rr_matrix_out/M1_NEW_YORK_ORB60_SKIP_NEWS_RR3p5
M1_NEW_YORK_ORB60_SKIP_NEWS_RR4,M1,NEW_YORK,60,SKIP_NEWS,4.0,09:30,10:30,16:55,146,57,89,39.04109589041096,-32929.999999999476,0.796891383457721,-225.54794520547645,45764.99999999997,45.26930115238137,4,6,-0.025301848981201667,-3.694069951255443,-0.7195455042062602,-38854.99999999971,5925.000000000136,190.65068493150685,rr_matrix_out/M1_NEW_YORK_ORB60_SKIP_NEWS_RR4
M1_NEW_YORK_ORB60_SKIP_NEWS_RR4p5,M1,NEW_YORK,60,SKIP_NEWS,4.5,09:30,10:30,16:55,146,57,89,39.04109589041096,-28896.999999999447,0.8217664836859331,-197.92465753424364,42794.0,42.15617704136411,4,6,-0.008436490363280886,-1.2317275930390092,-0.6752582137682723,-37904.99999999971,9008.000000000131,193.31506849315068,rr_matrix_out/M1_NEW_YORK_ORB60_SKIP_NEWS_RR4p5
M1_NEW_YORK_ORB60_SKIP_NEWS_RR5,M1,NEW_YORK,60,SKIP_NEWS,5.0,09:30,10:30,16:55,146,57,89,39.04109589041096,-24519.99999999936,0.8487633380620518,-167.9452054794482,40940.00000000003,39.73021495463143,4,6,0.009926000025858164,1.4491960037752918,-0.5989252564728711,-36954.99999999971,12435.000000000266,194.18493150684932,rr_matrix_out/M1_NEW_YORK_ORB60_SKIP_NEWS_RR5
M5_ASIA_ORB15_INCLUDE_NEWS_RR1,M5,ASIA,15,INCLUDE_NEWS,1.0,19:00,19:15,03:00,592,301,291,50.8445945945946,26414.99999999955,1.1195275911219695,44.61993243243183,15805.000000000073,14.79384096971975,7,7,0.019916483163946952,11.790558033056595,1.6713065485605458,11834.999999999036,14580.00000000061,21.407094594594593,rr_matrix_out/M5_ASIA_ORB15_INCLUDE_NEWS_RR1
M5_ASIA_ORB15_INCLUDE_NEWS_RR1p5,M5,ASIA,15,INCLUDE_NEWS,1.5,19:00,19:15,03:00,579,248,331,42.832469775474955,46823.99999999997,1.185857463234564,80.87046632124333,19600.000000000087,16.71691024877457,7,12,0.060509264977133596,35.03486442176035,2.3889795918367227,23458.999999998967,23365.000000000917,29.454231433506045,rr_matrix_out/M5_ASIA_ORB15_INCLUDE_NEWS_RR1p5
M5_ASIA_ORB15_INCLUDE_NEWS_RR2,M5,ASIA,15,INCLUDE_NEWS,2.0,19:00,19:15,03:00,565,203,362,35.92920353982301,9230.000000000407,1.033314083592003,16.336283185841385,30139.999999999796,26.36805039149628,5,12,0.04287175248416445,24.222540153552913,0.30623755806239117,-1865.0000000004638,11095.000000000846,37.92389380530973,rr_matrix_out/M5_ASIA_ORB15_INCLUDE_NEWS_RR2
M5_ASIA_ORB15_INCLUDE_NEWS_RR2p5,M5,ASIA,15,INCLUDE_NEWS,2.5,19:00,19:15,03:00,558,175,383,31.36200716845878,1508.0000000002183,1.0051859621369748,2.702508960573871,35755.000000000306,30.692040928444158,4,16,0.029642809652192566,16.540687785923453,0.04217591945183066,2565.9999999993033,-1057.9999999990832,45.78673835125448,rr_matrix_out/M5_ASIA_ORB15_INCLUDE_NEWS_RR2p5
M5_ASIA_ORB15_INCLUDE_NEWS_RR3,M5,ASIA,15,INCLUDE_NEWS,3.0,19:00,19:15,03:00,551,159,392,28.85662431941924,14784.999999999767,1.0503130742530453,26.833030852994373,33320.0,27.29581387728357,4,20,0.047886722666954526,26.385584189491944,0.4437274909963916,10669.999999999118,4115.000000000782,54.081669691470054,rr_matrix_out/M5_ASIA_ORB15_INCLUDE_NEWS_RR3
M5_ASIA_ORB15_INCLUDE_NEWS_RR3p5,M5,ASIA,15,INCLUDE_NEWS,3.5,19:00,19:15,03:00,549,152,397,27.686703096539162,34571.00000000009,1.1167505318969309,62.97085610200389,26242.000000000015,19.880905481984374,4,20,0.0893383080458556,49.04673111717472,1.3173919670756828,17720.999999999094,16850.000000001048,58.138433515482696,rr_matrix_out/M5_ASIA_ORB15_INCLUDE_NEWS_RR3p5
M5_ASIA_ORB15_INCLUDE_NEWS_RR4,M5,ASIA,15,INCLUDE_NEWS,4.0,19:00,19:15,03:00,547,146,401,26.691042047531994,51759.999999999825,1.1735922460341415,94.62522851919545,25870.000000000175,18.669387160242024,4,20,0.12920560450056745,70.67546566181039,2.000773096250463,26019.99999999898,25740.00000000092,61.11700182815356,rr_matrix_out/M5_ASIA_ORB15_INCLUDE_NEWS_RR4
M5_ASIA_ORB15_INCLUDE_NEWS_RR4p5,M5,ASIA,15,INCLUDE_NEWS,4.5,19:00,19:15,03:00,545,141,404,25.871559633027523,67341.99999999991,1.2254163249594134,123.56330275229337,29691.00000000003,21.046848749920297,4,20,0.15608069240631428,85.06397736144129,2.2680947088343215,37481.999999999105,29860.000000000764,65.7834862385321,rr_matrix_out/M5_ASIA_ORB15_INCLUDE_NEWS_RR4p5
M5_ASIA_ORB15_INCLUDE_NEWS_RR5,M5,ASIA,15,INCLUDE_NEWS,5.0,19:00,19:15,03:00,545,138,407,25.321100917431195,62730.000000000175,1.20935122146576,115.10091743119294,30290.000000000087,22.841414674609826,4,20,0.16282536893227073,88.73982606808755,2.0709805216242985,42899.999999999454,19830.0000000007,71.54495412844037,rr_matrix_out/M5_ASIA_ORB15_INCLUDE_NEWS_RR5
M5_ASIA_ORB30_INCLUDE_NEWS_RR1,M5,ASIA,30,INCLUDE_NEWS,1.0,19:00,19:30,03:00,513,280,233,54.58089668615984,76289.99999999927,1.390940070204202,148.71345029239623,11735.000000000146,10.799245387199347,12,8,0.09321883709631867,47.82126343041148,6.501065189603607,41504.99999999938,34784.9999999999,28.894736842105264,rr_matrix_out/M5_ASIA_ORB30_INCLUDE_NEWS_RR1
M5_ASIA_ORB30_INCLUDE_NEWS_RR1p5,M5,ASIA,30,INCLUDE_NEWS,1.5,19:00,19:30,03:00,496,225,271,45.36290322580645,105654.99999999924,1.4790740908678655,213.0141129032242,15215.00000000032,12.994129158513074,7,8,0.12013174593934328,59.585345985914266,6.944134078212095,59079.99999999925,46574.999999999956,40.832661290322584,rr_matrix_out/M5_ASIA_ORB30_INCLUDE_NEWS_RR1p5
M5_ASIA_ORB30_INCLUDE_NEWS_RR2,M5,ASIA,30,INCLUDE_NEWS,2.0,19:00,19:30,03:00,482,191,291,39.62655601659751,91164.99999999965,1.3837960721577853,189.1390041493767,18430.000000000262,11.25015260651956,5,8,0.139161851243993,67.07601229960463,4.946554530656449,58689.9999999991,32475.000000000455,50.773858921161825,rr_matrix_out/M5_ASIA_ORB30_INCLUDE_NEWS_RR2
M5_ASIA_ORB30_INCLUDE_NEWS_RR2p5,M5,ASIA,30,INCLUDE_NEWS,2.5,19:00,19:30,03:00,472,165,307,34.95762711864407,83578.99999999924,1.3360500180933585,177.07415254237134,23030.00000000029,14.418802669638739,5,19,0.1270960703803646,59.9893452195321,3.6291359096829434,55254.99999999897,28324.0000000003,63.110169491525426,rr_matrix_out/M5_ASIA_ORB30_INCLUDE_NEWS_RR2p5
M5_ASIA_ORB30_INCLUDE_NEWS_RR3,M5,ASIA,30,INCLUDE_NEWS,3.0,19:00,19:30,03:00,466,153,313,32.83261802575107,99329.99999999971,1.3932381876125792,213.15450643776708,25040.00000000029,14.947915112079727,4,23,0.16159806978978353,75.30470052203913,3.9668530351437123,63124.99999999914,36205.000000000335,72.36266094420601,rr_matrix_out/M5_ASIA_ORB30_INCLUDE_NEWS_RR3
M5_ASIA_ORB30_INCLUDE_NEWS_RR3p5,M5,ASIA,30,INCLUDE_NEWS,3.5,19:00,19:30,03:00,464,144,320,31.03448275862069,115574.9999999993,1.4510683969167681,249.0840517241359,25040.00000000029,13.4874551585209,4,23,0.1726673477022806,80.1176493338582,4.61561501597436,67824.99999999863,47750.00000000041,77.71767241379311,rr_matrix_out/M5_ASIA_ORB30_INCLUDE_NEWS_RR3p5
M5_ASIA_ORB30_INCLUDE_NEWS_RR4,M5,ASIA,30,INCLUDE_NEWS,4.0,19:00,19:30,03:00,462,139,323,30.08658008658009,130139.99999999953,1.5057122872464412,281.6883116883102,25040.00000000029,12.753711768151568,4,23,0.20138294475458346,93.03892047661756,5.197284345047844,72369.99999999875,57770.000000000524,83.23376623376623,rr_matrix_out/M5_ASIA_ORB30_INCLUDE_NEWS_RR4
M5_ASIA_ORB30_INCLUDE_NEWS_RR4p5,M5,ASIA,30,INCLUDE_NEWS,4.5,19:00,19:30,03:00,461,136,325,29.50108459869848,144032.9999999998,1.5565739899916904,312.43600867678896,25040.00000000032,12.750789286078199,4,23,0.2380785551738959,109.754213935166,5.7521166134184485,73386.99999999907,70646.00000000064,90.40563991323211,rr_matrix_out/M5_ASIA_ORB30_INCLUDE_NEWS_RR4p5
M5_ASIA_ORB30_INCLUDE_NEWS_RR5,M5,ASIA,30,INCLUDE_NEWS,5.0,19:00,19:30,03:00,459,133,326,28.9760348583878,132769.99999999965,1.5129027273429627,289.2592592592581,25040.00000000029,13.339015555082218,4,23,0.2382678910986108,109.36496201426236,5.302316293929637,75484.99999999921,57285.00000000026,98.54901960784314,rr_matrix_out/M5_ASIA_ORB30_INCLUDE_NEWS_RR5
M5_ASIA_ORB60_INCLUDE_NEWS_RR1,M5,ASIA,60,INCLUDE_NEWS,1.0,19:00,20:00,03:00,400,222,178,55.50000000000001,78359.99999999959,1.404574437875931,195.89999999999952,16415.000000000116,11.182641869337253,9,6,0.11226185783407704,44.90474313363082,4.773682607371248,37614.99999999996,40744.99999999985,43.3675,rr_matrix_out/M5_ASIA_ORB60_INCLUDE_NEWS_RR1
M5_ASIA_ORB60_INCLUDE_NEWS_RR1p5,M5,ASIA,60,INCLUDE_NEWS,1.5,19:00,20:00,03:00,382,172,210,45.0261780104712,83328.99999999997,1.3749420684379854,218.13874345549772,23498.000000000262,14.094627990115105,6,14,0.08196757333964523,31.311613015744477,3.5462166992935162,28309.999999999945,55019.00000000019,63.18586387434555,rr_matrix_out/M5_ASIA_ORB60_INCLUDE_NEWS_RR1p5
M5_ASIA_ORB60_INCLUDE_NEWS_RR2,M5,ASIA,60,INCLUDE_NEWS,2.0,19:00,20:00,03:00,375,159,216,42.4,111485.00000000017,1.4930019678510635,297.2933333333343,22720.000000000146,12.746500603102556,6,14,0.1757294339699254,65.89853773872203,4.906910211267582,53440.00000000006,58045.00000000029,73.09333333333333,rr_matrix_out/M5_ASIA_ORB60_INCLUDE_NEWS_RR2
M5_ASIA_ORB60_INCLUDE_NEWS_RR2p5,M5,ASIA,60,INCLUDE_NEWS,2.5,19:00,20:00,03:00,365,140,225,38.35616438356164,97002.00000000038,1.4180399931046388,265.75890410959016,23507.999999999767,15.058805442385895,5,14,0.14885994729048008,54.33388076102523,4.126339969372186,32513.00000000006,64489.00000000035,91.05479452054794,rr_matrix_out/M5_ASIA_ORB60_INCLUDE_NEWS_RR2p5
M5_ASIA_ORB60_INCLUDE_NEWS_RR3,M5,ASIA,60,INCLUDE_NEWS,3.0,19:00,20:00,03:00,364,134,230,36.81318681318682,111600.00000000009,1.4725009526228898,306.5934065934071,27179.999999999796,16.797997589691168,5,22,0.17361439795546182,63.1956408557881,4.1059602649006965,40525.0,71075.00000000017,101.06593406593407,rr_matrix_out/M5_ASIA_ORB60_INCLUDE_NEWS_RR3
M5_ASIA_ORB60_INCLUDE_NEWS_RR3p5,M5,ASIA,60,INCLUDE_NEWS,3.5,19:00,20:00,03:00,363,132,231,36.36363636363637,133123.99999999983,1.562832681534721,366.73278236914547,29289.999999999796,17.230323958327116,5,22,0.22257546527221023,80.79489389381231,4.545032434277936,46885.99999999974,86238.00000000006,109.49035812672176,rr_matrix_out/M5_ASIA_ORB60_INCLUDE_NEWS_RR3p5
M5_ASIA_ORB60_INCLUDE_NEWS_RR4,M5,ASIA,60,INCLUDE_NEWS,4.0,19:00,20:00,03:00,361,127,234,35.18005540166205,149780.0000000003,1.6289313457904695,414.90304709141355,32709.999999999796,18.270680891470604,5,22,0.2347826836587705,84.75654880081615,4.579027820238497,48189.99999999991,101590.00000000038,116.0,rr_matrix_out/M5_ASIA_ORB60_INCLUDE_NEWS_RR4
M5_ASIA_ORB60_INCLUDE_NEWS_RR4p5,M5,ASIA,60,INCLUDE_NEWS,4.5,19:00,20:00,03:00,361,126,235,34.903047091412745,133364.9999999997,1.558561765752936,369.4321329639883,32709.999999999767,18.723418869954845,5,22,0.20931191999925683,75.56160311973171,4.07719351880161,42156.99999999961,91208.00000000017,125.6842105263158,rr_matrix_out/M5_ASIA_ORB60_INCLUDE_NEWS_RR4p5
M5_ASIA_ORB60_INCLUDE_NEWS_RR5,M5,ASIA,60,INCLUDE_NEWS,5.0,19:00,20:00,03:00,361,126,235,34.903047091412745,129554.99999999959,1.5426046531107986,358.8781163434895,32709.999999999767,19.89114901638835,5,22,0.23617661723689282,85.25975882251831,3.960715377560395,44939.9999999996,84615.0000000001,129.30747922437672,rr_matrix_out/M5_ASIA_ORB60_INCLUDE_NEWS_RR5
M5_LONDON_ORB15_INCLUDE_NEWS_RR1,M5,LONDON,15,INCLUDE_NEWS,1.0,03:00,03:15,09:30,617,289,328,46.83954619124797,-21134.999999998603,0.9188161407417424,-34.25445705024045,35820.000000000015,34.64551697456233,7,9,-0.05460938549647075,-33.693990851322454,-0.5900335008374817,-13719.999999999982,-7414.999999998372,24.700162074554296,rr_matrix_out/M5_LONDON_ORB15_INCLUDE_NEWS_RR1
M5_LONDON_ORB15_INCLUDE_NEWS_RR1p5,M5,LONDON,15,INCLUDE_NEWS,1.5,03:00,03:15,09:30,591,220,371,37.22504230118444,-21382.99999999898,0.9258474502800307,-36.18104906937209,41883.99999999975,39.826559914801095,6,11,-0.07650143230142557,-45.212346490142515,-0.5105290803170449,-7908.000000000175,-13474.999999998727,33.2927241962775,rr_matrix_out/M5_LONDON_ORB15_INCLUDE_NEWS_RR1p5
M5_LONDON_ORB15_INCLUDE_NEWS_RR2,M5,LONDON,15,INCLUDE_NEWS,2.0,03:00,03:15,09:30,574,172,402,29.965156794425084,-51824.99999999849,0.8322896946750196,-90.28745644599074,67929.99999999932,65.49995178864066,5,15,-0.13620338630191087,-78.18074373729684,-0.7629177094067277,-22915.000000000055,-28909.999999998625,42.8780487804878,rr_matrix_out/M5_LONDON_ORB15_INCLUDE_NEWS_RR2
M5_LONDON_ORB15_INCLUDE_NEWS_RR2p5,M5,LONDON,15,INCLUDE_NEWS,2.5,03:00,03:15,09:30,567,149,418,26.278659611992943,-49640.99999999841,0.8440923366834217,-87.55026455026163,68958.9999999991,65.9913681732481,5,15,-0.1496731826229053,-84.8646945471873,-0.7198625270087886,-24561.00000000006,-25079.99999999829,49.72310405643739,rr_matrix_out/M5_LONDON_ORB15_INCLUDE_NEWS_RR2p5
M5_LONDON_ORB15_INCLUDE_NEWS_RR3,M5,LONDON,15,INCLUDE_NEWS,3.0,03:00,03:15,09:30,563,133,430,23.623445825932503,-61209.99999999831,0.8118901642619017,-108.72113676731479,79174.99999999888,79.09195344887755,5,16,-0.1737847376061829,-97.84080727228097,-0.773097568676971,-26004.999999999745,-35204.99999999847,54.37655417406749,rr_matrix_out/M5_LONDON_ORB15_INCLUDE_NEWS_RR3
M5_LONDON_ORB15_INCLUDE_NEWS_RR3p5,M5,LONDON,15,INCLUDE_NEWS,3.5,03:00,03:15,09:30,557,117,440,21.005385996409338,-72914.99999999897,0.779413099379824,-130.9066427289028,86379.9999999996,86.28939613405883,4,20,-0.21764872001281588,-121.23033704713845,-0.8441190090298599,-29505.000000000247,-43409.999999998625,58.867145421903054,rr_matrix_out/M5_LONDON_ORB15_INCLUDE_NEWS_RR3p5
M5_LONDON_ORB15_INCLUDE_NEWS_RR4,M5,LONDON,15,INCLUDE_NEWS,4.0,03:00,03:15,09:30,556,113,443,20.323741007194247,-69174.99999999865,0.7917325264568219,-124.41546762589674,85234.9999999991,83.04267342166722,3,20,-0.2052742758762934,-114.13249738721913,-0.81157975010265,-24135.00000000022,-45039.99999999837,61.54496402877698,rr_matrix_out/M5_LONDON_ORB15_INCLUDE_NEWS_RR4
M5_LONDON_ORB15_INCLUDE_NEWS_RR4p5,M5,LONDON,15,INCLUDE_NEWS,4.5,03:00,03:15,09:30,556,110,446,19.784172661870503,-69516.99999999859,0.7918434566496523,-125.03057553956583,87579.99999999921,84.34698024712684,3,20,-0.193680568236254,-107.68639593935723,-0.7937542817994886,-33388.000000000146,-36128.99999999846,64.12589928057554,rr_matrix_out/M5_LONDON_ORB15_INCLUDE_NEWS_RR4p5
M5_LONDON_ORB15_INCLUDE_NEWS_RR5,M5,LONDON,15,INCLUDE_NEWS,5.0,03:00,03:15,09:30,554,105,449,18.95306859205776,-67479.99999999866,0.7986302800614765,-121.80505415162203,83269.99999999919,83.18265820887984,3,20,-0.2030310801495542,-112.47921840285304,-0.8103758856731034,-26395.00000000003,-41084.99999999858,65.95306859205776,rr_matrix_out/M5_LONDON_ORB15_INCLUDE_NEWS_RR5
M5_LONDON_ORB30_INCLUDE_NEWS_RR1,M5,LONDON,30,INCLUDE_NEWS,1.0,03:00,03:30,09:30,508,238,270,46.8503937007874,-13074.999999999593,0.9490104319001678,-25.738188976377057,38010.00000000025,34.02407912992898,7,9,-0.048036144814241594,-24.40236156563473,-0.3439884240989084,-4120.000000000209,-8954.999999999336,31.816929133858267,rr_matrix_out/M5_LONDON_ORB30_INCLUDE_NEWS_RR1
M5_LONDON_ORB30_INCLUDE_NEWS_RR1p5,M5,LONDON,30,INCLUDE_NEWS,1.5,03:00,03:30,09:30,482,179,303,37.136929460580916,-15922.99999999965,0.9435824755965789,-33.035269709542725,46309.00000000057,39.83330036040872,7,9,-0.07880121538020264,-37.98218581325767,-0.34384244963180927,-4684.000000000651,-11238.999999998941,44.983402489626556,rr_matrix_out/M5_LONDON_ORB30_INCLUDE_NEWS_RR1p5
M5_LONDON_ORB30_INCLUDE_NEWS_RR2,M5,LONDON,30,INCLUDE_NEWS,2.0,03:00,03:30,09:30,465,144,321,30.967741935483872,-49769.99999999956,0.8323790920113178,-107.03225806451513,68319.99999999983,66.42037721174398,4,13,-0.1204954826133089,-56.03039941518864,-0.7284836065573725,-27785.00000000072,-21984.999999998807,56.479569892473116,rr_matrix_out/M5_LONDON_ORB30_INCLUDE_NEWS_RR2
M5_LONDON_ORB30_INCLUDE_NEWS_RR2p5,M5,LONDON,30,INCLUDE_NEWS,2.5,03:00,03:30,09:30,461,129,332,27.9826464208243,-49260.99999999972,0.8382870461558671,-106.85683297179978,69486.99999999997,68.18668001216794,4,16,-0.1265258687355493,-58.32842548708823,-0.7089239713903284,-32907.000000000655,-16353.999999999041,64.44251626898048,rr_matrix_out/M5_LONDON_ORB30_INCLUDE_NEWS_RR2p5
M5_LONDON_ORB30_INCLUDE_NEWS_RR3,M5,LONDON,30,INCLUDE_NEWS,3.0,03:00,03:30,09:30,455,121,334,26.593406593406595,-48649.99999999994,0.840984490676429,-106.92307692307664,71515.00000000015,71.43998801258692,4,16,-0.12011635414610711,-54.65294113647873,-0.6802768649933558,-30605.000000000746,-18044.99999999912,70.05714285714286,rr_matrix_out/M5_LONDON_ORB30_INCLUDE_NEWS_RR3
M5_LONDON_ORB30_INCLUDE_NEWS_RR3p5,M5,LONDON,30,INCLUDE_NEWS,3.5,03:00,03:30,09:30,451,114,337,25.277161862527713,-47951.999999999636,0.8439824304538813,-106.32372505543128,68217.99999999985,68.14644623145682,4,16,-0.12059563288062146,-54.38863042916028,-0.7029229822041065,-25155.000000000517,-22796.99999999898,75.13303769401331,rr_matrix_out/M5_LONDON_ORB30_INCLUDE_NEWS_RR3p5
M5_LONDON_ORB30_INCLUDE_NEWS_RR4,M5,LONDON,30,INCLUDE_NEWS,4.0,03:00,03:30,09:30,450,112,338,24.88888888888889,-47399.999999999665,0.8458336043713014,-105.3333333333324,67804.99999999994,67.733879426602,4,16,-0.101466119163745,-45.65975362368525,-0.6990634908929977,-28015.000000000553,-19384.99999999904,78.18222222222222,rr_matrix_out/M5_LONDON_ORB30_INCLUDE_NEWS_RR4
M5_LONDON_ORB30_INCLUDE_NEWS_RR4p5,M5,LONDON,30,INCLUDE_NEWS,4.5,03:00,03:30,09:30,449,108,341,24.053452115812917,-51124.99999999956,0.834872904621945,-113.86414253897449,73799.00000000001,73.72159232805554,4,16,-0.11012446544420808,-49.44588498444943,-0.6927600644995129,-32460.00000000049,-18664.999999999054,80.65478841870824,rr_matrix_out/M5_LONDON_ORB30_INCLUDE_NEWS_RR4p5
M5_LONDON_ORB30_INCLUDE_NEWS_RR5,M5,LONDON,30,INCLUDE_NEWS,5.0,03:00,03:30,09:30,449,106,343,23.608017817371937,-43369.99999999981,0.8603018150778703,-96.59242761692597,69180.00000000017,69.10743719094967,4,16,-0.09999613620255338,-44.898265154946465,-0.6269152934374054,-29265.00000000069,-14104.999999999063,81.28953229398664,rr_matrix_out/M5_LONDON_ORB30_INCLUDE_NEWS_RR5
M5_LONDON_ORB60_INCLUDE_NEWS_RR1,M5,LONDON,60,INCLUDE_NEWS,1.0,03:00,04:00,09:30,383,171,212,44.64751958224543,-17594.99999999952,0.9275329489291612,-45.939947780677855,41264.99999999952,37.9291327726454,7,7,-0.08460717978842049,-32.40454985896505,-0.4263904034896335,-10515.000000000873,-7079.999999998745,47.93472584856397,rr_matrix_out/M5_LONDON_ORB60_INCLUDE_NEWS_RR1
M5_LONDON_ORB60_INCLUDE_NEWS_RR1p5,M5,LONDON,60,INCLUDE_NEWS,1.5,03:00,04:00,09:30,359,127,232,35.37604456824512,-42093.99999999898,0.8439344505413056,-117.2534818941474,59891.99999999931,59.891999999999314,5,9,-0.13057877182335315,-46.87777908458378,-0.7028317638415726,-14262.000000000535,-27831.999999998377,65.49860724233983,rr_matrix_out/M5_LONDON_ORB60_INCLUDE_NEWS_RR1p5
M5_LONDON_ORB60_INCLUDE_NEWS_RR2,M5,LONDON,60,INCLUDE_NEWS,2.0,03:00,04:00,09:30,351,106,245,30.1994301994302,-62764.99999999901,0.7768633236752791,-178.81766381766087,77844.99999999907,77.84499999999906,4,11,-0.17295843187439722,-60.70840958791342,-0.8062817136617607,-39855.00000000074,-22909.999999998217,76.21652421652422,rr_matrix_out/M5_LONDON_ORB60_INCLUDE_NEWS_RR2
M5_LONDON_ORB60_INCLUDE_NEWS_RR2p5,M5,LONDON,60,INCLUDE_NEWS,2.5,03:00,04:00,09:30,349,100,249,28.653295128939828,-52982.999999998894,0.8130220740034969,-151.8137535816586,71653.99999999921,71.65399999999921,4,11,-0.16660875590145885,-58.14645580960914,-0.7394283640829469,-37422.00000000044,-15560.999999998421,81.7621776504298,rr_matrix_out/M5_LONDON_ORB60_INCLUDE_NEWS_RR2p5
M5_LONDON_ORB60_INCLUDE_NEWS_RR3,M5,LONDON,60,INCLUDE_NEWS,3.0,03:00,04:00,09:30,349,99,250,28.36676217765043,-45139.99999999908,0.8409611387097936,-129.34097421203165,65669.99999999921,65.66999999999922,4,11,-0.14733570876038196,-51.4201623573733,-0.6873762753159681,-28685.00000000054,-16454.999999998516,85.02865329512893,rr_matrix_out/M5_LONDON_ORB60_INCLUDE_NEWS_RR3
M5_LONDON_ORB60_INCLUDE_NEWS_RR3p5,M5,LONDON,60,INCLUDE_NEWS,3.5,03:00,04:00,09:30,346,96,250,27.74566473988439,-42240.99999999926,0.8509912515874156,-122.0838150288996,60326.99999999927,60.32699999999927,4,11,-0.15511284598294808,-53.66904471010004,-0.7002005735408651,-21586.000000000786,-20654.99999999847,89.0606936416185,rr_matrix_out/M5_LONDON_ORB60_INCLUDE_NEWS_RR3p5
M5_LONDON_ORB60_INCLUDE_NEWS_RR4,M5,LONDON,60,INCLUDE_NEWS,4.0,03:00,04:00,09:30,346,96,250,27.74566473988439,-42379.999999998894,0.8505009171722907,-122.48554913294461,63479.99999999939,63.47999999999939,4,11,-0.14783578756839083,-51.15118249866323,-0.6676118462507766,-24365.000000000553,-18014.999999998276,91.58092485549133,rr_matrix_out/M5_LONDON_ORB60_INCLUDE_NEWS_RR4
M5_LONDON_ORB60_INCLUDE_NEWS_RR4p5,M5,LONDON,60,INCLUDE_NEWS,4.5,03:00,04:00,09:30,346,95,251,27.45664739884393,-37708.99999999898,0.8671680433978582,-108.98554913294474,57423.99999999978,57.423999999999786,4,11,-0.14951951862940943,-51.73375344577566,-0.6566766508776666,-23127.000000000502,-14581.999999998381,92.78901734104046,rr_matrix_out/M5_LONDON_ORB60_INCLUDE_NEWS_RR4p5
M5_LONDON_ORB60_INCLUDE_NEWS_RR5,M5,LONDON,60,INCLUDE_NEWS,5.0,03:00,04:00,09:30,346,94,252,27.167630057803464,-39129.99999999907,0.8627354684814287,-113.09248554913009,62404.999999999796,62.4049999999998,4,11,-0.1554176807241159,-53.7745175305441,-0.627033090297239,-28315.00000000051,-10814.999999998512,93.60404624277457,rr_matrix_out/M5_LONDON_ORB60_INCLUDE_NEWS_RR5
M5_NEW_YORK_ORB15_INCLUDE_NEWS_RR1,M5,NEW_YORK,15,INCLUDE_NEWS,1.0,09:30,09:45,16:55,399,208,190,52.130325814536334,35539.999999998836,1.1515435783728407,89.07268170425726,25585.000000000437,16.077544223458425,11,7,0.028728252253931618,11.462572649318716,1.389095172952833,10419.999999999027,25119.999999999618,61.48621553884712,rr_matrix_out/M5_NEW_YORK_ORB15_INCLUDE_NEWS_RR1
M5_NEW_YORK_ORB15_INCLUDE_NEWS_RR1p5,M5,NEW_YORK,15,INCLUDE_NEWS,1.5,09:30,09:45,16:55,372,170,201,45.69892473118279,50758.9999999986,1.2030888030887963,136.4489247311783,29025.00000000029,16.418062414091782,11,7,0.0579982263451202,21.575340200384716,1.748802756244551,4421.999999998796,46336.999999999534,83.8736559139785,rr_matrix_out/M5_NEW_YORK_ORB15_INCLUDE_NEWS_RR1p5
M5_NEW_YORK_ORB15_INCLUDE_NEWS_RR2,M5,NEW_YORK,15,INCLUDE_NEWS,2.0,09:30,09:45,16:55,361,145,215,40.16620498614959,48009.99999999913,1.1810946399607674,132.99168975068986,33060.000000000524,18.66847365746264,8,9,0.0260869291827507,9.417381434973002,1.45220810647303,-13910.000000000811,61919.99999999985,100.41828254847645,rr_matrix_out/M5_NEW_YORK_ORB15_INCLUDE_NEWS_RR2
M5_NEW_YORK_ORB15_INCLUDE_NEWS_RR2p5,M5,NEW_YORK,15,INCLUDE_NEWS,2.5,09:30,09:45,16:55,354,133,220,37.570621468926554,44223.99999999904,1.1644473366180121,124.92655367231336,29003.00000000029,16.994210847044723,8,9,0.038049646600096895,13.4695748964343,1.5248077785056233,-14568.000000000757,58791.999999999694,113.43502824858757,rr_matrix_out/M5_NEW_YORK_ORB15_INCLUDE_NEWS_RR2p5
M5_NEW_YORK_ORB15_INCLUDE_NEWS_RR3,M5,NEW_YORK,15,INCLUDE_NEWS,3.0,09:30,09:45,16:55,353,128,224,36.26062322946176,33209.99999999892,1.1215993555710106,94.07932011331094,28700.00000000035,17.984709863391707,6,9,0.040801800678396845,14.403035639474085,1.1571428571428055,-23630.0000000007,56839.99999999946,134.26062322946174,rr_matrix_out/M5_NEW_YORK_ORB15_INCLUDE_NEWS_RR3
M5_NEW_YORK_ORB15_INCLUDE_NEWS_RR3p5,M5,NEW_YORK,15,INCLUDE_NEWS,3.5,09:30,09:45,16:55,349,123,225,35.24355300859599,23806.999999998938,1.086629186907552,68.21489971346398,37507.00000000009,28.404710515354743,6,9,0.021464486917395328,7.491105934170969,0.6347348494947311,-21189.000000001033,44995.999999999956,142.62750716332377,rr_matrix_out/M5_NEW_YORK_ORB15_INCLUDE_NEWS_RR3p5
M5_NEW_YORK_ORB15_INCLUDE_NEWS_RR4,M5,NEW_YORK,15,INCLUDE_NEWS,4.0,09:30,09:45,16:55,349,121,227,34.67048710601719,39629.9999999991,1.1435349511046684,113.55300859598573,36885.00000000009,26.686683789747967,6,10,0.04301383850562713,15.011829638463867,1.074420496136614,-18605.000000000884,58234.9999999999,146.95702005730658,rr_matrix_out/M5_NEW_YORK_ORB15_INCLUDE_NEWS_RR4
M5_NEW_YORK_ORB15_INCLUDE_NEWS_RR4p5,M5,NEW_YORK,15,INCLUDE_NEWS,4.5,09:30,09:45,16:55,347,120,227,34.5821325648415,51575.999999998865,1.1867139702421854,148.63400576368542,36263.00000000012,25.11548983620195,6,10,0.05855107393808646,20.317222656516,1.4222761492429943,-15823.000000000775,67398.99999999962,152.14697406340056,rr_matrix_out/M5_NEW_YORK_ORB15_INCLUDE_NEWS_RR4p5
M5_NEW_YORK_ORB15_INCLUDE_NEWS_RR5,M5,NEW_YORK,15,INCLUDE_NEWS,5.0,09:30,09:45,16:55,346,118,228,34.104046242774565,51479.99999999913,1.1857243357324498,148.78612716762748,35640.0,23.67241207532134,5,10,0.05190818304537419,17.96023133369947,1.44444444444442,-13925.000000000684,65404.99999999979,157.88728323699422,rr_matrix_out/M5_NEW_YORK_ORB15_INCLUDE_NEWS_RR5
M5_NEW_YORK_ORB30_INCLUDE_NEWS_RR1,M5,NEW_YORK,30,INCLUDE_NEWS,1.0,09:30,10:00,16:55,317,161,154,50.78864353312302,1294.9999999998545,1.0054120695419586,4.085173501576931,40014.9999999999,29.570647354419123,8,5,0.0072630406399892666,2.3023838828765975,0.03236286392602419,-27345.00000000003,28639.99999999992,101.35015772870662,rr_matrix_out/M5_NEW_YORK_ORB30_INCLUDE_NEWS_RR1
M5_NEW_YORK_ORB30_INCLUDE_NEWS_RR1p5,M5,NEW_YORK,30,INCLUDE_NEWS,1.5,09:30,10:00,16:55,300,138,161,46.0,12814.000000000437,1.052072496749026,42.71333333333419,35784.0000000001,25.192726043888726,7,7,0.040056216985216976,12.016865095565093,0.35809300245921083,-40904.00000000045,53718.000000000706,124.2,rr_matrix_out/M5_NEW_YORK_ORB30_INCLUDE_NEWS_RR1p5
M5_NEW_YORK_ORB30_INCLUDE_NEWS_RR2,M5,NEW_YORK,30,INCLUDE_NEWS,2.0,09:30,10:00,16:55,295,121,174,41.01694915254237,19480.000000000568,1.0741982174144908,66.03389830508603,34420.00000000012,23.138171715118265,7,8,0.019299249413552003,5.693278576997841,0.5659500290528908,-39720.0000000001,59200.0000000005,139.62033898305086,rr_matrix_out/M5_NEW_YORK_ORB30_INCLUDE_NEWS_RR2
M5_NEW_YORK_ORB30_INCLUDE_NEWS_RR2p5,M5,NEW_YORK,30,INCLUDE_NEWS,2.5,09:30,10:00,16:55,292,115,177,39.38356164383562,29593.000000000684,1.1112038028671833,101.34589041096072,35885.00000000009,24.32304199003628,7,8,0.03631916392490258,10.605195866071554,0.8246621150898875,-31489.000000000127,61082.00000000065,152.3013698630137,rr_matrix_out/M5_NEW_YORK_ORB30_INCLUDE_NEWS_RR2p5
M5_NEW_YORK_ORB30_INCLUDE_NEWS_RR3,M5,NEW_YORK,30,INCLUDE_NEWS,3.0,09:30,10:00,16:55,291,113,178,38.83161512027492,48030.000000000524,1.1799718969555053,165.05154639175387,35905.00000000003,23.347530643430765,7,8,0.059893944759674196,17.42913792506519,1.3376966996240214,-23040.000000000004,71070.0000000004,158.95876288659792,rr_matrix_out/M5_NEW_YORK_ORB30_INCLUDE_NEWS_RR3
M5_NEW_YORK_ORB30_INCLUDE_NEWS_RR3p5,M5,NEW_YORK,30,INCLUDE_NEWS,3.5,09:30,10:00,16:55,287,109,178,37.97909407665505,33058.00000000093,1.123015666282145,115.18466898954972,46239.99999999988,30.93473199710982,7,8,0.039540549741805854,11.34813777589828,0.7149221453287417,-30288.999999999894,63347.000000000655,169.87456445993033,rr_matrix_out/M5_NEW_YORK_ORB30_INCLUDE_NEWS_RR3p5
M5_NEW_YORK_ORB30_INCLUDE_NEWS_RR4,M5,NEW_YORK,30,INCLUDE_NEWS,4.0,09:30,10:00,16:55,287,109,178,37.97909407665505,47540.00000000029,1.1769061883675076,165.64459930313654,46239.999999999825,29.16890080428945,7,8,0.06894280678723731,19.786585547937108,1.0281141868512214,-23560.000000000266,71100.00000000045,174.39721254355402,rr_matrix_out/M5_NEW_YORK_ORB30_INCLUDE_NEWS_RR4
M5_NEW_YORK_ORB30_INCLUDE_NEWS_RR4p5,M5,NEW_YORK,30,INCLUDE_NEWS,4.5,09:30,10:00,16:55,287,108,179,37.63066202090592,53848.00000000064,1.199881217520418,187.62369337979285,46239.999999999796,27.750271561372752,7,8,0.06312187953229706,18.115979425769257,1.1645328719723373,-17776.00000000007,71624.00000000061,180.3170731707317,rr_matrix_out/M5_NEW_YORK_ORB30_INCLUDE_NEWS_RR4p5
M5_NEW_YORK_ORB30_INCLUDE_NEWS_RR5,M5,NEW_YORK,30,INCLUDE_NEWS,5.0,09:30,10:00,16:55,286,107,179,37.41258741258741,60370.00000000058,1.224090571640685,211.08391608391747,46239.99999999974,26.4636868311107,6,8,0.066193222532515,18.93126164429929,1.3055795847751064,-19035.000000000084,79405.00000000047,184.05244755244755,rr_matrix_out/M5_NEW_YORK_ORB30_INCLUDE_NEWS_RR5
M5_NEW_YORK_ORB60_INCLUDE_NEWS_RR1,M5,NEW_YORK,60,INCLUDE_NEWS,1.0,09:30,10:30,16:55,202,106,96,52.475247524752476,21019.999999999898,1.1297210565292515,104.05940594059331,25375.000000000015,17.98433679435842,6,4,0.04919122442950483,9.936627334759976,0.8283743842364487,-7864.999999999918,28884.999999999764,138.9950495049505,rr_matrix_out/M5_NEW_YORK_ORB60_INCLUDE_NEWS_RR1
M5_NEW_YORK_ORB60_INCLUDE_NEWS_RR1p5,M5,NEW_YORK,60,INCLUDE_NEWS,1.5,09:30,10:30,16:55,194,94,100,48.45360824742268,14981.000000000204,1.0876466286382922,77.22164948453653,26715.000000000146,24.346122300191524,4,6,0.05825137673695119,11.30076708696853,0.5607711023769464,-8662.999999999829,23643.999999999916,166.44845360824743,rr_matrix_out/M5_NEW_YORK_ORB60_INCLUDE_NEWS_RR1p5
M5_NEW_YORK_ORB60_INCLUDE_NEWS_RR2,M5,NEW_YORK,60,INCLUDE_NEWS,2.0,09:30,10:30,16:55,190,86,104,45.26315789473684,20660.000000000073,1.1188175753393148,108.73684210526336,26529.999999999898,21.424883840991225,4,6,0.05315018117253927,10.098534422782462,0.7787410478703412,-14514.999999999782,35174.99999999982,182.3736842105263,rr_matrix_out/M5_NEW_YORK_ORB60_INCLUDE_NEWS_RR2
M5_NEW_YORK_ORB60_INCLUDE_NEWS_RR2p5,M5,NEW_YORK,60,INCLUDE_NEWS,2.5,09:30,10:30,16:55,187,82,105,43.85026737967914,24311.000000000422,1.138504486540381,130.00534759358464,25658.000000000146,20.62987947544896,4,6,0.0554707434897053,10.373029032574891,0.9475017538389697,-6504.999999999838,30816.000000000167,195.98930481283423,rr_matrix_out/M5_NEW_YORK_ORB60_INCLUDE_NEWS_RR2p5
M5_NEW_YORK_ORB60_INCLUDE_NEWS_RR3,M5,NEW_YORK,60,INCLUDE_NEWS,3.0,09:30,10:30,16:55,187,82,105,43.85026737967914,33585.000000000495,1.1913402649195284,179.59893048128433,24630.0,18.554371162755658,4,6,0.08380130490914567,15.670844018010241,1.3635809987819933,-7059.9999999998545,40645.00000000003,202.1764705882353,rr_matrix_out/M5_NEW_YORK_ORB60_INCLUDE_NEWS_RR3
M5_NEW_YORK_ORB60_INCLUDE_NEWS_RR3p5,M5,NEW_YORK,60,INCLUDE_NEWS,3.5,09:30,10:30,16:55,187,82,105,43.85026737967914,40695.00000000026,1.231847315197266,217.6203208556151,24630.0,17.73882230928786,4,6,0.1024949268182262,19.1665513150083,1.6522533495737013,-3456.9999999998836,44151.99999999991,206.3422459893048,rr_matrix_out/M5_NEW_YORK_ORB60_INCLUDE_NEWS_RR3p5
M5_NEW_YORK_ORB60_INCLUDE_NEWS_RR4,M5,NEW_YORK,60,INCLUDE_NEWS,4.0,09:30,10:30,16:55,187,82,105,43.85026737967914,29505.000000000335,1.1680957128614173,157.78074866310266,24630.000000000015,19.91268493815183,4,6,0.11031846289606,20.62955256156322,1.1979293544458107,-504.999999999749,30009.99999999994,210.32085561497325,rr_matrix_out/M5_NEW_YORK_ORB60_INCLUDE_NEWS_RR4
M5_NEW_YORK_ORB60_INCLUDE_NEWS_RR4p5,M5,NEW_YORK,60,INCLUDE_NEWS,4.5,09:30,10:30,16:55,187,81,106,43.31550802139038,29680.000000000422,1.1684497289934468,158.71657754010852,27479.99999999984,19.643028040960868,4,6,0.09851973357929864,18.423190179328845,1.0800582241630492,395.000000000251,29285.000000000036,211.40641711229947,rr_matrix_out/M5_NEW_YORK_ORB60_INCLUDE_NEWS_RR4p5
M5_NEW_YORK_ORB60_INCLUDE_NEWS_RR5,M5,NEW_YORK,60,INCLUDE_NEWS,5.0,09:30,10:30,16:55,187,81,106,43.31550802139038,33450.00000000029,1.1898464769147827,178.87700534759404,27479.99999999981,19.380729433056622,4,6,0.11253119235119811,21.043332969674047,1.2172489082969622,1895.00000000016,31554.999999999927,212.91978609625667,rr_matrix_out/M5_NEW_YORK_ORB60_INCLUDE_NEWS_RR5
M5_ASIA_ORB15_SKIP_NEWS_RR1,M5,ASIA,15,SKIP_NEWS,1.0,19:00,19:15,03:00,412,208,204,50.48543689320388,14199.99999999904,1.090515043345225,34.4660194174733,13380.00000000003,11.362092391304458,7,5,0.012148672790323528,5.005253189613294,1.06128550074731,7044.9999999987995,7155.0000000002,21.308252427184467,rr_matrix_out/M5_ASIA_ORB15_SKIP_NEWS_RR1
M5_ASIA_ORB15_SKIP_NEWS_RR1p5,M5,ASIA,15,SKIP_NEWS,1.5,19:00,19:15,03:00,404,169,235,41.83168316831683,19873.999999999243,1.1098921758363245,49.19306930692895,15877.0,13.2388869895854,7,12,0.03827336568322027,15.46243973602099,1.2517478112993161,6614.999999998918,13259.000000000378,29.665841584158414,rr_matrix_out/M5_ASIA_ORB15_SKIP_NEWS_RR1p5
M5_ASIA_ORB15_SKIP_NEWS_RR2,M5,ASIA,15,SKIP_NEWS,2.0,19:00,19:15,03:00,397,143,254,36.02015113350126,5414.999999999767,1.0276494166304975,13.639798488664438,18210.00000000032,16.37148251371061,4,14,0.05255566407169765,20.864598636463967,0.2973640856671978,9729.9999999992,-4314.999999999418,37.566750629722925,rr_matrix_out/M5_ASIA_ORB15_SKIP_NEWS_RR2
M5_ASIA_ORB15_SKIP_NEWS_RR2p5,M5,ASIA,15,SKIP_NEWS,2.5,19:00,19:15,03:00,391,118,273,30.179028132992325,-8234.000000000407,0.960455287676494,-21.05882352941273,28719.000000000393,25.167379416713775,4,16,0.011946038406770955,4.670901017047443,-0.28670914725444113,13444.9999999993,-21678.99999999968,46.11764705882353,rr_matrix_out/M5_ASIA_ORB15_SKIP_NEWS_RR2p5
M5_ASIA_ORB15_SKIP_NEWS_RR3,M5,ASIA,15,SKIP_NEWS,3.0,19:00,19:15,03:00,387,108,279,27.906976744186046,6604.999999999593,1.0314546277115018,17.067183462531407,22065.00000000019,19.196137283048614,4,18,0.04202648297566662,16.264248911582982,0.29934285066845845,19069.9999999993,-12464.999999999645,53.95607235142119,rr_matrix_out/M5_ASIA_ORB15_SKIP_NEWS_RR3
M5_ASIA_ORB15_SKIP_NEWS_RR3p5,M5,ASIA,15,SKIP_NEWS,3.5,19:00,19:15,03:00,385,101,284,26.233766233766232,17658.999999999476,1.0832049379225839,45.867532467531326,18604.999999999956,15.068732816795732,4,18,0.0694699360232283,26.7459253689429,0.9491534533727233,23479.999999999018,-5820.999999999458,58.13506493506493,rr_matrix_out/M5_ASIA_ORB15_SKIP_NEWS_RR3p5
M5_ASIA_ORB15_SKIP_NEWS_RR4,M5,ASIA,15,SKIP_NEWS,4.0,19:00,19:15,03:00,385,98,287,25.454545454545453,34819.99999999974,1.1632672199559229,90.44155844155769,18604.99999999994,14.184512661835507,4,18,0.12174098847178387,46.87028056163679,1.871539908626705,29959.99999999904,4860.000000000673,61.215584415584416,rr_matrix_out/M5_ASIA_ORB15_SKIP_NEWS_RR4
M5_ASIA_ORB15_SKIP_NEWS_RR4p5,M5,ASIA,15,SKIP_NEWS,4.5,19:00,19:15,03:00,384,95,289,24.739583333333336,48013.999999999476,1.2247793825050886,125.03645833333199,18604.99999999994,14.319826052579716,4,18,0.1619676273258935,62.195568893143104,2.5807041117978837,38703.99999999904,9310.000000000446,65.76302083333333,rr_matrix_out/M5_ASIA_ORB15_SKIP_NEWS_RR4p5
M5_ASIA_ORB15_SKIP_NEWS_RR5,M5,ASIA,15,SKIP_NEWS,5.0,19:00,19:15,03:00,384,93,291,24.21875,52180.00000000003,1.2436041083099905,135.8854166666665,18710.00000000022,14.653248228061416,4,18,0.17312706136676334,66.48079156483712,2.7888829502939294,42444.99999999943,9735.000000000491,72.44791666666667,rr_matrix_out/M5_ASIA_ORB15_SKIP_NEWS_RR5
M5_ASIA_ORB30_SKIP_NEWS_RR1,M5,ASIA,30,SKIP_NEWS,1.0,19:00,19:30,03:00,360,203,157,56.388888888888886,59174.9999999993,1.44400675295441,164.37499999999787,10100.0,7.020226593452462,9,6,0.13188937332017114,47.48017439526161,5.85891089108904,29974.999999999545,29199.99999999968,29.68611111111111,rr_matrix_out/M5_ASIA_ORB30_SKIP_NEWS_RR1
M5_ASIA_ORB30_SKIP_NEWS_RR1p5,M5,ASIA,30,SKIP_NEWS,1.5,19:00,19:30,03:00,343,156,187,45.481049562682216,72507.99999999907,1.4793125103288642,211.39358600582824,11239.999999999942,7.146581212884202,7,7,0.13402011048472154,45.968897896259485,6.450889679715253,37863.99999999917,34643.99999999991,42.45189504373178,rr_matrix_out/M5_ASIA_ORB30_SKIP_NEWS_RR1p5
M5_ASIA_ORB30_SKIP_NEWS_RR2,M5,ASIA,30,SKIP_NEWS,2.0,19:00,19:30,03:00,334,131,203,39.221556886227546,54579.99999999956,1.3301475925477821,163.41317365269288,15639.999999999942,10.711228298462505,6,11,0.14686501644016242,49.05291549101425,3.489769820971852,43299.99999999923,11280.0000000002,53.631736526946106,rr_matrix_out/M5_ASIA_ORB30_SKIP_NEWS_RR2
M5_ASIA_ORB30_SKIP_NEWS_RR2p5,M5,ASIA,30,SKIP_NEWS,2.5,19:00,19:30,03:00,325,110,215,33.84615384615385,52337.9999999991,1.3001892744479444,161.03999999999752,16360.00000000003,11.35598514559409,6,12,0.12327679505175074,40.06495839181899,3.199144254278668,45842.99999999911,6495.000000000073,65.17538461538462,rr_matrix_out/M5_ASIA_ORB30_SKIP_NEWS_RR2p5
M5_ASIA_ORB30_SKIP_NEWS_RR3,M5,ASIA,30,SKIP_NEWS,3.0,19:00,19:30,03:00,322,103,219,31.987577639751553,70029.9999999995,1.3979655623117535,217.4844720496874,16360.0,10.644458180162049,6,12,0.17326352741854678,55.79085582877206,4.2805623471882335,55334.999999999316,14695.000000000027,76.33229813664596,rr_matrix_out/M5_ASIA_ORB30_SKIP_NEWS_RR3
M5_ASIA_ORB30_SKIP_NEWS_RR3p5,M5,ASIA,30,SKIP_NEWS,3.5,19:00,19:30,03:00,321,95,226,29.595015576323984,76547.99999999895,1.4262138084632436,238.4672897196222,16360.0,9.886689832301,6,12,0.15918947883213216,51.09982270511443,4.678973105134411,57404.99999999879,19142.999999999938,81.95638629283489,rr_matrix_out/M5_ASIA_ORB30_SKIP_NEWS_RR3p5
M5_ASIA_ORB30_SKIP_NEWS_RR4,M5,ASIA,30,SKIP_NEWS,4.0,19:00,19:30,03:00,320,92,228,28.749999999999996,85959.99999999945,1.4763118523854328,268.62499999999756,16360.00000000003,9.521315291721288,6,12,0.195603948524405,62.5932635278096,5.254278728606314,60549.99999999891,25410.00000000031,88.2875,rr_matrix_out/M5_ASIA_ORB30_SKIP_NEWS_RR4
M5_ASIA_ORB30_SKIP_NEWS_RR4p5,M5,ASIA,30,SKIP_NEWS,4.5,19:00,19:30,03:00,320,91,229,28.4375,95624.99999999956,1.527266210851341,298.8281249999982,17249.99999999997,10.146402291616434,6,13,0.24498680722205232,78.39577831105674,5.543478260869549,61593.9999999991,34031.00000000031,96.015625,rr_matrix_out/M5_ASIA_ORB30_SKIP_NEWS_RR4p5
M5_ASIA_ORB30_SKIP_NEWS_RR5,M5,ASIA,30,SKIP_NEWS,5.0,19:00,19:30,03:00,319,89,230,27.89968652037618,100644.99999999962,1.5545942967350834,315.5015673981175,17250.0,9.745212134907655,6,13,0.25158895658917646,80.2568771519473,5.8344927536231665,65079.99999999933,35565.000000000146,103.58307210031347,rr_matrix_out/M5_ASIA_ORB30_SKIP_NEWS_RR5
M5_ASIA_ORB60_SKIP_NEWS_RR1,M5,ASIA,60,SKIP_NEWS,1.0,19:00,20:00,03:00,260,143,117,55.00000000000001,44194.999999999534,1.3243669724770597,169.9807692307674,19995.00000000035,13.91779487001038,9,8,0.10953695465364036,28.47960820994649,2.210302575643849,16714.99999999969,27479.99999999984,46.33076923076923,rr_matrix_out/M5_ASIA_ORB60_SKIP_NEWS_RR1
M5_ASIA_ORB60_SKIP_NEWS_RR1p5,M5,ASIA,60,SKIP_NEWS,1.5,19:00,20:00,03:00,247,109,138,44.12955465587044,52162.000000000466,1.3382201329226797,211.18218623481906,21164.999999999854,13.504804686004451,8,11,0.07765137746980187,19.17989023504106,2.4645405150012203,9964.00000000017,42198.00000000013,69.61538461538461,rr_matrix_out/M5_ASIA_ORB60_SKIP_NEWS_RR1p5
M5_ASIA_ORB60_SKIP_NEWS_RR2,M5,ASIA,60,SKIP_NEWS,2.0,19:00,20:00,03:00,244,103,141,42.21311475409836,67765.0,1.434488507036835,277.72540983606564,19449.99999999997,12.19091792284309,8,11,0.18705195897651694,45.640677990270135,3.484061696658103,30709.999999999945,37055.00000000006,80.99180327868852,rr_matrix_out/M5_ASIA_ORB60_SKIP_NEWS_RR2
M5_ASIA_ORB60_SKIP_NEWS_RR2p5,M5,ASIA,60,SKIP_NEWS,2.5,19:00,20:00,03:00,239,91,148,38.07531380753138,65112.00000000035,1.4049631495475339,272.4351464435156,19665.0,12.770973230637358,8,11,0.1776326174608668,42.45419557314717,3.31106025934403,22317.00000000005,42795.00000000017,95.97907949790795,rr_matrix_out/M5_ASIA_ORB60_SKIP_NEWS_RR2p5
M5_ASIA_ORB60_SKIP_NEWS_RR3,M5,ASIA,60,SKIP_NEWS,3.0,19:00,20:00,03:00,239,89,150,37.238493723849366,82685.00000000015,1.5091440886699519,345.96234309623486,19214.99999999997,11.56624330343706,8,11,0.2404074995186479,57.45739238495685,4.303148581837121,30779.99999999997,51905.00000000016,106.32635983263599,rr_matrix_out/M5_ASIA_ORB60_SKIP_NEWS_RR3
M5_ASIA_ORB60_SKIP_NEWS_RR3p5,M5,ASIA,60,SKIP_NEWS,3.5,19:00,20:00,03:00,239,87,152,36.40167364016737,97108.9999999998,1.5938480354685813,406.31380753137967,19524.999999999913,12.213200890734838,8,11,0.29229315456921917,69.85806394204339,4.9735723431498196,34580.99999999977,62527.99999999998,116.51464435146444,rr_matrix_out/M5_ASIA_ORB60_SKIP_NEWS_RR3p5
M5_ASIA_ORB60_SKIP_NEWS_RR4,M5,ASIA,60,SKIP_NEWS,4.0,19:00,20:00,03:00,238,83,155,34.87394957983193,108680.00000000055,1.6584272385799128,456.6386554621865,22944.999999999854,13.766311684415719,8,11,0.29757487536920235,70.82282033787016,4.736543909348496,37545.00000000007,71135.0000000003,124.4453781512605,rr_matrix_out/M5_ASIA_ORB60_SKIP_NEWS_RR4
M5_ASIA_ORB60_SKIP_NEWS_RR4p5,M5,ASIA,60,SKIP_NEWS,4.5,19:00,20:00,03:00,238,83,155,34.87394957983193,88818.99999999977,1.5381012964982415,373.1890756302512,22944.999999999884,14.330504081492403,8,11,0.26229477985152955,62.42615760466403,3.8709522771845815,30019.999999999753,58799.00000000003,138.08403361344537,rr_matrix_out/M5_ASIA_ORB60_SKIP_NEWS_RR4p5
M5_ASIA_ORB60_SKIP_NEWS_RR5,M5,ASIA,60,SKIP_NEWS,5.0,19:00,20:00,03:00,238,83,155,34.87394957983193,97824.9999999998,1.5926632739609825,411.02941176470495,22944.999999999884,14.181964274677009,8,11,0.3012391451158877,71.69491653758126,4.26345609065157,31309.999999999716,66515.00000000006,141.42016806722688,rr_matrix_out/M5_ASIA_ORB60_SKIP_NEWS_RR5
M5_LONDON_ORB15_SKIP_NEWS_RR1,M5,LONDON,15,SKIP_NEWS,1.0,03:00,03:15,09:30,436,200,236,45.87155963302752,-38224.9999999991,0.8037529520484691,-87.67201834862165,47209.99999999929,45.823829167677054,7,10,-0.07617546749300284,-33.21250382694924,-0.8096801525100545,-22504.9999999997,-15719.999999999345,23.022935779816514,rr_matrix_out/M5_LONDON_ORB15_SKIP_NEWS_RR1
M5_LONDON_ORB15_SKIP_NEWS_RR1p5,M5,LONDON,15,SKIP_NEWS,1.5,03:00,03:15,09:30,418,150,268,35.88516746411483,-48108.99999999943,0.7766371845764576,-115.09330143540542,62471.99999999956,60.19424959531291,6,11,-0.11072921293969243,-46.284811008791436,-0.7700889998719389,-21469.999999999665,-26638.999999999804,31.48803827751196,rr_matrix_out/M5_LONDON_ORB15_SKIP_NEWS_RR1p5
M5_LONDON_ORB15_SKIP_NEWS_RR2,M5,LONDON,15,SKIP_NEWS,2.0,03:00,03:15,09:30,406,115,291,28.32512315270936,-66474.99999999904,0.7112105480374514,-163.73152709359368,76759.99999999924,75.17383214180708,4,15,-0.18872418691324583,-76.6220198867778,-0.8660109431995792,-37454.99999999952,-29019.999999999527,40.27339901477833,rr_matrix_out/M5_LONDON_ORB15_SKIP_NEWS_RR2
M5_LONDON_ORB15_SKIP_NEWS_RR2p5,M5,LONDON,15,SKIP_NEWS,2.5,03:00,03:15,09:30,402,99,303,24.62686567164179,-61712.999999999214,0.7385873133538097,-153.51492537313231,71337.99999999927,70.00304198926402,4,15,-0.20656056488283045,-83.03734708289784,-0.8650789200706474,-39411.99999999981,-22300.999999999385,46.460199004975124,rr_matrix_out/M5_LONDON_ORB15_SKIP_NEWS_RR2p5
M5_LONDON_ORB15_SKIP_NEWS_RR3,M5,LONDON,15,SKIP_NEWS,3.0,03:00,03:15,09:30,399,90,309,22.55639097744361,-69169.99999999885,0.7116234470107606,-173.35839598997168,80879.99999999901,80.7951650766685,4,15,-0.21874330700404193,-87.27857949461273,-0.8552176063303623,-41889.999999999374,-27279.999999999338,50.39598997493734,rr_matrix_out/M5_LONDON_ORB15_SKIP_NEWS_RR3
M5_LONDON_ORB15_SKIP_NEWS_RR3p5,M5,LONDON,15,SKIP_NEWS,3.5,03:00,03:15,09:30,395,80,315,20.253164556962027,-75539.99999999927,0.689174176027653,-191.240506329112,81213.99999999948,81.12881474451771,3,17,-0.249902081560578,-98.71132221642831,-0.930135198364811,-44029.999999999694,-31509.999999999534,55.70632911392405,rr_matrix_out/M5_LONDON_ORB15_SKIP_NEWS_RR3p5
M5_LONDON_ORB15_SKIP_NEWS_RR4,M5,LONDON,15,SKIP_NEWS,4.0,03:00,03:15,09:30,395,79,316,20.0,-67979.99999999907,0.7207640172520055,-172.1012658227823,74584.99999999921,74.50676789371082,3,17,-0.2186589161811803,-86.37027189156622,-0.9114433197023502,-41769.99999999971,-26209.99999999931,57.39746835443038,rr_matrix_out/M5_LONDON_ORB15_SKIP_NEWS_RR4
M5_LONDON_ORB15_SKIP_NEWS_RR4p5,M5,LONDON,15,SKIP_NEWS,4.5,03:00,03:15,09:30,395,76,319,19.240506329113924,-71168.99999999907,0.70983406042321,-180.17468354430142,77942.99999999921,77.86124569202258,3,17,-0.21211816765766908,-83.78667622477928,-0.913090335244984,-53083.999999999694,-18084.999999999352,59.66075949367089,rr_matrix_out/M5_LONDON_ORB15_SKIP_NEWS_RR4p5
M5_LONDON_ORB15_SKIP_NEWS_RR5,M5,LONDON,15,SKIP_NEWS,5.0,03:00,03:15,09:30,394,72,322,18.274111675126903,-70049.99999999914,0.7157177062619239,-177.79187817258654,78159.99999999921,78.07801808101414,3,17,-0.2309940491884347,-91.01165538024327,-0.8962384851586469,-49989.99999999964,-20059.999999999447,61.29187817258883,rr_matrix_out/M5_LONDON_ORB15_SKIP_NEWS_RR5
M5_LONDON_ORB30_SKIP_NEWS_RR1,M5,LONDON,30,SKIP_NEWS,1.0,03:00,03:30,09:30,360,165,195,45.83333333333333,-30254.999999999403,0.8416217348060543,-84.04166666666495,45380.000000000015,44.02833026098759,7,10,-0.07411744427823337,-26.682279940164015,-0.666703393565434,-12299.999999999909,-17954.999999999472,30.933333333333334,rr_matrix_out/M5_LONDON_ORB30_SKIP_NEWS_RR1
M5_LONDON_ORB30_SKIP_NEWS_RR1p5,M5,LONDON,30,SKIP_NEWS,1.5,03:00,03:30,09:30,342,120,222,35.08771929824561,-50221.9999999996,0.763966631418166,-146.84795321637313,65894.9999999998,64.51818199620087,4,12,-0.13552294323065495,-46.348846584883994,-0.7621519083390205,-23866.000000000306,-26355.999999999312,44.92397660818713,rr_matrix_out/M5_LONDON_ORB30_SKIP_NEWS_RR1p5
M5_LONDON_ORB30_SKIP_NEWS_RR2,M5,LONDON,30,SKIP_NEWS,2.0,03:00,03:30,09:30,328,92,236,28.04878048780488,-68194.99999999927,0.6952655450544076,-207.91158536585135,79824.99999999935,78.52926709296541,4,13,-0.2130365485092564,-69.8759879110361,-0.8543062950203549,-38915.000000000284,-29279.999999998974,56.58536585365854,rr_matrix_out/M5_LONDON_ORB30_SKIP_NEWS_RR2
M5_LONDON_ORB30_SKIP_NEWS_RR2p5,M5,LONDON,30,SKIP_NEWS,2.5,03:00,03:30,09:30,327,86,241,26.299694189602445,-55122.999999999694,0.7569425459676361,-168.57186544342423,68755.99999999964,67.46935931780904,4,16,-0.1888451029101237,-61.752348651610454,-0.8017191226947464,-38613.000000000335,-16509.999999999403,62.42201834862385,rr_matrix_out/M5_LONDON_ORB30_SKIP_NEWS_RR2p5
M5_LONDON_ORB30_SKIP_NEWS_RR3,M5,LONDON,30,SKIP_NEWS,3.0,03:00,03:30,09:30,322,80,242,24.84472049689441,-58379.99999999979,0.743367694573269,-181.30434782608603,71789.99999999977,71.71469956545603,4,16,-0.1905753510480818,-61.365263037482336,-0.813205181780192,-39995.00000000035,-18384.999999999352,68.3975155279503,rr_matrix_out/M5_LONDON_ORB30_SKIP_NEWS_RR3
M5_LONDON_ORB30_SKIP_NEWS_RR3p5,M5,LONDON,30,SKIP_NEWS,3.5,03:00,03:30,09:30,319,75,244,23.510971786833856,-56142.99999999926,0.754071575627494,-175.99686520375943,67876.99999999933,67.80580390589813,4,16,-0.18745597256863566,-59.79845524939478,-0.8271284824019891,-36923.00000000018,-19219.999999999072,72.85266457680251,rr_matrix_out/M5_LONDON_ORB30_SKIP_NEWS_RR3p5
M5_LONDON_ORB30_SKIP_NEWS_RR4,M5,LONDON,30,SKIP_NEWS,4.0,03:00,03:30,09:30,319,74,245,23.197492163009404,-58649.999999999534,0.7435617157098524,-183.8557993730392,70264.9999999995,70.19129913590679,4,16,-0.1736886462927666,-55.40667816739254,-0.8346972176759403,-42845.000000000306,-15804.9999999992,75.38244514106583,rr_matrix_out/M5_LONDON_ORB30_SKIP_NEWS_RR4
M5_LONDON_ORB30_SKIP_NEWS_RR4p5,M5,LONDON,30,SKIP_NEWS,4.5,03:00,03:30,09:30,319,72,247,22.570532915360502,-58193.999999999476,0.7473944655453085,-182.42633228839944,71295.9999999995,71.22121772139204,4,16,-0.17152047736276282,-54.71503227872134,-0.8162309245960486,-46468.000000000255,-11725.999999999158,76.99373040752351,rr_matrix_out/M5_LONDON_ORB30_SKIP_NEWS_RR4p5
M5_LONDON_ORB30_SKIP_NEWS_RR5,M5,LONDON,30,SKIP_NEWS,5.0,03:00,03:30,09:30,319,70,249,21.9435736677116,-52929.999999999694,0.7710838162788696,-165.92476489028104,67519.99999999962,67.44917836271875,4,16,-0.16834441514725546,-53.70186843197449,-0.783915876777251,-43905.00000000043,-9024.999999999227,77.5705329153605,rr_matrix_out/M5_LONDON_ORB30_SKIP_NEWS_RR5
M5_LONDON_ORB60_SKIP_NEWS_RR1,M5,LONDON,60,SKIP_NEWS,1.0,03:00,04:00,09:30,257,112,145,43.57976653696498,-22074.999999999418,0.8646784772880551,-85.89494163423912,32044.99999999952,32.04499999999952,7,9,-0.10528967972378032,-27.05944768901154,-0.6888750195038149,-8795.000000000391,-13279.999999999063,46.961089494163424,rr_matrix_out/M5_LONDON_ORB60_SKIP_NEWS_RR1
M5_LONDON_ORB60_SKIP_NEWS_RR1p5,M5,LONDON,60,SKIP_NEWS,1.5,03:00,04:00,09:30,243,84,159,34.5679012345679,-28035.999999999098,0.8405867970660191,-115.37448559670395,40513.999999999316,40.513999999999314,4,11,-0.1437455982104677,-34.93018036514365,-0.6920077010416047,-18029.00000000018,-10006.99999999888,64.35390946502058,rr_matrix_out/M5_LONDON_ORB60_SKIP_NEWS_RR1p5
M5_LONDON_ORB60_SKIP_NEWS_RR2,M5,LONDON,60,SKIP_NEWS,2.0,03:00,04:00,09:30,236,68,168,28.8135593220339,-44779.99999999913,0.7590529997309691,-189.74576271186083,56224.99999999913,56.22499999999913,4,11,-0.2159335843085905,-50.96032589682736,-0.7964428634948835,-37225.000000000364,-7554.99999999879,77.34322033898304,rr_matrix_out/M5_LONDON_ORB60_SKIP_NEWS_RR2
M5_LONDON_ORB60_SKIP_NEWS_RR2p5,M5,LONDON,60,SKIP_NEWS,2.5,03:00,04:00,09:30,236,65,171,27.54237288135593,-35914.99999999901,0.8088916085776662,-152.18220338982633,48873.99999999926,48.873999999999256,4,13,-0.20458337848745087,-48.2816773230384,-0.7348487948602438,-38557.00000000006,2642.000000001053,81.57203389830508,rr_matrix_out/M5_LONDON_ORB60_SKIP_NEWS_RR2p5
M5_LONDON_ORB60_SKIP_NEWS_RR3,M5,LONDON,60,SKIP_NEWS,3.0,03:00,04:00,09:30,236,64,172,27.11864406779661,-31909.999999999214,0.8306218317895943,-135.21186440677636,44649.99999999927,44.649999999999274,4,13,-0.19892140714002357,-46.94545208504556,-0.7146696528555372,-32360.000000000222,450.00000000100044,85.07203389830508,rr_matrix_out/M5_LONDON_ORB60_SKIP_NEWS_RR3
M5_LONDON_ORB60_SKIP_NEWS_RR3p5,M5,LONDON,60,SKIP_NEWS,3.5,03:00,04:00,09:30,234,62,172,26.495726495726498,-25902.999999999272,0.8623681623761356,-110.69658119657798,43116.99999999959,43.11699999999959,4,17,-0.1999262901839581,-46.7827519030462,-0.60076072082936,-27304.000000000266,1401.0000000010205,87.88034188034187,rr_matrix_out/M5_LONDON_ORB60_SKIP_NEWS_RR3p5
M5_LONDON_ORB60_SKIP_NEWS_RR4,M5,LONDON,60,SKIP_NEWS,4.0,03:00,04:00,09:30,234,62,172,26.495726495726498,-27994.999999998894,0.8512526234690941,-119.6367521367476,42419.99999999956,42.41999999999956,4,17,-0.19569291697610225,-45.792142572407926,-0.6599481376708907,-32445.000000000153,4450.00000000123,90.35042735042735,rr_matrix_out/M5_LONDON_ORB60_SKIP_NEWS_RR4
M5_LONDON_ORB60_SKIP_NEWS_RR4p5,M5,LONDON,60,SKIP_NEWS,4.5,03:00,04:00,09:30,234,61,173,26.06837606837607,-25973.999999999098,0.8622872594242128,-110.99999999999602,42134.99999999991,42.13499999999991,4,17,-0.20899600869227258,-48.90506603399179,-0.616447134211443,-32755.000000000186,6781.000000001131,91.93162393162393,rr_matrix_out/M5_LONDON_ORB60_SKIP_NEWS_RR4p5
M5_LONDON_ORB60_SKIP_NEWS_RR5,M5,LONDON,60,SKIP_NEWS,5.0,03:00,04:00,09:30,234,61,173,26.06837606837607,-21594.99999999914,0.8855044801442169,-92.28632478632102,42134.99999999991,42.13499999999991,4,17,-0.19561979107879973,-45.77503111243914,-0.512519283256181,-31040.000000000146,9445.00000000103,92.73504273504274,rr_matrix_out/M5_LONDON_ORB60_SKIP_NEWS_RR5
M5_NEW_YORK_ORB15_SKIP_NEWS_RR1,M5,NEW_YORK,15,SKIP_NEWS,1.0,09:30,09:45,16:55,260,137,122,52.69230769230769,18834.999999999345,1.1250041480006592,72.4423076923052,14209.999999999709,10.84194865143229,14,6,0.025585900810594718,6.652334210754627,1.3254750175932253,9304.99999999988,9529.999999999472,69.3423076923077,rr_matrix_out/M5_NEW_YORK_ORB15_SKIP_NEWS_RR1
M5_NEW_YORK_ORB15_SKIP_NEWS_RR1p5,M5,NEW_YORK,15,SKIP_NEWS,1.5,09:30,09:45,16:55,242,109,132,45.04132231404959,15235.9999999992,1.0922946450205904,62.95867768594671,19512.000000000466,16.401948885722874,13,6,0.025371855230593505,6.139988965803628,0.7808528085280256,1149.9999999996362,14085.999999999467,91.41735537190083,rr_matrix_out/M5_NEW_YORK_ORB15_SKIP_NEWS_RR1p5
M5_NEW_YORK_ORB15_SKIP_NEWS_RR2,M5,NEW_YORK,15,SKIP_NEWS,2.0,09:30,09:45,16:55,235,94,140,40.0,9569.999999999593,1.0554653993276895,40.72340425531732,22475.00000000038,17.817401796487566,10,14,-0.006832246890965772,-1.6055780193769564,0.42580645161287795,-12615.00000000001,22184.99999999958,108.47234042553191,rr_matrix_out/M5_NEW_YORK_ORB15_SKIP_NEWS_RR2
M5_NEW_YORK_ORB15_SKIP_NEWS_RR2p5,M5,NEW_YORK,15,SKIP_NEWS,2.5,09:30,09:45,16:55,233,89,143,38.197424892703864,15522.999999999418,1.088324324324321,66.62231759656399,22245.000000000044,18.716555043247123,9,14,0.030326700224104993,7.066121152216463,0.6978197347718313,-11569.000000000053,27091.99999999946,116.92703862660944,rr_matrix_out/M5_NEW_YORK_ORB15_SKIP_NEWS_RR2p5
M5_NEW_YORK_ORB15_SKIP_NEWS_RR3,M5,NEW_YORK,15,SKIP_NEWS,3.0,09:30,09:45,16:55,233,86,146,36.9098712446352,8279.9999999992,1.046175724284077,35.53648068669224,27375.000000000073,24.159385755891037,5,14,0.03138160784268611,7.311914627345863,0.3024657534246275,-23135.000000000036,31414.999999999323,144.4549356223176,rr_matrix_out/M5_NEW_YORK_ORB15_SKIP_NEWS_RR3
M5_NEW_YORK_ORB15_SKIP_NEWS_RR3p5,M5,NEW_YORK,15,SKIP_NEWS,3.5,09:30,09:45,16:55,230,81,148,35.21739130434783,2255.9999999995634,1.0124517054862545,9.80869565217211,31371.999999999985,28.150208623087664,4,14,-0.004360509096258189,-1.0029170921393835,0.07191125844700894,-25780.000000000156,28035.99999999974,153.66086956521738,rr_matrix_out/M5_NEW_YORK_ORB15_SKIP_NEWS_RR3p5
M5_NEW_YORK_ORB15_SKIP_NEWS_RR4,M5,NEW_YORK,15,SKIP_NEWS,4.0,09:30,09:45,16:55,230,80,149,34.78260869565217,11914.999999999418,1.0655084256535698,51.80434782608482,30749.99999999997,26.939419159840583,4,15,0.02176666707678637,5.006333427660865,0.3874796747967294,-25380.00000000015,37294.999999999665,159.19565217391303,rr_matrix_out/M5_NEW_YORK_ORB15_SKIP_NEWS_RR4
M5_NEW_YORK_ORB15_SKIP_NEWS_RR4p5,M5,NEW_YORK,15,SKIP_NEWS,4.5,09:30,09:45,16:55,228,79,149,34.64912280701755,16129.999999999272,1.0886190698568763,70.74561403508481,30128.00000000003,25.784586417904137,4,15,0.020570180544345097,4.690001164110682,0.5353823685607826,-26376.00000000007,42505.9999999994,165.27631578947367,rr_matrix_out/M5_NEW_YORK_ORB15_SKIP_NEWS_RR4p5
M5_NEW_YORK_ORB15_SKIP_NEWS_RR5,M5,NEW_YORK,15,SKIP_NEWS,5.0,09:30,09:45,16:55,228,79,149,34.64912280701755,20209.99999999936,1.111034804823775,88.64035087719034,29504.999999999985,24.681082437575842,4,15,0.036462443744960306,8.31343717385095,0.6849686493814394,-23785.000000000084,43994.99999999948,169.56578947368422,rr_matrix_out/M5_NEW_YORK_ORB15_SKIP_NEWS_RR5
M5_NEW_YORK_ORB30_SKIP_NEWS_RR1,M5,NEW_YORK,30,SKIP_NEWS,1.0,09:30,10:00,16:55,204,103,100,50.49019607843137,-3319.9999999999563,0.9780764024168789,-16.274509803921248,28119.99999999987,23.16500535464196,6,6,-0.008306011485308606,-1.6944263430029558,-0.11806543385490653,-23090.00000000001,19770.000000000076,114.76960784313725,rr_matrix_out/M5_NEW_YORK_ORB30_SKIP_NEWS_RR1
M5_NEW_YORK_ORB30_SKIP_NEWS_RR1p5,M5,NEW_YORK,30,SKIP_NEWS,1.5,09:30,10:00,16:55,193,85,107,44.04145077720207,-5085.999999999738,0.9679025590861772,-26.35233160621628,29375.0,24.628167077485454,6,6,-0.020691716395485407,-3.9935012643286836,-0.17314042553190598,-42077.00000000019,36991.000000000444,139.9896373056995,rr_matrix_out/M5_NEW_YORK_ORB30_SKIP_NEWS_RR1p5
M5_NEW_YORK_ORB30_SKIP_NEWS_RR2,M5,NEW_YORK,30,SKIP_NEWS,2.0,09:30,10:00,16:55,191,79,112,41.361256544502616,7070.000000000204,1.0428251256890189,37.015706806283596,28630.00000000006,22.657486546375484,5,12,0.005696796877236175,1.0880882035521093,0.2469437652811802,-34975.00000000009,42045.000000000255,154.38743455497382,rr_matrix_out/M5_NEW_YORK_ORB30_SKIP_NEWS_RR2
M5_NEW_YORK_ORB30_SKIP_NEWS_RR2p5,M5,NEW_YORK,30,SKIP_NEWS,2.5,09:30,10:00,16:55,191,77,114,40.31413612565445,24279.000000000553,1.1459600817602524,127.11518324607543,31370.00000000003,23.262022171962496,5,12,0.036892766912313704,7.046518480251917,0.7739560089257421,-28726.99999999995,53006.00000000037,164.91623036649216,rr_matrix_out/M5_NEW_YORK_ORB30_SKIP_NEWS_RR2p5
M5_NEW_YORK_ORB30_SKIP_NEWS_RR3,M5,NEW_YORK,30,SKIP_NEWS,3.0,09:30,10:00,16:55,190,75,115,39.473684210526315,29695.000000000146,1.1777079593058055,156.28947368421086,31370.00000000003,23.337300996875506,5,12,0.03493964041575646,6.638531678993727,0.9466050366592323,-25755.00000000002,55450.00000000011,173.6578947368421,rr_matrix_out/M5_NEW_YORK_ORB30_SKIP_NEWS_RR3
M5_NEW_YORK_ORB30_SKIP_NEWS_RR3p5,M5,NEW_YORK,30,SKIP_NEWS,3.5,09:30,10:00,16:55,187,71,116,37.967914438502675,16165.000000000407,1.0955858439523427,86.44385026738193,35849.999999999956,27.510685810318215,5,12,-0.008745523242346223,-1.6354128463187436,0.4509065550906674,-38891.99999999992,55057.00000000033,185.9572192513369,rr_matrix_out/M5_NEW_YORK_ORB30_SKIP_NEWS_RR3p5
M5_NEW_YORK_ORB30_SKIP_NEWS_RR4,M5,NEW_YORK,30,SKIP_NEWS,4.0,09:30,10:00,16:55,187,71,116,37.967914438502675,22215.000000000175,1.1313603169440927,118.79679144385133,35849.99999999997,26.548672566371685,5,12,0.012253531244125464,2.291410342651462,0.6196652719665325,-37539.99999999996,59755.00000000015,191.59358288770053,rr_matrix_out/M5_NEW_YORK_ORB30_SKIP_NEWS_RR4
M5_NEW_YORK_ORB30_SKIP_NEWS_RR4p5,M5,NEW_YORK,30,SKIP_NEWS,4.5,09:30,10:00,16:55,187,71,116,37.967914438502675,24047.000000000437,1.1421931821541578,128.59358288770238,35849.99999999994,25.651483278238075,5,12,0.005991804317471501,1.1204674073671708,0.6707670850767218,-36186.99999999999,60234.00000000033,197.1283422459893,rr_matrix_out/M5_NEW_YORK_ORB30_SKIP_NEWS_RR4p5
M5_NEW_YORK_ORB30_SKIP_NEWS_RR5,M5,NEW_YORK,30,SKIP_NEWS,5.0,09:30,10:00,16:55,187,71,116,37.967914438502675,31320.00000000035,1.185199420512671,167.48663101604444,35849.99999999997,24.81312292358803,5,12,0.026316718799757777,4.921226415554704,0.8736401673640272,-34834.99999999995,66155.00000000026,199.2673796791444,rr_matrix_out/M5_NEW_YORK_ORB30_SKIP_NEWS_RR5
M5_NEW_YORK_ORB60_SKIP_NEWS_RR1,M5,NEW_YORK,60,SKIP_NEWS,1.0,09:30,10:30,16:55,137,69,68,50.36496350364964,-5714.999999999767,0.9513865260292633,-41.71532846715169,21095.000000000175,20.77097282394662,7,8,-0.008940993203795218,-1.2249160689199448,-0.2709172789760474,-13359.999999999673,7644.999999999891,143.86861313868613,rr_matrix_out/M5_NEW_YORK_ORB60_SKIP_NEWS_RR1
M5_NEW_YORK_ORB60_SKIP_NEWS_RR1p5,M5,NEW_YORK,60,SKIP_NEWS,1.5,09:30,10:30,16:55,130,60,70,46.15384615384615,-11275.99999999965,0.9064077025232424,-86.7384615384596,35339.0000000001,34.57151242418324,4,8,-0.02048163594536751,-2.6626126728977764,-0.3190809021194606,-17622.999999999683,6346.9999999999345,171.83076923076922,rr_matrix_out/M5_NEW_YORK_ORB60_SKIP_NEWS_RR1p5
M5_NEW_YORK_ORB60_SKIP_NEWS_RR2,M5,NEW_YORK,60,SKIP_NEWS,2.0,09:30,10:30,16:55,128,57,71,44.53125,-5469.9999999998545,0.9547372776168814,-42.73437499999915,32225.00000000019,31.525141850909993,4,8,0.001837458479865101,0.23519468542273292,-0.16974398758727144,-19754.999999999745,14284.999999999854,184.1640625,rr_matrix_out/M5_NEW_YORK_ORB60_SKIP_NEWS_RR2
M5_NEW_YORK_ORB60_SKIP_NEWS_RR2p5,M5,NEW_YORK,60,SKIP_NEWS,2.5,09:30,10:30,16:55,125,54,71,43.2,-8568.999999999593,0.9290939180802683,-68.55199999999675,33560.00000000013,32.83114850322846,4,8,-0.007801975063093812,-0.9752468828867266,-0.2553337306316913,-17082.99999999963,8514.000000000033,199.048,rr_matrix_out/M5_NEW_YORK_ORB60_SKIP_NEWS_RR2p5
M5_NEW_YORK_ORB60_SKIP_NEWS_RR3,M5,NEW_YORK,60,SKIP_NEWS,3.0,09:30,10:30,16:55,125,54,71,43.2,-10209.999999999738,0.915515101365331,-81.67999999999812,31175.000000000276,30.497945607513483,4,8,0.00552587129795855,0.6907339122448187,-0.32750601443463184,-22204.999999999654,11994.999999999893,204.28,rr_matrix_out/M5_NEW_YORK_ORB60_SKIP_NEWS_RR3
M5_NEW_YORK_ORB60_SKIP_NEWS_RR3p5,M5,NEW_YORK,60,SKIP_NEWS,3.5,09:30,10:30,16:55,125,54,71,43.2,-9337.99999999968,0.9227306578403,-74.70399999999792,28790.00000000013,28.164742711798212,4,8,0.017392506699194767,2.1740633373993457,-0.3243487321986675,-21234.999999999673,11896.999999999936,208.784,rr_matrix_out/M5_NEW_YORK_ORB60_SKIP_NEWS_RR3p5
M5_NEW_YORK_ORB60_SKIP_NEWS_RR4,M5,NEW_YORK,60,SKIP_NEWS,4.0,09:30,10:30,16:55,125,54,71,43.2,-5989.999999999651,0.9504344228382319,-47.91999999999756,26405.00000000019,25.83153981608315,4,8,0.03505262063857655,4.381577579822069,-0.22685097519407718,-20264.9999999996,14274.99999999991,212.968,rr_matrix_out/M5_NEW_YORK_ORB60_SKIP_NEWS_RR4
M5_NEW_YORK_ORB60_SKIP_NEWS_RR4p5,M5,NEW_YORK,60,SKIP_NEWS,4.5,09:30,10:30,16:55,125,54,71,43.2,-2394.9999999995925,0.9801820438560233,-19.159999999996945,24020.00000000016,23.498336920367993,4,8,0.0550540451607342,6.881755645091775,-0.09970857618649362,-19294.999999999618,16900.0,213.416,rr_matrix_out/M5_NEW_YORK_ORB60_SKIP_NEWS_RR4p5
M5_NEW_YORK_ORB60_SKIP_NEWS_RR5,M5,NEW_YORK,60,SKIP_NEWS,5.0,09:30,10:30,16:55,125,54,71,43.2,845.000000000291,1.0069921390153107,6.760000000002008,22115.00000000032,21.533592989289485,4,8,0.0720151874834963,9.001898435437038,0.038209360162798044,-18324.999999999636,19169.99999999989,215.68,rr_matrix_out/M5_NEW_YORK_ORB60_SKIP_NEWS_RR5
M15_ASIA_ORB15_INCLUDE_NEWS_RR1,M15,ASIA,15,INCLUDE_NEWS,1.0,19:00,19:15,03:00,383,203,180,53.00261096605744,33494.99999999913,1.1898540456284483,87.45430809399224,16080.000000000204,11.425729207375744,8,12,0.03727969802361094,14.27812434304299,2.0830223880596206,5049.999999999272,28444.999999999753,34.882506527415146,rr_matrix_out/M15_ASIA_ORB15_INCLUDE_NEWS_RR1
M15_ASIA_ORB15_INCLUDE_NEWS_RR1p5,M15,ASIA,15,INCLUDE_NEWS,1.5,19:00,19:15,03:00,376,167,209,44.41489361702128,30799.999999999418,1.1512027491408898,81.91489361701947,22243.000000000175,15.892057186542315,8,13,0.03928439821966771,14.770933730595061,1.3847053005439542,11371.99999999957,19427.999999999745,50.545212765957444,rr_matrix_out/M15_ASIA_ORB15_INCLUDE_NEWS_RR1p5
M15_ASIA_ORB15_INCLUDE_NEWS_RR2,M15,ASIA,15,INCLUDE_NEWS,2.0,19:00,19:15,03:00,374,145,229,38.770053475935825,9030.000000000102,1.0410491862896636,24.144385026738377,30735.00000000022,24.622471460044224,4,16,0.03699786272614923,13.837200659579812,0.2938018545632028,13019.999999999754,-3989.9999999996,62.96524064171123,rr_matrix_out/M15_ASIA_ORB15_INCLUDE_NEWS_RR2
M15_ASIA_ORB15_INCLUDE_NEWS_RR2p5,M15,ASIA,15,INCLUDE_NEWS,2.5,19:00,19:15,03:00,370,134,236,36.21621621621622,26103.99999999984,1.1169036476410121,70.55135135135085,28933.00000000016,22.093005497862077,4,16,0.07410681988373195,27.41952335698082,0.9022223758338125,19435.999999999738,6668.000000000075,70.8945945945946,rr_matrix_out/M15_ASIA_ORB15_INCLUDE_NEWS_RR2p5
M15_ASIA_ORB15_INCLUDE_NEWS_RR3,M15,ASIA,15,INCLUDE_NEWS,3.0,19:00,19:15,03:00,370,131,239,35.4054054054054,48749.99999999968,1.2169318055401033,131.7567567567559,26705.00000000029,19.424643584521636,4,16,0.15008436256636243,55.531214149554096,1.8255008425388186,28754.999999999654,19995.00000000003,77.42432432432433,rr_matrix_out/M15_ASIA_ORB15_INCLUDE_NEWS_RR3
M15_ASIA_ORB15_INCLUDE_NEWS_RR3p5,M15,ASIA,15,INCLUDE_NEWS,3.5,19:00,19:15,03:00,367,125,242,34.05994550408719,61607.99999999939,1.2727164073393646,167.86920980926192,22617.000000000175,15.837015355960155,4,16,0.18441105611769892,67.67885759519551,2.723968696113495,37950.99999999943,23656.999999999698,83.00272479564033,rr_matrix_out/M15_ASIA_ORB15_INCLUDE_NEWS_RR3p5
M15_ASIA_ORB15_INCLUDE_NEWS_RR4,M15,ASIA,15,INCLUDE_NEWS,4.0,19:00,19:15,03:00,366,122,244,33.33333333333333,81059.99999999933,1.357801809755018,221.47540983606353,22934.999999999985,15.05266957634633,4,16,0.23919032568110202,87.54365919928334,3.534336167429666,43729.99999999938,37329.999999999876,88.74863387978142,rr_matrix_out/M15_ASIA_ORB15_INCLUDE_NEWS_RR4
M15_ASIA_ORB15_INCLUDE_NEWS_RR4p5,M15,ASIA,15,INCLUDE_NEWS,4.5,19:00,19:15,03:00,366,121,245,33.060109289617486,94809.99999999991,1.4167289349918666,259.0437158469932,22441.99999999994,14.372814489375058,4,16,0.29394637484293723,107.58437319251502,4.224668033152133,45035.99999999951,49774.000000000015,93.91803278688525,rr_matrix_out/M15_ASIA_ORB15_INCLUDE_NEWS_RR4p5
M15_ASIA_ORB15_INCLUDE_NEWS_RR5,M15,ASIA,15,INCLUDE_NEWS,5.0,19:00,19:15,03:00,365,119,246,32.602739726027394,93219.99999999985,1.4093443990690715,255.39726027397157,21949.999999999927,14.875304960693935,3,16,0.311237586936387,113.60171923178125,4.246924829157183,49569.99999999975,43649.99999999987,98.4931506849315,rr_matrix_out/M15_ASIA_ORB15_INCLUDE_NEWS_RR5
M15_ASIA_ORB30_INCLUDE_NEWS_RR1,M15,ASIA,30,INCLUDE_NEWS,1.0,19:00,19:30,03:00,360,190,169,52.77777777777778,45644.99999999962,1.2475392499796607,126.79166666666549,19280.00000000003,13.525553334034916,9,12,0.0398716342669197,14.35378833609109,2.36747925311201,14799.999999999636,30844.999999999935,45.23888888888889,rr_matrix_out/M15_ASIA_ORB30_INCLUDE_NEWS_RR1
M15_ASIA_ORB30_INCLUDE_NEWS_RR1p5,M15,ASIA,30,INCLUDE_NEWS,1.5,19:00,19:30,03:00,347,149,198,42.93948126801153,19500.99999999946,1.092584152304987,56.19884726224633,29656.000000000422,22.95658097427712,5,12,-0.003165129269023955,-1.0982998563513124,0.6575735095764494,24357.9999999999,-4857.000000000426,68.23631123919309,rr_matrix_out/M15_ASIA_ORB30_INCLUDE_NEWS_RR1p5
M15_ASIA_ORB30_INCLUDE_NEWS_RR2,M15,ASIA,30,INCLUDE_NEWS,2.0,19:00,19:30,03:00,346,135,211,39.017341040462426,43490.000000000146,1.1956981505647304,125.69364161849741,29325.000000000102,20.163646990064397,5,19,0.03869136134741863,13.387211026206845,1.4830349531116793,42599.99999999991,890.000000000191,78.05491329479769,rr_matrix_out/M15_ASIA_ORB30_INCLUDE_NEWS_RR2
M15_ASIA_ORB30_INCLUDE_NEWS_RR2p5,M15,ASIA,30,INCLUDE_NEWS,2.5,19:00,19:30,03:00,343,126,217,36.734693877551024,44440.99999999956,1.1960171136203217,129.56559766763672,29864.000000000306,21.05040565592224,4,19,0.058005835044011946,19.8960014200961,1.4881127779265708,33310.99999999947,11129.999999999925,91.14285714285714,rr_matrix_out/M15_ASIA_ORB30_INCLUDE_NEWS_RR2p5
M15_ASIA_ORB30_INCLUDE_NEWS_RR3,M15,ASIA,30,INCLUDE_NEWS,3.0,19:00,19:30,03:00,342,123,219,35.96491228070175,63694.999999999796,1.2787222404550915,186.24269005847893,27860.00000000003,18.706774994964135,4,19,0.11743296871537973,40.162075300659865,2.2862526920315767,40394.99999999962,23300.000000000182,97.58187134502924,rr_matrix_out/M15_ASIA_ORB30_INCLUDE_NEWS_RR3
M15_ASIA_ORB30_INCLUDE_NEWS_RR3p5,M15,ASIA,30,INCLUDE_NEWS,3.5,19:00,19:30,03:00,340,118,222,34.705882352941174,80391.99999999933,1.3493785310734434,236.4470588235277,27860.00000000003,17.284379536684405,4,19,0.15204987258451522,51.69695667873518,2.885570710696312,43054.99999999961,37336.9999999998,102.95,rr_matrix_out/M15_ASIA_ORB30_INCLUDE_NEWS_RR3p5
M15_ASIA_ORB30_INCLUDE_NEWS_RR4,M15,ASIA,30,INCLUDE_NEWS,4.0,19:00,19:30,03:00,340,116,224,34.11764705882353,99299.99999999921,1.4291641455614106,292.0588235294096,27860.00000000003,15.840796019900564,4,19,0.19257811708994355,65.47655981058081,3.5642498205311957,46744.99999999943,52554.99999999984,107.09705882352941,rr_matrix_out/M15_ASIA_ORB30_INCLUDE_NEWS_RR4
M15_ASIA_ORB30_INCLUDE_NEWS_RR4p5,M15,ASIA,30,INCLUDE_NEWS,4.5,19:00,19:30,03:00,340,116,224,34.11764705882353,115396.9999999993,1.498733684847434,339.4029411764689,27860.00000000003,15.514200245510004,4,19,0.24184497158249452,82.22729033804814,4.142031586503919,46004.999999999425,69392.0,113.45,rr_matrix_out/M15_ASIA_ORB30_INCLUDE_NEWS_RR4p5
M15_ASIA_ORB30_INCLUDE_NEWS_RR5,M15,ASIA,30,INCLUDE_NEWS,5.0,19:00,19:30,03:00,339,115,224,33.92330383480826,112829.99999999927,1.4876393811046729,332.8318584070777,27860.00000000003,16.26686893587443,4,19,0.25746879876120937,87.28192278004998,4.04989231873651,49009.99999999963,63819.9999999997,120.02654867256638,rr_matrix_out/M15_ASIA_ORB30_INCLUDE_NEWS_RR5
M15_ASIA_ORB60_INCLUDE_NEWS_RR1,M15,ASIA,60,INCLUDE_NEWS,1.0,19:00,20:00,03:00,300,161,139,53.666666666666664,55600.00000000026,1.2976843796011264,185.33333333333425,25400.000000000087,16.237294636578742,7,12,0.05189987786212599,15.569963358637798,2.1889763779527587,8684.999999999945,46915.00000000033,64.38666666666667,rr_matrix_out/M15_ASIA_ORB60_INCLUDE_NEWS_RR1
M15_ASIA_ORB60_INCLUDE_NEWS_RR1p5,M15,ASIA,60,INCLUDE_NEWS,1.5,19:00,20:00,03:00,291,131,160,45.017182130584196,47097.99999999977,1.2301955034213095,161.84879725085867,39351.00000000048,24.113905434223398,7,12,0.03459018775251967,10.065744635983224,1.196869202815664,11020.999999999458,36077.00000000041,89.15807560137458,rr_matrix_out/M15_ASIA_ORB60_INCLUDE_NEWS_RR1p5
M15_ASIA_ORB60_INCLUDE_NEWS_RR2,M15,ASIA,60,INCLUDE_NEWS,2.0,19:00,20:00,03:00,289,125,164,43.25259515570934,63355.0,1.2989359945266243,219.22145328719714,37040.00000000071,22.91157640800463,7,17,0.11179334368886348,32.30827632608155,1.7104481641468354,32669.99999999971,30685.000000000262,103.58477508650519,rr_matrix_out/M15_ASIA_ORB60_INCLUDE_NEWS_RR2
M15_ASIA_ORB60_INCLUDE_NEWS_RR2p5,M15,ASIA,60,INCLUDE_NEWS,2.5,19:00,20:00,03:00,286,117,169,40.909090909090914,65887.0000000002,1.3055912432457513,230.37412587412663,39207.00000000035,23.764266621409664,7,17,0.1212782801032717,34.68558810953571,1.6804907286963964,26083.99999999947,39803.00000000075,119.20979020979021,rr_matrix_out/M15_ASIA_ORB60_INCLUDE_NEWS_RR2p5
M15_ASIA_ORB60_INCLUDE_NEWS_RR3,M15,ASIA,60,INCLUDE_NEWS,3.0,19:00,20:00,03:00,286,116,170,40.55944055944056,76510.00000000012,1.3529384629578376,267.5174825174825,37555.000000000495,22.534577420419694,7,17,0.16785220272167334,48.00572997839858,2.0372786579682893,26824.999999999316,49685.00000000067,128.2097902097902,rr_matrix_out/M15_ASIA_ORB60_INCLUDE_NEWS_RR3
M15_ASIA_ORB60_INCLUDE_NEWS_RR3p5,M15,ASIA,60,INCLUDE_NEWS,3.5,19:00,20:00,03:00,286,115,171,40.20979020979021,83158.99999999953,1.3812272216746493,290.7657342657326,35902.00000000044,21.324669307848364,7,17,0.208230715006159,59.553984491761476,2.3162776446994187,30983.99999999933,52175.00000000018,134.6993006993007,rr_matrix_out/M15_ASIA_ORB60_INCLUDE_NEWS_RR3p5
M15_ASIA_ORB60_INCLUDE_NEWS_RR4,M15,ASIA,60,INCLUDE_NEWS,4.0,19:00,20:00,03:00,285,113,172,39.64912280701755,91625.00000000006,1.4185796843235339,321.4912280701753,40030.000000000466,23.667484553759074,7,17,0.2207696072027075,62.919338052771636,2.288908318760904,30634.99999999949,60990.00000000046,140.9438596491228,rr_matrix_out/M15_ASIA_ORB60_INCLUDE_NEWS_RR4
M15_ASIA_ORB60_INCLUDE_NEWS_RR4p5,M15,ASIA,60,INCLUDE_NEWS,4.5,19:00,20:00,03:00,285,112,173,39.29824561403509,98805.99999999985,1.4501207234294549,346.68771929824436,39572.000000000466,22.915846285701303,7,17,0.2284081230584716,65.0963150716644,2.4968664712422597,31898.99999999934,66907.00000000029,144.86315789473684,rr_matrix_out/M15_ASIA_ORB60_INCLUDE_NEWS_RR4p5
M15_ASIA_ORB60_INCLUDE_NEWS_RR5,M15,ASIA,60,INCLUDE_NEWS,5.0,19:00,20:00,03:00,285,112,173,39.29824561403509,97624.99999999977,1.4447405585166953,342.54385964912177,40470.00000000044,25.09456191480152,7,17,0.2549338611852543,72.65615043779748,2.412280701754354,33479.999999999476,64145.000000000255,147.86666666666667,rr_matrix_out/M15_ASIA_ORB60_INCLUDE_NEWS_RR5
M15_LONDON_ORB15_INCLUDE_NEWS_RR1,M15,LONDON,15,INCLUDE_NEWS,1.0,03:00,03:15,09:30,400,171,229,42.75,-33694.999999998574,0.8381837391346164,-84.23749999999643,44559.99999999859,43.83885090265,6,11,-0.13908461476703649,-55.63384590681459,-0.7561714542190224,-8044.999999999709,-25649.999999998865,37.68,rr_matrix_out/M15_LONDON_ORB15_INCLUDE_NEWS_RR1
M15_LONDON_ORB15_INCLUDE_NEWS_RR1p5,M15,LONDON,15,INCLUDE_NEWS,1.5,03:00,03:15,09:30,392,132,260,33.6734693877551,-45290.99999999862,0.8071081771720661,-115.53826530611882,61643.99999999887,60.159856343992566,6,15,-0.1786912549833128,-70.04697195345862,-0.7347187074167713,-22731.99999999997,-22558.999999998603,49.85459183673469,rr_matrix_out/M15_LONDON_ORB15_INCLUDE_NEWS_RR1p5
M15_LONDON_ORB15_INCLUDE_NEWS_RR2,M15,LONDON,15,INCLUDE_NEWS,2.0,03:00,03:15,09:30,388,106,282,27.31958762886598,-53099.999999998734,0.7889591033742738,-136.85567010308927,63599.999999998894,62.880023728309766,5,15,-0.23153821449149753,-89.83682722270105,-0.8349056603773531,-31889.999999999556,-21209.999999999083,60.46134020618557,rr_matrix_out/M15_LONDON_ORB15_INCLUDE_NEWS_RR2
M15_LONDON_ORB15_INCLUDE_NEWS_RR2p5,M15,LONDON,15,INCLUDE_NEWS,2.5,03:00,03:15,09:30,388,101,287,26.03092783505155,-40877.99999999848,0.8411363503876621,-105.35567010308895,64823.99999999929,58.32066288202438,5,17,-0.1927594272094948,-74.79065775728398,-0.6305997778600353,-32319.999999999574,-8557.999999998947,65.28350515463917,rr_matrix_out/M15_LONDON_ORB15_INCLUDE_NEWS_RR2p5
M15_LONDON_ORB15_INCLUDE_NEWS_RR3,M15,LONDON,15,INCLUDE_NEWS,3.0,03:00,03:15,09:30,387,95,292,24.54780361757106,-44699.99999999879,0.8281727498126085,-115.50387596898906,67124.99999999952,60.3696375573335,5,17,-0.18346759179441502,-71.00195802443861,-0.665921787709484,-24204.999999999654,-20494.99999999912,71.65633074935401,rr_matrix_out/M15_LONDON_ORB15_INCLUDE_NEWS_RR3
M15_LONDON_ORB15_INCLUDE_NEWS_RR3p5,M15,LONDON,15,INCLUDE_NEWS,3.5,03:00,03:15,09:30,383,85,298,22.193211488250654,-68866.99999999895,0.7390660225442864,-179.80939947780382,85001.9999999992,82.89643066120463,4,17,-0.22313958590387084,-85.46246140118254,-0.8101809369191266,-38256.99999999988,-30609.99999999899,76.53524804177546,rr_matrix_out/M15_LONDON_ORB15_INCLUDE_NEWS_RR3p5
M15_LONDON_ORB15_INCLUDE_NEWS_RR4,M15,LONDON,15,INCLUDE_NEWS,4.0,03:00,03:15,09:30,383,82,301,21.409921671018274,-69314.99999999862,0.7398915511192039,-180.97911227153682,84894.9999999988,84.17530117495295,4,17,-0.21558296532496293,-82.5682757194608,-0.8164791801637269,-40649.99999999982,-28664.999999998778,78.8537859007833,rr_matrix_out/M15_LONDON_ORB15_INCLUDE_NEWS_RR4
M15_LONDON_ORB15_INCLUDE_NEWS_RR4p5,M15,LONDON,15,INCLUDE_NEWS,4.5,03:00,03:15,09:30,383,81,302,21.148825065274153,-63934.999999998894,0.7605296177687917,-166.93211488250353,78092.99999999897,78.09299999999897,4,17,-0.19360174604950312,-74.14946873695969,-0.8187033408884246,-38660.99999999978,-25273.999999999072,80.64490861618799,rr_matrix_out/M15_LONDON_ORB15_INCLUDE_NEWS_RR4p5
M15_LONDON_ORB15_INCLUDE_NEWS_RR5,M15,LONDON,15,INCLUDE_NEWS,5.0,03:00,03:15,09:30,383,80,303,20.887728459530024,-58419.99999999866,0.781427716252623,-152.5326370757144,72099.9999999989,72.0999999999989,4,17,-0.1804274994785901,-69.10373230030001,-0.810263522884876,-36654.9999999997,-21764.999999998916,82.62402088772846,rr_matrix_out/M15_LONDON_ORB15_INCLUDE_NEWS_RR5
M15_LONDON_ORB30_INCLUDE_NEWS_RR1,M15,LONDON,30,INCLUDE_NEWS,1.0,03:00,03:30,09:30,340,162,178,47.647058823529406,3300.000000000553,1.0175354694723453,9.705882352943188,31404.999999999927,28.333634067123644,11,10,-0.03735696208362013,-12.701367108430846,0.10507880910684797,9824.999999999682,-6524.999999999,45.09117647058824,rr_matrix_out/M15_LONDON_ORB30_INCLUDE_NEWS_RR1
M15_LONDON_ORB30_INCLUDE_NEWS_RR1p5,M15,LONDON,30,INCLUDE_NEWS,1.5,03:00,03:30,09:30,334,128,206,38.32335329341318,-2545.999999999447,0.9881058606432953,-7.622754491016205,39932.99999999956,32.148291269170045,6,10,-0.06332557044293614,-21.15074052794067,-0.06375679262763817,5558.99999999956,-8104.999999998972,64.17964071856288,rr_matrix_out/M15_LONDON_ORB30_INCLUDE_NEWS_RR1p5
M15_LONDON_ORB30_INCLUDE_NEWS_RR2,M15,LONDON,30,INCLUDE_NEWS,2.0,03:00,03:30,09:30,328,109,219,33.23170731707317,-12299.999999999432,0.9457671957671988,-37.49999999999792,46054.99999999965,38.337634229584246,6,13,-0.0788117980547277,-25.850269761950685,-0.2670719791553474,-12535.000000000446,235.00000000112777,76.54268292682927,rr_matrix_out/M15_LONDON_ORB30_INCLUDE_NEWS_RR2
M15_LONDON_ORB30_INCLUDE_NEWS_RR2p5,M15,LONDON,30,INCLUDE_NEWS,2.5,03:00,03:30,09:30,328,99,229,30.182926829268293,-6077.999999999985,0.9740472683020558,-18.53048780487811,54833.99999999958,41.172848776092295,6,13,-0.07962111368461935,-26.115725288555147,-0.11084363715942722,-18484.00000000065,12406.000000000631,84.5609756097561,rr_matrix_out/M15_LONDON_ORB30_INCLUDE_NEWS_RR2p5
M15_LONDON_ORB30_INCLUDE_NEWS_RR3,M15,LONDON,30,INCLUDE_NEWS,3.0,03:00,03:30,09:30,326,90,236,27.607361963190186,-39604.99999999975,0.8349619752057515,-121.48773006134878,56099.999999999716,56.09999999999972,4,13,-0.11596630657858327,-37.80501594461815,-0.7059714795008905,-31475.00000000068,-8129.999999999018,90.53067484662577,rr_matrix_out/M15_LONDON_ORB30_INCLUDE_NEWS_RR3
M15_LONDON_ORB30_INCLUDE_NEWS_RR3p5,M15,LONDON,30,INCLUDE_NEWS,3.5,03:00,03:30,09:30,325,88,237,27.076923076923077,-33107.99999999975,0.8624683255099082,-101.87076923076836,51787.999999999585,51.78799999999959,4,13,-0.09609900732840364,-31.232177381731184,-0.6392986792307102,-27237.000000000487,-5870.999999999229,93.69538461538461,rr_matrix_out/M15_LONDON_ORB30_INCLUDE_NEWS_RR3p5
M15_LONDON_ORB30_INCLUDE_NEWS_RR4,M15,LONDON,30,INCLUDE_NEWS,4.0,03:00,03:30,09:30,325,88,237,27.076923076923077,-19309.99999999984,0.9197856519752425,-59.415384615384035,44934.99999999997,42.244053774560584,4,13,-0.0457672786956617,-14.874365576090053,-0.4297318348725905,-23330.000000000473,4020.0000000006658,94.9076923076923,rr_matrix_out/M15_LONDON_ORB30_INCLUDE_NEWS_RR4
M15_LONDON_ORB30_INCLUDE_NEWS_RR4p5,M15,LONDON,30,INCLUDE_NEWS,4.5,03:00,03:30,09:30,325,88,237,27.076923076923077,-13918.99999999952,0.9421800357246727,-42.82769230769078,44275.99999999987,40.754786450662664,4,13,-0.028191360722916812,-9.162192234947964,-0.31436895835214473,-20373.000000000364,6454.000000000859,97.75076923076924,rr_matrix_out/M15_LONDON_ORB30_INCLUDE_NEWS_RR4p5
M15_LONDON_ORB30_INCLUDE_NEWS_RR5,M15,LONDON,30,INCLUDE_NEWS,5.0,03:00,03:30,09:30,325,88,237,27.076923076923077,-2854.9999999997817,0.9881402401030208,-8.784615384614595,42554.99999999997,37.10436829714888,4,13,0.010178117070252062,3.30788804783192,-0.06708964868992559,-16735.00000000054,13880.00000000079,98.49230769230769,rr_matrix_out/M15_LONDON_ORB30_INCLUDE_NEWS_RR5
M15_LONDON_ORB60_INCLUDE_NEWS_RR1,M15,LONDON,60,INCLUDE_NEWS,1.0,03:00,04:00,09:30,294,136,158,46.25850340136054,1905.0000000002765,1.0096173263327965,6.479591836735838,31385.00000000006,27.121500172831038,11,6,-0.0678049672895575,-19.934660383129902,0.06069778556636205,-9095.000000000664,11000.000000001,53.12925170068027,rr_matrix_out/M15_LONDON_ORB60_INCLUDE_NEWS_RR1
M15_LONDON_ORB60_INCLUDE_NEWS_RR1p5,M15,LONDON,60,INCLUDE_NEWS,1.5,03:00,04:00,09:30,284,104,180,36.61971830985916,-28930.999999999578,0.872522582066536,-101.86971830985755,47550.9999999996,46.95931266047767,4,8,-0.1216346490761244,-34.54424033761933,-0.6084204327984652,-16038.000000000968,-12892.999999998578,76.55985915492958,rr_matrix_out/M15_LONDON_ORB60_INCLUDE_NEWS_RR1p5
M15_LONDON_ORB60_INCLUDE_NEWS_RR2,M15,LONDON,60,INCLUDE_NEWS,2.0,03:00,04:00,09:30,282,94,188,33.33333333333333,-33234.99999999974,0.8574797915907298,-117.85460992907686,48574.99999999993,48.492562643505885,4,11,-0.12494046672330228,-35.23321161597124,-0.6841996911991721,-31920.000000001164,-1314.9999999985084,86.69858156028369,rr_matrix_out/M15_LONDON_ORB60_INCLUDE_NEWS_RR2
M15_LONDON_ORB60_INCLUDE_NEWS_RR2p5,M15,LONDON,60,INCLUDE_NEWS,2.5,03:00,04:00,09:30,281,90,191,32.028469750889684,-28992.999999999738,0.8761776638906693,-103.17793594305931,45469.999999999825,45.46999999999983,4,11,-0.12295274979262429,-34.549722691727425,-0.6376292060699329,-23627.000000000906,-5365.999999998759,93.23843416370107,rr_matrix_out/M15_LONDON_ORB60_INCLUDE_NEWS_RR2p5
M15_LONDON_ORB60_INCLUDE_NEWS_RR3,M15,LONDON,60,INCLUDE_NEWS,3.0,03:00,04:00,09:30,279,88,191,31.54121863799283,-24515.0,0.8951947330169722,-87.86738351254452,44560.0000000001,44.5600000000001,4,11,-0.09432927301286577,-26.31786717058955,-0.5501570915619377,-25075.000000001,560.0000000010841,96.36200716845879,rr_matrix_out/M15_LONDON_ORB60_INCLUDE_NEWS_RR3
M15_LONDON_ORB60_INCLUDE_NEWS_RR3p5,M15,LONDON,60,INCLUDE_NEWS,3.5,03:00,04:00,09:30,279,86,193,30.824372759856633,-24586.99999999994,0.8955877356888066,-88.12544802867315,43889.000000000044,43.889000000000046,4,11,-0.10554790605733642,-29.44786578999686,-0.5602087083323821,-25127.000000001135,540.0000000013279,98.85304659498208,rr_matrix_out/M15_LONDON_ORB60_INCLUDE_NEWS_RR3p5
M15_LONDON_ORB60_INCLUDE_NEWS_RR4,M15,LONDON,60,INCLUDE_NEWS,4.0,03:00,04:00,09:30,279,86,193,30.824372759856633,-15469.99999999968,0.9343043995243773,-55.44802867383377,42385.0,42.385,4,11,-0.07854769888046496,-21.914807987649723,-0.3649876135425193,-22075.00000000091,6605.0000000012915,99.98566308243727,rr_matrix_out/M15_LONDON_ORB60_INCLUDE_NEWS_RR4
M15_LONDON_ORB60_INCLUDE_NEWS_RR4p5,M15,LONDON,60,INCLUDE_NEWS,4.5,03:00,04:00,09:30,279,86,193,30.824372759856633,-10555.99999999981,0.9551724137931047,-37.835125448027675,40820.99999999997,40.82099999999997,4,11,-0.06672349726617081,-18.615855737261658,-0.25859239117120647,-18367.000000000917,7811.000000001193,101.71326164874552,rr_matrix_out/M15_LONDON_ORB60_INCLUDE_NEWS_RR4p5
M15_LONDON_ORB60_INCLUDE_NEWS_RR5,M15,LONDON,60,INCLUDE_NEWS,5.0,03:00,04:00,09:30,279,85,194,30.46594982078853,-15309.999999999665,0.9353094035873508,-54.874551971324664,46369.99999999997,46.36999999999997,4,11,-0.08803335714716017,-24.561306644057687,-0.3301703687729065,-23450.000000000866,8140.000000001284,103.81362007168458,rr_matrix_out/M15_LONDON_ORB60_INCLUDE_NEWS_RR5
M15_NEW_YORK_ORB15_INCLUDE_NEWS_RR1,M15,NEW_YORK,15,INCLUDE_NEWS,1.0,09:30,09:45,16:55,299,157,142,52.508361204013376,41409.99999999997,1.206235370287364,138.49498327759133,19420.000000000262,14.341629126357164,7,6,0.046131370688643376,13.79327983590437,2.1323377960864787,12234.999999999673,29175.00000000014,88.18729096989966,rr_matrix_out/M15_NEW_YORK_ORB15_INCLUDE_NEWS_RR1
M15_NEW_YORK_ORB15_INCLUDE_NEWS_RR1p5,M15,NEW_YORK,15,INCLUDE_NEWS,1.5,09:30,09:45,16:55,286,129,157,45.10489510489511,24111.999999999825,1.1095676277463467,84.30769230769148,26465.00000000013,20.354091199249453,7,6,0.01964880305215451,5.61955767291619,0.9110901190251164,-11842.000000000371,35954.00000000013,120.67132867132867,rr_matrix_out/M15_NEW_YORK_ORB15_INCLUDE_NEWS_RR1p5
M15_NEW_YORK_ORB15_INCLUDE_NEWS_RR2,M15,NEW_YORK,15,INCLUDE_NEWS,2.0,09:30,09:45,16:55,283,119,164,42.04946996466431,50365.00000000023,1.223620823620824,177.96819787985885,24870.000000000146,17.965109979412837,7,6,0.05080018950913077,14.376453631084008,2.025130679533572,909.999999999718,49455.00000000034,134.5088339222615,rr_matrix_out/M15_NEW_YORK_ORB15_INCLUDE_NEWS_RR2
M15_NEW_YORK_ORB15_INCLUDE_NEWS_RR2p5,M15,NEW_YORK,15,INCLUDE_NEWS,2.5,09:30,09:45,16:55,280,111,169,39.64285714285714,57418.00000000012,1.2479241779831172,205.06428571428535,25607.000000000087,15.661588566199327,6,6,0.05814741109446986,16.28127510645156,2.242277502245477,-594.0000000002328,58012.00000000013,147.95714285714286,rr_matrix_out/M15_NEW_YORK_ORB15_INCLUDE_NEWS_RR2p5
M15_NEW_YORK_ORB15_INCLUDE_NEWS_RR3,M15,NEW_YORK,15,INCLUDE_NEWS,3.0,09:30,09:45,16:55,279,107,172,38.35125448028674,31560.000000000233,1.134175116382884,113.1182795698926,29700.000000000087,21.71052631578954,6,6,0.019572997985241817,5.460866437882467,1.0626262626262672,-13724.999999999953,45284.99999999999,161.00716845878136,rr_matrix_out/M15_NEW_YORK_ORB15_INCLUDE_NEWS_RR3
M15_NEW_YORK_ORB15_INCLUDE_NEWS_RR3p5,M15,NEW_YORK,15,INCLUDE_NEWS,3.5,09:30,09:45,16:55,278,106,172,38.1294964028777,41867.00000000023,1.1779567721505537,150.60071942446027,29700.000000000087,20.53799875527287,6,6,0.030055481886271242,8.355423964383405,1.4096632996633034,-9804.00000000027,51671.00000000023,169.40287769784172,rr_matrix_out/M15_NEW_YORK_ORB15_INCLUDE_NEWS_RR3p5
M15_NEW_YORK_ORB15_INCLUDE_NEWS_RR4,M15,NEW_YORK,15,INCLUDE_NEWS,4.0,09:30,09:45,16:55,278,106,172,38.1294964028777,53445.00000000041,1.2271693622085742,192.24820143884952,29700.00000000003,19.7644240367339,6,6,0.05629781338720731,15.650792121643633,1.7994949494949615,-2710.0000000000364,56155.0000000002,173.32374100719426,rr_matrix_out/M15_NEW_YORK_ORB15_INCLUDE_NEWS_RR4
M15_NEW_YORK_ORB15_INCLUDE_NEWS_RR4p5,M15,NEW_YORK,15,INCLUDE_NEWS,4.5,09:30,09:45,16:55,278,105,173,37.76978417266187,61459.00000000035,1.2606348465893433,221.07553956834553,29700.00000000006,18.886521891195876,6,6,0.05322761491450177,14.797276946231493,2.0693265993266072,397.99999999995634,61061.000000000095,176.0791366906475,rr_matrix_out/M15_NEW_YORK_ORB15_INCLUDE_NEWS_RR4p5
M15_NEW_YORK_ORB15_INCLUDE_NEWS_RR5,M15,NEW_YORK,15,INCLUDE_NEWS,5.0,09:30,09:45,16:55,278,103,175,37.05035971223021,57170.00000000035,1.2414273648648653,205.6474820143886,29700.0,18.284236771631736,6,6,0.02940826982539804,8.175499011460655,1.9249158249158367,-1935.0000000000364,59105.000000000065,180.53956834532374,rr_matrix_out/M15_NEW_YORK_ORB15_INCLUDE_NEWS_RR5
M15_NEW_YORK_ORB30_INCLUDE_NEWS_RR1,M15,NEW_YORK,30,INCLUDE_NEWS,1.0,09:30,10:00,16:55,259,126,132,48.64864864864865,22020.00000000003,1.1085772047040265,85.01930501930532,22269.999999999854,16.089296680272998,6,6,-0.014776867216838742,-3.827208609161234,0.9887741356084496,-24090.00000000042,46110.000000000495,111.33204633204633,rr_matrix_out/M15_NEW_YORK_ORB30_INCLUDE_NEWS_RR1
M15_NEW_YORK_ORB30_INCLUDE_NEWS_RR1p5,M15,NEW_YORK,30,INCLUDE_NEWS,1.5,09:30,10:00,16:55,247,107,139,43.31983805668016,33056.00000000035,1.1554077243130172,133.8299595141711,25587.0,17.801385874102493,6,9,-0.010800025653799042,-2.6676063364883635,1.291906046039018,-35648.00000000046,68704.00000000073,140.9919028340081,rr_matrix_out/M15_NEW_YORK_ORB30_INCLUDE_NEWS_RR1p5
M15_NEW_YORK_ORB30_INCLUDE_NEWS_RR2,M15,NEW_YORK,30,INCLUDE_NEWS,2.0,09:30,10:00,16:55,244,99,144,40.57377049180328,61020.00000000029,1.2820429859024747,250.08196721311583,27190.0,16.653396214858805,6,9,0.011322968025682244,2.7628041982664673,2.244207429201923,-24605.000000000204,85625.00000000047,156.39344262295083,rr_matrix_out/M15_NEW_YORK_ORB30_INCLUDE_NEWS_RR2
M15_NEW_YORK_ORB30_INCLUDE_NEWS_RR2p5,M15,NEW_YORK,30,INCLUDE_NEWS,2.5,09:30,10:00,16:55,243,96,147,39.50617283950617,48705.00000000029,1.221471932337496,200.4320987654333,25650.00000000006,17.172812725958075,6,9,0.02537563339103294,6.166278914021005,1.898830409356732,-8599.00000000025,57304.00000000054,170.46913580246914,rr_matrix_out/M15_NEW_YORK_ORB30_INCLUDE_NEWS_RR2p5
M15_NEW_YORK_ORB30_INCLUDE_NEWS_RR3,M15,NEW_YORK,30,INCLUDE_NEWS,3.0,09:30,10:00,16:55,243,93,150,38.2716049382716,23465.000000000553,1.1050264076627008,96.56378600823251,35509.99999999994,25.21927488370434,6,9,-0.026580278528546955,-6.45900768243691,0.6607997747113655,-19120.000000000073,42585.00000000058,182.0781893004115,rr_matrix_out/M15_NEW_YORK_ORB30_INCLUDE_NEWS_RR3
M15_NEW_YORK_ORB30_INCLUDE_NEWS_RR3p5,M15,NEW_YORK,30,INCLUDE_NEWS,3.5,09:30,10:00,16:55,243,93,150,38.2716049382716,29988.000000000582,1.1342225405066724,123.40740740741008,35550.00000000003,24.28195758341586,6,9,-0.019965590049376987,-4.851638381998608,0.843544303797484,-12609.000000000015,42597.000000000655,186.4238683127572,rr_matrix_out/M15_NEW_YORK_ORB30_INCLUDE_NEWS_RR3p5
M15_NEW_YORK_ORB30_INCLUDE_NEWS_RR4,M15,NEW_YORK,30,INCLUDE_NEWS,4.0,09:30,10:00,16:55,243,93,150,38.2716049382716,37820.00000000029,1.1692775937695843,155.63786008230636,35550.00000000006,23.25885701200564,6,9,-0.005138201070966989,-1.2485828602449782,1.063853727144873,-6650.000000000182,44470.000000000626,189.34567901234567,rr_matrix_out/M15_NEW_YORK_ORB30_INCLUDE_NEWS_RR4
M15_NEW_YORK_ORB30_INCLUDE_NEWS_RR4p5,M15,NEW_YORK,30,INCLUDE_NEWS,4.5,09:30,10:00,16:55,243,92,151,37.86008230452675,40912.00000000064,1.1824067056043548,168.36213991769804,35549.99999999994,22.83090360285139,6,9,-0.01142840380429277,-2.777102124443143,1.150829817158951,-9049.00000000007,49961.00000000071,190.87654320987653,rr_matrix_out/M15_NEW_YORK_ORB30_INCLUDE_NEWS_RR4p5
M15_NEW_YORK_ORB30_INCLUDE_NEWS_RR5,M15,NEW_YORK,30,INCLUDE_NEWS,5.0,09:30,10:00,16:55,243,92,151,37.86008230452675,20825.000000000437,1.092848544295334,85.69958847736811,35550.0,25.749674054758763,6,9,-0.024797328095545156,-6.025750727217472,0.5857946554149208,-11050.000000000093,31875.000000000546,193.01234567901236,rr_matrix_out/M15_NEW_YORK_ORB30_INCLUDE_NEWS_RR5
M15_NEW_YORK_ORB60_INCLUDE_NEWS_RR1,M15,NEW_YORK,60,INCLUDE_NEWS,1.0,09:30,10:30,16:55,169,91,78,53.84615384615385,34539.99999999913,1.2615774925214829,204.37869822484728,18969.999999999898,18.821311638059253,6,5,0.08475740559066383,14.324001544822188,1.820769636267755,9539.999999999873,24999.999999999316,144.74556213017752,rr_matrix_out/M15_NEW_YORK_ORB60_INCLUDE_NEWS_RR1
M15_NEW_YORK_ORB60_INCLUDE_NEWS_RR1p5,M15,NEW_YORK,60,INCLUDE_NEWS,1.5,09:30,10:30,16:55,163,78,85,47.85276073619632,33933.0,1.2410955984226781,208.17791411042856,17986.999999999898,17.698514218242558,5,5,0.06470908038315566,10.547580102454374,1.8865291599488627,-6831.999999999653,40764.999999999505,173.26993865030676,rr_matrix_out/M15_NEW_YORK_ORB60_INCLUDE_NEWS_RR1p5
M15_NEW_YORK_ORB60_INCLUDE_NEWS_RR2,M15,NEW_YORK,60,INCLUDE_NEWS,2.0,09:30,10:30,16:55,161,74,87,45.962732919254655,29754.999999999796,1.2105430744737293,184.813664596272,19784.999999999854,19.490690572357273,5,5,0.07251829895494502,11.675446131746149,1.5039171089209005,-1559.9999999999,31314.99999999969,186.59006211180125,rr_matrix_out/M15_NEW_YORK_ORB60_INCLUDE_NEWS_RR2
M15_NEW_YORK_ORB60_INCLUDE_NEWS_RR2p5,M15,NEW_YORK,60,INCLUDE_NEWS,2.5,09:30,10:30,16:55,161,72,89,44.72049689440994,20007.000000000102,1.1380269058295973,124.2670807453423,19784.999999999854,19.490690572357273,5,5,0.06618692827022161,10.65609545150568,1.011220621683106,5807.000000000196,14199.999999999909,199.26708074534162,rr_matrix_out/M15_NEW_YORK_ORB60_INCLUDE_NEWS_RR2p5
M15_NEW_YORK_ORB60_INCLUDE_NEWS_RR3,M15,NEW_YORK,60,INCLUDE_NEWS,3.0,09:30,10:30,16:55,161,72,89,44.72049689440994,32484.99999999994,1.2241117626767855,201.77018633540368,19784.999999999854,19.490690572357273,5,5,0.10116760549156231,16.287984484141532,1.641900429618407,12315.000000000102,20169.99999999989,203.61490683229815,rr_matrix_out/M15_NEW_YORK_ORB60_INCLUDE_NEWS_RR3
M15_NEW_YORK_ORB60_INCLUDE_NEWS_RR3p5,M15,NEW_YORK,60,INCLUDE_NEWS,3.5,09:30,10:30,16:55,161,72,89,44.72049689440994,36803.0,1.2539013452914802,228.59006211180133,19784.999999999854,19.490690572357273,5,5,0.11515538309411269,18.540016678152142,1.8601465756886666,16618.000000000164,20184.999999999854,205.4472049689441,rr_matrix_out/M15_NEW_YORK_ORB60_INCLUDE_NEWS_RR3p5
M15_NEW_YORK_ORB60_INCLUDE_NEWS_RR4,M15,NEW_YORK,60,INCLUDE_NEWS,4.0,09:30,10:30,16:55,161,72,89,44.72049689440994,35599.999999999854,1.2456019317005862,221.11801242235998,19784.999999999854,19.490690572357273,5,5,0.10883135259774328,17.52184776823667,1.799342936568113,18420.000000000207,17179.999999999745,209.14285714285714,rr_matrix_out/M15_NEW_YORK_ORB60_INCLUDE_NEWS_RR4
M15_NEW_YORK_ORB60_INCLUDE_NEWS_RR4p5,M15,NEW_YORK,60,INCLUDE_NEWS,4.5,09:30,10:30,16:55,161,72,89,44.72049689440994,31519.99999999994,1.2174542945843398,195.77639751552812,19784.999999999854,19.490690572357273,5,5,0.09994556100846214,16.091235322362405,1.5931261056355912,13060.000000000175,18459.999999999854,210.54037267080744,rr_matrix_out/M15_NEW_YORK_ORB60_INCLUDE_NEWS_RR4p5
M15_NEW_YORK_ORB60_INCLUDE_NEWS_RR5,M15,NEW_YORK,60,INCLUDE_NEWS,5.0,09:30,10:30,16:55,161,72,89,44.72049689440994,32444.999999999854,1.223835805450155,201.52173913043438,19784.999999999854,19.490690572357273,5,5,0.10379707522314731,16.711329110926716,1.639878695981809,13060.000000000175,19384.999999999764,210.6086956521739,rr_matrix_out/M15_NEW_YORK_ORB60_INCLUDE_NEWS_RR5
M15_ASIA_ORB15_SKIP_NEWS_RR1,M15,ASIA,15,SKIP_NEWS,1.0,19:00,19:15,03:00,268,136,132,50.74626865671642,21314.99999999907,1.1667644642647508,79.53358208954887,21550.0000000008,15.181936665610507,8,7,-0.007765840550973129,-2.0812452676607984,0.9890951276101289,4654.999999999291,16659.99999999981,37.23134328358209,rr_matrix_out/M15_ASIA_ORB15_SKIP_NEWS_RR1
M15_ASIA_ORB15_SKIP_NEWS_RR1p5,M15,ASIA,15,SKIP_NEWS,1.5,19:00,19:15,03:00,262,108,154,41.221374045801525,14275.99999999997,1.095616355781789,54.48854961832068,25852.000000000175,18.672984412695335,7,10,-0.02861215714085521,-7.496385170904064,0.5522203311155761,8210.000000000082,6065.99999999994,53.68702290076336,rr_matrix_out/M15_ASIA_ORB15_SKIP_NEWS_RR1p5
M15_ASIA_ORB15_SKIP_NEWS_RR2,M15,ASIA,15,SKIP_NEWS,2.0,19:00,19:15,03:00,260,98,162,37.69230769230769,5190.000000000029,1.0331058238183333,19.961538461538847,20244.999999999913,16.428629392193383,4,10,0.020364697711381347,5.29482140495915,0.2563595949617215,21794.999999999753,-16604.999999999654,66.18461538461538,rr_matrix_out/M15_ASIA_ORB15_SKIP_NEWS_RR2
M15_ASIA_ORB15_SKIP_NEWS_RR2p5,M15,ASIA,15,SKIP_NEWS,2.5,19:00,19:15,03:00,257,89,168,34.63035019455253,16698.00000000006,1.104584742577979,64.97276264591459,18602.00000000013,14.749328026260594,4,11,0.043716603238664914,11.235167032336882,0.897645414471559,27875.000000000044,-11176.999999999998,74.65758754863813,rr_matrix_out/M15_ASIA_ORB15_SKIP_NEWS_RR2p5
M15_ASIA_ORB15_SKIP_NEWS_RR3,M15,ASIA,15,SKIP_NEWS,3.0,19:00,19:15,03:00,257,89,168,34.63035019455253,35990.00000000009,1.225416510083929,140.0389105058368,16155.000000000058,12.487439128082304,4,11,0.15523221421207214,39.89467905250254,2.227793252862888,34904.99999999993,1085.0000000001273,80.8988326848249,rr_matrix_out/M15_ASIA_ORB15_SKIP_NEWS_RR3
M15_ASIA_ORB15_SKIP_NEWS_RR3p5,M15,ASIA,15,SKIP_NEWS,3.5,19:00,19:15,03:00,254,83,171,32.677165354330704,41908.99999999939,1.2605632927132522,164.9960629921235,15662.000000000015,11.75278774144171,4,11,0.17102978067447014,43.441564291315416,2.675839611799218,39832.999999999585,2075.9999999997945,87.48031496062993,rr_matrix_out/M15_ASIA_ORB15_SKIP_NEWS_RR3p5
M15_ASIA_ORB15_SKIP_NEWS_RR4,M15,ASIA,15,SKIP_NEWS,4.0,19:00,19:15,03:00,253,80,173,31.620553359683797,52994.999999999796,1.328172895315353,209.46640316205438,15170.00000000003,11.096481603394091,4,11,0.21070848639002848,53.30924705667721,3.4934080421885096,41399.99999999972,11595.000000000025,94.97628458498023,rr_matrix_out/M15_ASIA_ORB15_SKIP_NEWS_RR4
M15_ASIA_ORB15_SKIP_NEWS_RR4p5,M15,ASIA,15,SKIP_NEWS,4.5,19:00,19:15,03:00,253,80,173,31.620553359683797,64629.000000000175,1.4002167383967552,255.4505928853753,14677.0,10.695495022809103,4,11,0.2771455034295394,70.11781236767348,4.403420317503589,44800.99999999984,19828.000000000113,100.11462450592886,rr_matrix_out/M15_ASIA_ORB15_SKIP_NEWS_RR4p5
M15_ASIA_ORB15_SKIP_NEWS_RR5,M15,ASIA,15,SKIP_NEWS,5.0,19:00,19:15,03:00,253,79,174,31.225296442687743,71239.99999999994,1.440555332240809,281.58102766798385,14614.999999999942,10.103996011111912,4,11,0.2995840123818649,75.79475513261181,4.8744440643174975,45970.00000000003,25269.99999999989,104.35177865612648,rr_matrix_out/M15_ASIA_ORB15_SKIP_NEWS_RR5
M15_ASIA_ORB30_SKIP_NEWS_RR1,M15,ASIA,30,SKIP_NEWS,1.0,19:00,19:30,03:00,254,132,121,51.96850393700787,30659.999999999854,1.2314835787089444,120.70866141732172,14740.000000000044,10.529699610672616,6,7,0.023328438572598354,5.925423397439982,2.080054274084109,11359.99999999999,19299.99999999973,48.05118110236221,rr_matrix_out/M15_ASIA_ORB30_SKIP_NEWS_RR1
M15_ASIA_ORB30_SKIP_NEWS_RR1p5,M15,ASIA,30,SKIP_NEWS,1.5,19:00,19:30,03:00,243,100,143,41.1522633744856,4108.999999999796,1.0270774299835246,16.909465020575443,26590.000000000422,21.23547498302953,5,7,-0.04450009953756949,-10.813524187629387,0.15453177886422456,17199.00000000016,-13090.000000000327,71.11522633744856,rr_matrix_out/M15_ASIA_ORB30_SKIP_NEWS_RR1p5
M15_ASIA_ORB30_SKIP_NEWS_RR2,M15,ASIA,30,SKIP_NEWS,2.0,19:00,19:30,03:00,242,91,151,37.60330578512397,20845.000000000073,1.1309153713298794,86.13636363636394,22224.99999999984,16.404029966416868,5,12,0.004018919946750357,0.9725786271135863,0.9379077615298188,28735.000000000084,-7890.000000000009,81.48760330578513,rr_matrix_out/M15_ASIA_ORB30_SKIP_NEWS_RR2
M15_ASIA_ORB30_SKIP_NEWS_RR2p5,M15,ASIA,30,SKIP_NEWS,2.5,19:00,19:30,03:00,240,86,154,35.833333333333336,25154.999999999593,1.1559564772621571,104.81249999999858,20763.00000000035,15.878709085347472,5,12,0.04481672672445617,10.756014413869481,1.211530125704338,29019.999999999844,-3865.000000000191,94.27916666666667,rr_matrix_out/M15_ASIA_ORB30_SKIP_NEWS_RR2p5
M15_ASIA_ORB30_SKIP_NEWS_RR3,M15,ASIA,30,SKIP_NEWS,3.0,19:00,19:30,03:00,240,85,155,35.41666666666667,42629.99999999977,1.2623626796319642,177.62499999999912,21339.99999999997,15.326606097604788,5,13,0.12887999359678257,30.931198463227815,1.9976569821930565,37224.99999999981,5404.999999999971,100.425,rr_matrix_out/M15_ASIA_ORB30_SKIP_NEWS_RR3
M15_ASIA_ORB30_SKIP_NEWS_RR3p5,M15,ASIA,30,SKIP_NEWS,3.5,19:00,19:30,03:00,238,80,158,33.61344537815126,52745.99999999942,1.321504327684989,221.62184873949312,21925.00000000003,14.780832445696937,5,13,0.1516609328687283,36.09530202275734,2.4057468643101183,37539.999999999825,15205.999999999542,107.14285714285714,rr_matrix_out/M15_ASIA_ORB30_SKIP_NEWS_RR3p5
M15_ASIA_ORB30_SKIP_NEWS_RR4,M15,ASIA,30,SKIP_NEWS,4.0,19:00,19:30,03:00,238,79,159,33.193277310924366,68264.9999999995,1.4151488430078718,286.8277310924349,21925.00000000006,13.829753682152285,5,13,0.20114723304082,47.87304146371516,3.113568985176708,43409.99999999977,24854.99999999975,111.99579831932773,rr_matrix_out/M15_ASIA_ORB30_SKIP_NEWS_RR4
M15_ASIA_ORB30_SKIP_NEWS_RR4p5,M15,ASIA,30,SKIP_NEWS,4.5,19:00,19:30,03:00,238,79,159,33.193277310924366,77320.99999999953,1.470222276279378,324.8781512605025,21925.00000000003,13.609136898296201,5,13,0.2459885867464084,58.5452836456452,3.5266134549600654,41194.99999999975,36125.99999999984,120.07142857142857,rr_matrix_out/M15_ASIA_ORB30_SKIP_NEWS_RR4p5
M15_ASIA_ORB30_SKIP_NEWS_RR5,M15,ASIA,30,SKIP_NEWS,5.0,19:00,19:30,03:00,238,79,159,33.193277310924366,84699.9999999995,1.5150971508498765,355.88235294117453,21925.00000000003,13.014959040721873,5,13,0.2828266096450934,67.31273309553222,3.863169897377395,42804.99999999988,41894.999999999665,126.07142857142857,rr_matrix_out/M15_ASIA_ORB30_SKIP_NEWS_RR5
M15_ASIA_ORB60_SKIP_NEWS_RR1,M15,ASIA,60,SKIP_NEWS,1.0,19:00,20:00,03:00,199,103,96,51.75879396984925,29580.000000000247,1.2187222715173047,148.64321608040348,24880.000000000335,16.710884239513927,8,9,0.011652153012790562,2.318778449545322,1.1889067524115695,-1209.9999999999,30790.00000000019,73.36180904522612,rr_matrix_out/M15_ASIA_ORB60_SKIP_NEWS_RR1
M15_ASIA_ORB60_SKIP_NEWS_RR1p5,M15,ASIA,60,SKIP_NEWS,1.5,19:00,20:00,03:00,193,85,108,44.04145077720207,27226.000000000146,1.187526259599823,141.06735751295466,34336.0,22.27831018082962,8,10,0.00015483996681944074,0.029884113596152062,0.7929287045666399,1490.99999999994,25735.00000000031,97.45077720207254,rr_matrix_out/M15_ASIA_ORB60_SKIP_NEWS_RR1p5
M15_ASIA_ORB60_SKIP_NEWS_RR2,M15,ASIA,60,SKIP_NEWS,2.0,19:00,20:00,03:00,192,82,110,42.70833333333333,35425.0,1.2367743875948278,184.5052083333338,29720.000000000262,20.49584497086324,7,10,0.08167046282083155,15.680728861599658,1.1919582772543638,14134.999999999854,21290.000000000236,112.765625,rr_matrix_out/M15_ASIA_ORB60_SKIP_NEWS_RR2
M15_ASIA_ORB60_SKIP_NEWS_RR2p5,M15,ASIA,60,SKIP_NEWS,2.5,19:00,20:00,03:00,192,77,115,40.10416666666667,38143.00000000044,1.2490564805746034,198.6614583333354,29464.000000000262,20.24349355539082,7,10,0.09486490501198375,18.21406176230088,1.2945628563670954,14199.999999999818,23943.000000000575,127.35416666666667,rr_matrix_out/M15_ASIA_ORB60_SKIP_NEWS_RR2p5
M15_ASIA_ORB60_SKIP_NEWS_RR3,M15,ASIA,60,SKIP_NEWS,3.0,19:00,20:00,03:00,192,77,115,40.10416666666667,44460.00000000032,1.2903036238981407,231.56250000000068,28580.000000000393,19.699476151089293,7,10,0.1564836379681395,30.044858489882785,1.5556333100069877,16344.999999999663,28115.000000000462,136.51041666666666,rr_matrix_out/M15_ASIA_ORB60_SKIP_NEWS_RR3
M15_ASIA_ORB60_SKIP_NEWS_RR3p5,M15,ASIA,60,SKIP_NEWS,3.5,19:00,20:00,03:00,192,76,116,39.58333333333333,45170.0,1.292352998284845,235.2604166666661,29460.000000000262,20.257307689663175,7,10,0.1915020836875501,36.76840006800962,1.5332654446707263,18775.9999999997,26394.000000000186,144.64583333333334,rr_matrix_out/M15_ASIA_ORB60_SKIP_NEWS_RR3p5
M15_ASIA_ORB60_SKIP_NEWS_RR4,M15,ASIA,60,SKIP_NEWS,4.0,19:00,20:00,03:00,192,75,117,39.0625,50235.000000000495,1.3235436189740148,261.6406250000016,29965.000000000204,20.519053651522025,7,10,0.20887012820236114,40.10306461485334,1.6764558651760437,17719.99999999989,32515.000000000422,151.67708333333334,rr_matrix_out/M15_ASIA_ORB60_SKIP_NEWS_RR4
M15_ASIA_ORB60_SKIP_NEWS_RR4p5,M15,ASIA,60,SKIP_NEWS,4.5,19:00,20:00,03:00,192,75,117,39.0625,56263.00000000006,1.3623675651305833,293.0364583333329,28165.000000000204,19.054996651083638,7,10,0.2370825632326334,45.51985214066561,1.9976211610154324,18500.999999999658,37762.00000000026,157.03645833333334,rr_matrix_out/M15_ASIA_ORB60_SKIP_NEWS_RR4p5
M15_ASIA_ORB60_SKIP_NEWS_RR5,M15,ASIA,60,SKIP_NEWS,5.0,19:00,20:00,03:00,192,75,117,39.0625,64040.000000000204,1.412456123401927,333.5416666666672,27930.00000000038,18.907392363931994,7,10,0.2794847964381248,53.66108091611996,2.2928750447547204,19639.99999999978,44400.00000000031,159.57291666666666,rr_matrix_out/M15_ASIA_ORB60_SKIP_NEWS_RR5
M15_LONDON_ORB15_SKIP_NEWS_RR1,M15,LONDON,15,SKIP_NEWS,1.0,03:00,03:15,09:30,282,112,170,39.71631205673759,-42964.999999999025,0.725278941142624,-152.35815602836527,50559.99999999911,50.201062403811825,6,10,-0.19796667661795364,-55.826602806262926,-0.8497824367088564,-22949.99999999941,-20014.9999999996,36.13120567375886,rr_matrix_out/M15_LONDON_ORB15_SKIP_NEWS_RR1
M15_LONDON_ORB15_SKIP_NEWS_RR1p5,M15,LONDON,15,SKIP_NEWS,1.5,03:00,03:15,09:30,276,83,193,30.07246376811594,-66281.99999999892,0.6276292134831493,-240.15217391303958,75518.9999999991,74.71802279562992,4,15,-0.2693131480793838,-74.33042886990992,-0.8776864100425021,-44195.99999999959,-22085.99999999933,48.47826086956522,rr_matrix_out/M15_LONDON_ORB15_SKIP_NEWS_RR1p5
M15_LONDON_ORB15_SKIP_NEWS_RR2,M15,LONDON,15,SKIP_NEWS,2.0,03:00,03:15,09:30,273,65,208,23.809523809523807,-76204.99999999886,0.5955685285922818,-279.1391941391899,80114.99999999894,80.11499999999894,4,15,-0.33985380587451874,-92.78008900374361,-0.9511951569618657,-56124.99999999914,-20079.9999999997,59.02930402930403,rr_matrix_out/M15_LONDON_ORB15_SKIP_NEWS_RR2
M15_LONDON_ORB15_SKIP_NEWS_RR2p5,M15,LONDON,15,SKIP_NEWS,2.5,03:00,03:15,09:30,273,63,210,23.076923076923077,-65367.99999999898,0.6573285804151847,-239.44322344321975,71934.999999999,71.934999999999,4,15,-0.2879696977689278,-78.61572749091728,-0.9087092514075192,-57741.99999999942,-7625.999999999567,63.043956043956044,rr_matrix_out/M15_LONDON_ORB15_SKIP_NEWS_RR2p5
M15_LONDON_ORB15_SKIP_NEWS_RR3,M15,LONDON,15,SKIP_NEWS,3.0,03:00,03:15,09:30,272,59,213,21.691176470588236,-60164.99999999894,0.6874951305025354,-221.1948529411728,65764.99999999891,65.7649999999989,4,15,-0.28568798969701237,-77.70713319758737,-0.9148483235763695,-53824.99999999936,-6339.999999999645,67.71691176470588,rr_matrix_out/M15_LONDON_ORB15_SKIP_NEWS_RR3
M15_LONDON_ORB15_SKIP_NEWS_RR3p5,M15,LONDON,15,SKIP_NEWS,3.5,03:00,03:15,09:30,269,53,216,19.702602230483272,-69213.99999999913,0.6425173669395478,-257.30111524163243,75934.99999999927,75.93499999999928,4,15,-0.3166536881297187,-85.17984210689434,-0.9114900902087284,-57301.9999999995,-11911.999999999625,71.59851301115242,rr_matrix_out/M15_LONDON_ORB15_SKIP_NEWS_RR3p5
M15_LONDON_ORB15_SKIP_NEWS_RR4,M15,LONDON,15,SKIP_NEWS,4.0,03:00,03:15,09:30,269,51,218,18.95910780669145,-73544.99999999876,0.6242815908452364,-273.4014869888431,80014.9999999989,80.01499999999889,4,15,-0.32077162366462175,-86.28756676578325,-0.9191401612197685,-60619.99999999944,-12924.999999999363,74.01486988847584,rr_matrix_out/M15_LONDON_ORB15_SKIP_NEWS_RR4
M15_LONDON_ORB15_SKIP_NEWS_RR4p5,M15,LONDON,15,SKIP_NEWS,4.5,03:00,03:15,09:30,269,51,218,18.95910780669145,-66304.99999999895,0.6612684870622525,-246.48698884758002,72680.99999999898,72.68099999999899,4,15,-0.2855100110969844,-76.8021929850888,-0.9122741844498546,-58558.999999999374,-7745.99999999964,75.39405204460967,rr_matrix_out/M15_LONDON_ORB15_SKIP_NEWS_RR4p5
M15_LONDON_ORB15_SKIP_NEWS_RR5,M15,LONDON,15,SKIP_NEWS,5.0,03:00,03:15,09:30,269,51,218,18.95910780669145,-59799.999999998916,0.6945004980970174,-222.30483271375076,65424.999999999054,65.42499999999906,4,15,-0.2557586183498442,-68.79906833610809,-0.914023691249519,-56499.999999999454,-3299.9999999995,76.64684014869889,rr_matrix_out/M15_LONDON_ORB15_SKIP_NEWS_RR5
M15_LONDON_ORB30_SKIP_NEWS_RR1,M15,LONDON,30,SKIP_NEWS,1.0,03:00,03:30,09:30,241,108,133,44.81327800829876,-19599.999999999418,0.8622192541562732,-81.32780082987269,39974.99999999965,39.27974845239231,9,9,-0.096797713508434,-23.328248955532594,-0.49030644152594344,-4304.999999999973,-15294.999999999345,44.32365145228216,rr_matrix_out/M15_LONDON_ORB30_SKIP_NEWS_RR1
M15_LONDON_ORB30_SKIP_NEWS_RR1p5,M15,LONDON,30,SKIP_NEWS,1.5,03:00,03:30,09:30,236,83,153,35.16949152542373,-36302.99999999964,0.7744875139768933,-153.82627118643924,49551.99999999991,49.02643659965163,5,9,-0.1479365971878618,-34.91303693633539,-0.732624313852109,-17360.000000000262,-18942.99999999939,64.47881355932203,rr_matrix_out/M15_LONDON_ORB30_SKIP_NEWS_RR1p5
M15_LONDON_ORB30_SKIP_NEWS_RR2,M15,LONDON,30,SKIP_NEWS,2.0,03:00,03:30,09:30,231,68,163,29.43722943722944,-44334.999999999265,0.7391675246359805,-191.92640692640353,53594.99999999925,53.594999999999246,5,13,-0.1978129024783828,-45.69478047250642,-0.8272226886836437,-25520.00000000003,-18814.999999999192,76.48484848484848,rr_matrix_out/M15_LONDON_ORB30_SKIP_NEWS_RR2
M15_LONDON_ORB30_SKIP_NEWS_RR2p5,M15,LONDON,30,SKIP_NEWS,2.5,03:00,03:30,09:30,231,63,168,27.27272727272727,-35153.99999999997,0.7973015049299423,-152.1818181818182,51814.99999999954,49.13703176861041,5,13,-0.17375269914453698,-40.13687350238804,-0.6784521856605285,-28200.000000000317,-6953.999999999678,83.73593073593074,rr_matrix_out/M15_LONDON_ORB30_SKIP_NEWS_RR2p5
M15_LONDON_ORB30_SKIP_NEWS_RR3,M15,LONDON,30,SKIP_NEWS,3.0,03:00,03:30,09:30,230,56,174,24.347826086956523,-54404.999999999716,0.6951588502269304,-236.54347826086806,65034.99999999964,65.03499999999964,3,13,-0.2272395734578506,-52.265101895305634,-0.8365495502421775,-43750.00000000032,-10654.999999999336,88.57826086956521,rr_matrix_out/M15_LONDON_ORB30_SKIP_NEWS_RR3
M15_LONDON_ORB30_SKIP_NEWS_RR3p5,M15,LONDON,30,SKIP_NEWS,3.5,03:00,03:30,09:30,229,55,174,24.017467248908297,-46789.99999999962,0.7373119245452524,-204.32314410480174,58689.999999999454,58.68999999999945,3,13,-0.20097705260644502,-46.02374504687591,-0.7972397341966273,-41263.000000000146,-5526.9999999994525,90.52838427947599,rr_matrix_out/M15_LONDON_ORB30_SKIP_NEWS_RR3p5
M15_LONDON_ORB30_SKIP_NEWS_RR4,M15,LONDON,30,SKIP_NEWS,4.0,03:00,03:30,09:30,229,55,174,24.017467248908297,-38309.99999999972,0.7849202784639581,-167.29257641921274,50930.00000000013,50.93000000000013,3,13,-0.1572120939339853,-36.00156951088263,-0.7522089141959478,-39295.00000000021,985.0000000004911,91.51528384279476,rr_matrix_out/M15_LONDON_ORB30_SKIP_NEWS_RR4
M15_LONDON_ORB30_SKIP_NEWS_RR4p5,M15,LONDON,30,SKIP_NEWS,4.5,03:00,03:30,09:30,229,55,174,24.017467248908297,-33953.99999999946,0.8093757017740874,-148.27074235807623,47379.99999999987,47.37999999999987,3,13,-0.14246849671346326,-32.62528574738309,-0.7166314900801932,-38261.00000000011,4307.000000000653,93.3056768558952,rr_matrix_out/M15_LONDON_ORB30_SKIP_NEWS_RR4p5
M15_LONDON_ORB30_SKIP_NEWS_RR5,M15,LONDON,30,SKIP_NEWS,5.0,03:00,03:30,09:30,229,55,174,24.017467248908297,-27339.999999999753,0.8465079721536056,-119.38864628820846,42439.99999999997,42.42515119708104,3,13,-0.11201850167321939,-25.65223688316724,-0.6442035815268561,-36865.000000000284,9525.000000000548,94.06986899563319,rr_matrix_out/M15_LONDON_ORB30_SKIP_NEWS_RR5
M15_LONDON_ORB60_SKIP_NEWS_RR1,M15,LONDON,60,SKIP_NEWS,1.0,03:00,04:00,09:30,197,87,110,44.16243654822335,-8159.999999999651,0.9383732346499534,-41.421319796952424,19114.99999999997,19.009497290040215,10,8,-0.11057051799372837,-21.78239204476449,-0.42688987705988296,-14750.000000000273,6590.000000000646,54.0507614213198,rr_matrix_out/M15_LONDON_ORB60_SKIP_NEWS_RR1
M15_LONDON_ORB60_SKIP_NEWS_RR1p5,M15,LONDON,60,SKIP_NEWS,1.5,03:00,04:00,09:30,190,65,125,34.21052631578947,-23926.99999999962,0.8379697975215026,-125.93157894736628,34336.999999999694,34.3369999999997,4,8,-0.1764916592606894,-33.53341525953099,-0.6968284940443206,-26040.000000000324,2113.0000000007385,79.10526315789474,rr_matrix_out/M15_LONDON_ORB60_SKIP_NEWS_RR1p5
M15_LONDON_ORB60_SKIP_NEWS_RR2,M15,LONDON,60,SKIP_NEWS,2.0,03:00,04:00,09:30,189,58,131,30.687830687830687,-22399.999999999825,0.8535756308014131,-118.51851851851707,33864.99999999981,33.86499999999981,4,15,-0.19516168573114134,-36.885558603185714,-0.6614498745016965,-31605.000000000477,9205.000000000746,89.12698412698413,rr_matrix_out/M15_LONDON_ORB60_SKIP_NEWS_RR2
M15_LONDON_ORB60_SKIP_NEWS_RR2p5,M15,LONDON,60,SKIP_NEWS,2.5,03:00,04:00,09:30,189,57,132,30.158730158730158,-14816.999999999796,0.9035885089631404,-78.39682539682376,29790.0,29.79,4,15,-0.17192800212798784,-32.4943924021897,-0.49738167170190656,-25840.00000000033,11023.000000000637,94.6984126984127,rr_matrix_out/M15_LONDON_ORB60_SKIP_NEWS_RR2p5
M15_LONDON_ORB60_SKIP_NEWS_RR3,M15,LONDON,60,SKIP_NEWS,3.0,03:00,04:00,09:30,187,55,132,29.411764705882355,-14764.999999999985,0.9037765974779236,-78.95721925133645,29790.0,29.79,4,15,-0.15606260865924393,-29.183707819278617,-0.4956361195031885,-29225.00000000036,14460.000000000446,97.70053475935829,rr_matrix_out/M15_LONDON_ORB60_SKIP_NEWS_RR3
M15_LONDON_ORB60_SKIP_NEWS_RR3p5,M15,LONDON,60,SKIP_NEWS,3.5,03:00,04:00,09:30,187,54,133,28.87700534759358,-11183.999999999825,0.9273624732090683,-59.80748663101442,29790.0,29.79,4,15,-0.15564098247562233,-29.104863722941378,-0.37542799597179677,-30320.000000000437,19136.00000000074,98.94652406417113,rr_matrix_out/M15_LONDON_ORB60_SKIP_NEWS_RR3p5
M15_LONDON_ORB60_SKIP_NEWS_RR4,M15,LONDON,60,SKIP_NEWS,4.0,03:00,04:00,09:30,187,54,133,28.87700534759358,-2759.999999999767,0.9820744300837847,-14.759358288768059,29790.0,29.79,4,15,-0.11817712912103986,-22.099123145634454,-0.09264853977844133,-28530.00000000029,25770.000000000666,99.75401069518716,rr_matrix_out/M15_LONDON_ORB60_SKIP_NEWS_RR4
M15_LONDON_ORB60_SKIP_NEWS_RR4p5,M15,LONDON,60,SKIP_NEWS,4.5,03:00,04:00,09:30,187,54,133,28.87700534759358,-705.9999999998108,0.9954146911736071,-3.7754010695172284,29790.0,29.79,4,15,-0.11657999500254568,-21.80045906547604,-0.02369922792882883,-26740.000000000324,26034.000000000608,102.16042780748663,rr_matrix_out/M15_LONDON_ORB60_SKIP_NEWS_RR4p5
M15_LONDON_ORB60_SKIP_NEWS_RR5,M15,LONDON,60,SKIP_NEWS,5.0,03:00,04:00,09:30,187,54,133,28.87700534759358,-1209.999999999738,0.9921413262323854,-6.470588235292124,29790.0,29.79,4,15,-0.13232952835316827,-24.745621802042468,-0.04061765693184753,-26630.00000000029,25420.000000000662,104.89304812834224,rr_matrix_out/M15_LONDON_ORB60_SKIP_NEWS_RR5
M15_NEW_YORK_ORB15_SKIP_NEWS_RR1,M15,NEW_YORK,15,SKIP_NEWS,1.0,09:30,09:45,16:55,194,101,93,52.0618556701031,2270.0000000000728,1.0161147197671534,11.701030927835193,16115.000000000146,14.556047330864555,9,7,0.021646265066350888,4.199375422872072,0.14086255041886767,-585.0000000002638,2855.000000000291,99.4381443298969,rr_matrix_out/M15_NEW_YORK_ORB15_SKIP_NEWS_RR1
M15_NEW_YORK_ORB15_SKIP_NEWS_RR1p5,M15,NEW_YORK,15,SKIP_NEWS,1.5,09:30,09:45,16:55,186,84,102,45.16129032258064,2354.9999999999563,1.0155795183911085,12.661290322580498,23170.00000000016,20.25438174745414,8,8,0.006708033368298438,1.2476942065035095,0.1016400517911066,-12343.000000000256,14698.00000000023,126.9247311827957,rr_matrix_out/M15_NEW_YORK_ORB15_SKIP_NEWS_RR1p5
M15_NEW_YORK_ORB15_SKIP_NEWS_RR2,M15,NEW_YORK,15,SKIP_NEWS,2.0,09:30,09:45,16:55,185,78,107,42.16216216216216,19460.000000000233,1.1258732212160425,105.18918918918988,25215.000000000044,21.84062364660033,8,11,0.04367444779060077,8.079772841261143,0.7717628395796232,-6185.000000000127,25645.000000000255,139.33513513513515,rr_matrix_out/M15_NEW_YORK_ORB15_SKIP_NEWS_RR2
M15_NEW_YORK_ORB15_SKIP_NEWS_RR2p5,M15,NEW_YORK,15,SKIP_NEWS,2.5,09:30,09:45,16:55,184,73,111,39.67391304347826,21882.000000000146,1.1365448815949581,118.92391304347834,25215.00000000006,20.643497482500376,5,11,0.05688138569782433,10.466174968399677,0.8678167757287366,-9682.000000000106,31564.000000000124,152.64673913043478,rr_matrix_out/M15_NEW_YORK_ORB15_SKIP_NEWS_RR2p5
M15_NEW_YORK_ORB15_SKIP_NEWS_RR3,M15,NEW_YORK,15,SKIP_NEWS,3.0,09:30,09:45,16:55,183,70,113,38.25136612021858,2310.000000000233,1.0141453109212835,12.622950819673076,29894.999999999985,25.822752008292333,5,11,0.0006594629130214746,0.12068171308292985,0.07727044656297823,-24084.999999999945,26395.000000000116,168.4153005464481,rr_matrix_out/M15_NEW_YORK_ORB15_SKIP_NEWS_RR3
M15_NEW_YORK_ORB15_SKIP_NEWS_RR3p5,M15,NEW_YORK,15,SKIP_NEWS,3.5,09:30,09:45,16:55,182,69,113,37.91208791208791,4839.000000000262,1.0296226010835314,26.587912087913516,29908.0,25.102186411515426,5,11,-0.0050685911077009696,-0.9224835816015764,0.1617961749364806,-24592.00000000005,29431.00000000031,180.34615384615384,rr_matrix_out/M15_NEW_YORK_ORB15_SKIP_NEWS_RR3p5
M15_NEW_YORK_ORB15_SKIP_NEWS_RR4,M15,NEW_YORK,15,SKIP_NEWS,4.0,09:30,09:45,16:55,182,69,113,37.91208791208791,8125.000000000204,1.049738300021427,44.64285714285814,29894.99999999997,24.83592257206947,5,11,0.010293675422519782,1.8734489268986003,0.27178457936110423,-21925.00000000005,30050.00000000023,185.52747252747253,rr_matrix_out/M15_NEW_YORK_ORB15_SKIP_NEWS_RR4
M15_NEW_YORK_ORB15_SKIP_NEWS_RR4p5,M15,NEW_YORK,15,SKIP_NEWS,4.5,09:30,09:45,16:55,182,69,113,37.91208791208791,11834.000000000146,1.0724434513788996,65.02197802197885,29894.99999999997,24.320696387894582,5,11,0.013186429384121939,2.399930147910193,0.3958521491888328,-19257.000000000015,31091.000000000164,188.34615384615384,rr_matrix_out/M15_NEW_YORK_ORB15_SKIP_NEWS_RR4p5
M15_NEW_YORK_ORB15_SKIP_NEWS_RR5,M15,NEW_YORK,15,SKIP_NEWS,5.0,09:30,09:45,16:55,182,68,114,37.362637362637365,6590.000000000116,1.0403317114966804,36.20879120879176,29894.999999999985,24.17418024501681,5,11,-0.009458628304991215,-1.721470351508401,0.2204382003679585,-24409.999999999993,31000.00000000009,192.25824175824175,rr_matrix_out/M15_NEW_YORK_ORB15_SKIP_NEWS_RR5
M15_NEW_YORK_ORB30_SKIP_NEWS_RR1,M15,NEW_YORK,30,SKIP_NEWS,1.0,09:30,10:00,16:55,168,79,88,47.023809523809526,2380.000000000422,1.01729525470533,14.166666666669482,24254.999999999796,19.55181169642476,5,5,-0.061940154571153816,-10.40594596795384,0.09812409812411635,-24360.000000000127,26740.0000000006,121.69642857142857,rr_matrix_out/M15_NEW_YORK_ORB30_SKIP_NEWS_RR1
M15_NEW_YORK_ORB30_SKIP_NEWS_RR1p5,M15,NEW_YORK,30,SKIP_NEWS,1.5,09:30,10:00,16:55,161,69,91,42.857142857142854,18277.00000000054,1.1296746958033306,113.52173913043731,25371.99999999997,19.26762959250312,5,8,-0.039299436745935154,-6.32720931609556,0.720361027904799,-33989.00000000021,52266.00000000061,149.85714285714286,rr_matrix_out/M15_NEW_YORK_ORB30_SKIP_NEWS_RR1p5
M15_NEW_YORK_ORB30_SKIP_NEWS_RR2,M15,NEW_YORK,30,SKIP_NEWS,2.0,09:30,10:00,16:55,161,66,94,40.993788819875775,37635.00000000035,1.2632278370344494,233.7577639751575,25305.00000000013,17.737978410206168,5,9,-0.005113032500540494,-0.8231982325870195,1.4872554831061116,-25455.000000000156,63090.000000000495,163.40993788819875,rr_matrix_out/M15_NEW_YORK_ORB30_SKIP_NEWS_RR2
M15_NEW_YORK_ORB30_SKIP_NEWS_RR2p5,M15,NEW_YORK,30,SKIP_NEWS,2.5,09:30,10:00,16:55,160,64,96,40.0,16728.00000000051,1.1154929577464825,104.55000000000295,25150.00000000006,20.92346089850253,5,9,-0.003057166062611061,-0.48914657001776973,0.6651292246521062,-16357.00000000011,33085.00000000058,179.69375,rr_matrix_out/M15_NEW_YORK_ORB30_SKIP_NEWS_RR2p5
M15_NEW_YORK_ORB30_SKIP_NEWS_RR3,M15,NEW_YORK,30,SKIP_NEWS,3.0,09:30,10:00,16:55,160,62,98,38.75,-1244.9999999993452,0.991575029605824,-7.7812499999961915,29679.999999999985,26.32839528075932,5,9,-0.06474561190163289,-10.359297904261261,-0.04194743935307769,-28754.99999999997,27510.000000000582,192.6625,rr_matrix_out/M15_NEW_YORK_ORB30_SKIP_NEWS_RR3
M15_NEW_YORK_ORB30_SKIP_NEWS_RR3p5,M15,NEW_YORK,30,SKIP_NEWS,3.5,09:30,10:00,16:55,160,62,98,38.75,-3628.9999999991414,0.975442395533756,-22.681249999995146,30167.999999999884,26.77839123719564,5,9,-0.07640327486829084,-12.224523978926534,-0.120293025722592,-26921.99999999989,23293.000000000666,197.43125,rr_matrix_out/M15_NEW_YORK_ORB30_SKIP_NEWS_RR3p5
M15_NEW_YORK_ORB30_SKIP_NEWS_RR4,M15,NEW_YORK,30,SKIP_NEWS,4.0,09:30,10:00,16:55,160,62,98,38.75,-4234.999999999287,0.9713415665708046,-26.468749999995964,29679.999999999985,26.049940755694013,5,9,-0.07466574189651153,-11.946518703441845,-0.14268867924525908,-25169.999999999935,20935.000000000582,201.375,rr_matrix_out/M15_NEW_YORK_ORB30_SKIP_NEWS_RR4
M15_NEW_YORK_ORB30_SKIP_NEWS_RR4p5,M15,NEW_YORK,30,SKIP_NEWS,4.5,09:30,10:00,16:55,160,62,98,38.75,-3847.9999999991996,0.9739604127897191,-24.049999999995464,29679.999999999985,26.362304036949837,5,9,-0.06859501331002918,-10.97520212960467,-0.12964959568730464,-26044.999999999935,22197.000000000662,201.55,rr_matrix_out/M15_NEW_YORK_ORB30_SKIP_NEWS_RR4p5
M15_NEW_YORK_ORB30_SKIP_NEWS_RR5,M15,NEW_YORK,30,SKIP_NEWS,5.0,09:30,10:00,16:55,160,62,98,38.75,-2289.999999999316,0.9845034681103071,-14.312499999996078,29679.999999999985,26.362304036949837,5,9,-0.06046809023310654,-9.674894437297047,-0.07715633423178292,-25569.999999999935,23280.000000000564,201.7375,rr_matrix_out/M15_NEW_YORK_ORB30_SKIP_NEWS_RR5
M15_NEW_YORK_ORB60_SKIP_NEWS_RR1,M15,NEW_YORK,60,SKIP_NEWS,1.0,09:30,10:30,16:55,110,54,56,49.09090909090909,-11160.000000000335,0.8848416056134517,-101.45454545454868,23730.00000000029,23.492723492723815,4,6,-0.017733642762300127,-1.9507007038530138,-0.47029077117573526,-9035.000000000173,-2125.000000000182,152.2,rr_matrix_out/M15_NEW_YORK_ORB60_SKIP_NEWS_RR1
M15_NEW_YORK_ORB60_SKIP_NEWS_RR1p5,M15,NEW_YORK,60,SKIP_NEWS,1.5,09:30,10:30,16:55,107,48,59,44.85981308411215,-15126.99999999984,0.8486543271635822,-141.37383177570004,30619.999999999913,30.063819342169793,4,6,-0.026063137691416847,-2.7887557329816026,-0.49402351404310524,-19142.9999999998,4015.9999999998945,174.97196261682242,rr_matrix_out/M15_NEW_YORK_ORB60_SKIP_NEWS_RR1p5
M15_NEW_YORK_ORB60_SKIP_NEWS_RR2,M15,NEW_YORK,60,SKIP_NEWS,2.0,09:30,10:30,16:55,106,46,60,43.39622641509434,-7109.9999999998545,0.9288715486194485,-67.07547169811227,26570.000000000015,26.118155902880208,4,6,0.009273110656401712,0.9829497295785814,-0.26759503199096163,-17064.999999999916,9955.000000000018,186.33018867924528,rr_matrix_out/M15_NEW_YORK_ORB60_SKIP_NEWS_RR2
M15_NEW_YORK_ORB60_SKIP_NEWS_RR2p5,M15,NEW_YORK,60,SKIP_NEWS,2.5,09:30,10:30,16:55,106,46,60,43.39622641509434,-7359.999999999694,0.9263705482192903,-69.43396226414828,23464.999999999898,23.065958910842344,4,6,0.022421787152300046,2.3767094381438048,-0.31365864052843495,-15624.999999999862,8265.000000000146,198.22641509433961,rr_matrix_out/M15_NEW_YORK_ORB60_SKIP_NEWS_RR2p5
M15_NEW_YORK_ORB60_SKIP_NEWS_RR3,M15,NEW_YORK,60,SKIP_NEWS,3.0,09:30,10:30,16:55,106,46,60,43.39622641509434,-1099.9999999997526,0.9889955982392978,-10.377358490563893,20139.999999999985,19.79750319473115,4,6,0.05543915175154465,5.876550085663733,-0.0546176762661248,-14254.99999999988,13155.00000000011,199.91509433962264,rr_matrix_out/M15_NEW_YORK_ORB60_SKIP_NEWS_RR3
M15_NEW_YORK_ORB60_SKIP_NEWS_RR3p5,M15,NEW_YORK,60,SKIP_NEWS,3.5,09:30,10:30,16:55,106,46,60,43.39622641509434,855.0000000002765,1.0085534213685499,8.066037735851372,19382.999999999927,19.05337658507809,4,6,0.06846644114965389,7.257442761863312,0.04411081875872051,-12884.999999999898,13740.000000000146,201.66037735849056,rr_matrix_out/M15_NEW_YORK_ORB60_SKIP_NEWS_RR3p5
M15_NEW_YORK_ORB60_SKIP_NEWS_RR4,M15,NEW_YORK,60,SKIP_NEWS,4.0,09:30,10:30,16:55,106,46,60,43.39622641509434,-2869.99999999984,0.971288515406164,-27.07547169811175,19289.999999999985,18.961958124447065,4,6,0.04942873555648497,5.239445968987407,-0.1487817522032059,-13604.999999999884,10735.000000000036,207.10377358490567,rr_matrix_out/M15_NEW_YORK_ORB60_SKIP_NEWS_RR4
M15_NEW_YORK_ORB60_SKIP_NEWS_RR4p5,M15,NEW_YORK,60,SKIP_NEWS,4.5,09:30,10:30,16:55,106,46,60,43.39622641509434,-1589.9999999997235,0.9840936374549847,-14.999999999997511,18477.999999999898,18.163766833775593,4,6,0.05886483996262326,6.239673036038066,-0.08604827362267195,-13604.999999999884,12015.000000000146,207.4056603773585,rr_matrix_out/M15_NEW_YORK_ORB60_SKIP_NEWS_RR4p5
M15_NEW_YORK_ORB60_SKIP_NEWS_RR5,M15,NEW_YORK,60,SKIP_NEWS,5.0,09:30,10:30,16:55,106,46,60,43.39622641509434,-664.9999999998108,0.9933473389355758,-6.273584905658747,17664.999999999985,17.36459254890396,4,6,0.06471478136417338,6.859766824602379,-0.037645060854786944,-13604.999999999884,12940.000000000055,207.50943396226415,rr_matrix_out/M15_NEW_YORK_ORB60_SKIP_NEWS_RR5
