timeframe,session,orb_minutes,news_mode,risk_reward,sl_range_mult,max_trades,trades_rev,net_profit_rev,profit_factor_rev,win_rate_rev,max_dd_pct_rev,avg_r_rev,trades_fwd,net_profit_fwd,profit_factor_fwd,win_rate_fwd,max_dd_pct_fwd,avg_r_fwd,edge_over_forward
M5,LONDON,15,SKIP_NEWS,1.5,1.0,3,233,66744.99999999988,1.5330644517211085,51.50214592274678,7.453880050787907,0.23992728195606752,233,-82035.0000000005,0.6245365920637083,30.042918454935624,87.22443167869639,-0.26048108848496576,148780.00000000038
M5,LONDON,15,SKIP_NEWS,2.0,1.0,3,206,53669.99999999956,1.4527585625105421,43.203883495145625,11.376719679968728,0.2000228269266589,226,-84940.00000000022,0.6189664453615641,26.10619469026549,91.04000000000009,-0.27182313698778093,138609.99999999977
M5,LONDON,15,SKIP_NEWS,1.0,1.5,3,219,71714.99999999988,1.523600919943049,60.73059360730594,10.474757723122138,0.19437307783645086,199,-65900.00000000032,0.6784346256129978,39.19597989949749,74.7387387387391,-0.17715268259759057,137615.0000000002
M5,LONDON,15,SKIP_NEWS,1.0,2.0,3,180,76470.00000000003,1.6310968061401343,60.0,10.515166104959048,0.170599135336271,159,-57169.99999999995,0.6847532395919493,42.76729559748428,69.68521692071766,-0.11326279605204437,133639.99999999997
M15,LONDON,15,SKIP_NEWS,1.0,1.0,3,224,57449.99999999942,1.6053102939626973,62.05357142857143,10.007293946024834,0.23952124442664116,200,-75430.0,0.5869791381481676,35.5,81.58598158598159,-0.2748238447763864,132879.99999999942
M5,LONDON,15,SKIP_NEWS,1.0,2.0,2,156,76650.00000000017,1.7176294354461212,61.53846153846154,10.277647058823504,0.20070065678610527,146,-54150.00000000011,0.68690372940156,42.465753424657535,64.61026967122255,-0.11800512671283375,130800.00000000029
M5,LONDON,15,SKIP_NEWS,2.5,0.75,3,219,51721.99999999974,1.4601110201757812,38.81278538812785,13.291450739700512,0.2872490037596904,252,-76468.99999999983,0.6329394032487231,21.825396825396826,80.67299999999983,-0.3024567939265964,128190.99999999956
M15,LONDON,15,SKIP_NEWS,1.5,1.0,3,199,56914.999999999214,1.5515553832735631,53.266331658291456,10.734008283479078,0.3000552627536527,196,-70364.99999999993,0.635829624262499,30.102040816326532,72.03499999999991,-0.2675611634625763,127279.99999999914
M1,LONDON,60,INCLUDE_NEWS,1.0,0.75,3,348,63183.0,1.3036636884879553,54.88505747126437,8.589627827838934,0.10843599405337975,335,-62856.99999999994,0.774901340056295,44.47761194029851,76.2566581179719,-0.11138280927957463,126039.99999999994
M5,LONDON,15,SKIP_NEWS,2.0,0.75,3,239,60481.00000000058,1.537518108052869,43.09623430962343,6.805520990868487,0.24769273550952892,257,-64700.999999999694,0.6829454743248612,25.291828793774318,69.06831201443892,-0.26376424806478127,125182.00000000028
M5,LONDON,15,INCLUDE_NEWS,1.5,1.0,3,340,50034.999999999796,1.2515712202725122,47.94117647058824,16.091954022988435,0.14891941707645026,338,-71944.99999999981,0.7539079870018814,33.13609467455622,84.94007797083309,-0.1923744488810042,121979.9999999996
M15,LONDON,15,SKIP_NEWS,2.0,1.0,3,174,47369.999999999185,1.4781950333131348,48.85057471264368,12.981744421906818,0.3636254339159071,194,-72439.99999999991,0.6309542004177496,27.835051546391753,78.23999999999991,-0.24541847399026076,119809.9999999991
M15,LONDON,15,SKIP_NEWS,2.5,0.75,3,185,47467.99999999939,1.5445388948159302,43.78378378378379,10.177584914867433,0.4448509805975188,215,-72171.9999999995,0.6208916180340714,23.72093023255814,76.52999999999949,-0.3021919580892106,119639.9999999989
M5,LONDON,15,INCLUDE_NEWS,1.0,2.0,3,254,62399.99999999942,1.3091251362330305,58.26771653543307,35.54525734569115,0.13593394697600233,222,-55289.999999999534,0.7742528172464496,42.792792792792795,67.25636489500779,-0.11058152463380277,117689.99999999895
M5,LONDON,15,SKIP_NEWS,3.0,0.75,3,206,45524.99999999965,1.4260924908510613,33.49514563106796,13.612373986953788,0.20353106333973608,250,-72118.99999999948,0.6572502649551137,19.6,74.10699999999949,-0.32821791196044514,117643.99999999913
M15,LONDON,15,SKIP_NEWS,3.0,0.75,3,179,50504.99999999965,1.5733666345007635,40.22346368715084,10.446033542545624,0.45663933350860997,215,-66945.99999999933,0.6519392742019362,22.790697674418606,69.93499999999932,-0.27215530985651804,117450.99999999898
M5,LONDON,15,SKIP_NEWS,1.0,1.5,2,177,56944.99999999997,1.4824212131480836,60.451977401129945,11.601053936763812,0.19797031329720113,170,-58105.00000000026,0.6833342416480451,38.23529411764706,64.8067136862783,-0.1997266218156284,115050.00000000023
M5,LONDON,15,INCLUDE_NEWS,1.0,2.0,2,227,63349.99999999962,1.3410314384151585,59.03083700440529,34.92201879298649,0.1563137943667512,208,-51679.99999999971,0.7809519772813981,42.78846153846153,62.72166237012715,-0.11240819472002918,115029.99999999933
M15,LONDON,15,SKIP_NEWS,1.5,0.75,3,225,47949.00000000009,1.520421121180877,51.11111111111111,7.646794603720503,0.2669256976030628,218,-66497.99999999916,0.6298448641517659,29.81651376146789,68.45799999999895,-0.2867242894097661,114446.99999999924
M5,LONDON,15,INCLUDE_NEWS,2.0,1.0,3,303,37659.99999999913,1.1972967309304239,40.5940594059406,24.27991494297313,0.12371854843547929,328,-76529.99999999978,0.7463037857190218,28.353658536585364,92.33999999999973,-0.21100921573946563,114189.99999999891
M1,LONDON,15,SKIP_NEWS,1.0,2.0,3,189,56879.99999999974,1.4235294117647042,56.08465608465608,10.408246939612221,0.0939704763378292,178,-56959.99999999913,0.6974075648108836,44.38202247191011,74.43637041177502,-0.07567426628636627,113839.99999999886
M15,LONDON,15,SKIP_NEWS,1.0,1.5,3,190,51449.99999999991,1.425787230520957,61.05263157894737,18.637352392790675,0.21015366128105864,168,-59794.99999999971,0.6639692039675194,36.904761904761905,61.389999999999866,-0.22648358413515413,111244.99999999962
M1,LONDON,60,INCLUDE_NEWS,1.0,0.75,2,277,59227.99999999997,1.3500472813238784,55.95667870036101,9.672111586311722,0.1272398494182728,274,-51639.99999999988,0.783057113449703,44.89051094890511,65.8881677483771,-0.11018000032504198,110867.99999999985
M15,LONDON,15,SKIP_NEWS,1.5,1.0,2,171,52654.99999999913,1.5862932858256202,54.385964912280706,13.159848396045875,0.3228713291694566,167,-58204.999999999716,0.6537477691850107,29.94011976047904,59.269999999999676,-0.27916270205454663,110859.99999999884
M5,LONDON,15,SKIP_NEWS,2.0,1.0,2,173,49859.99999999968,1.483467468243962,43.93063583815029,12.64064181586938,0.23033364282233781,178,-60859.999999999985,0.6630494961798251,26.40449438202247,66.56999999999998,-0.2590377719582153,110719.99999999967
M5,LONDON,15,SKIP_NEWS,1.5,1.5,3,175,38682.999999999214,1.3017394695787754,49.142857142857146,15.355838691752083,0.1305662685313097,186,-71763.00000000007,0.6645413112071987,31.72043010752688,81.78800000000007,-0.22096391229006687,110445.99999999929
M5,LONDON,15,INCLUDE_NEWS,2.5,0.75,3,320,42026.9999999993,1.2428113354710084,36.5625,22.58186600562004,0.1984756388130294,365,-67203.99999999949,0.761969865478477,24.383561643835616,77.71099999999991,-0.2216955802020072,109230.99999999879
M15,LONDON,60,INCLUDE_NEWS,1.0,0.75,3,277,62571.99999999988,1.3938789256016255,56.678700361010826,9.13220049161062,0.14405491951811594,250,-45858.999999999534,0.8046499938232965,42.0,59.690999999999704,-0.1395301106102232,108430.99999999942
M15,LONDON,15,SKIP_NEWS,2.0,0.75,3,204,55624.99999999968,1.619563159243044,47.549019607843135,7.32932599268576,0.3836132654590278,218,-52715.99999999895,0.7158902278655701,27.06422018348624,55.41899999999892,-0.2512013828410863,108340.99999999863
M5,LONDON,15,SKIP_NEWS,1.5,0.75,3,257,39235.000000000466,1.3422363336618945,46.30350194552529,6.701856913940938,0.1406643408274382,259,-68838.99999999924,0.6459864337397756,30.888030888030887,74.62266187756316,-0.23499574292487035,108073.99999999971
M5,LONDON,15,INCLUDE_NEWS,1.0,1.5,3,314,60569.99999999933,1.2808392256867929,58.28025477707006,24.847393614685465,0.14179643089982324,277,-47270.00000000003,0.8219585687382296,41.51624548736462,63.265382597616984,-0.13166393293950573,107839.99999999936
M5,LONDON,15,SKIP_NEWS,2.5,1.0,3,192,20864.99999999971,1.166096163031361,35.41666666666667,18.280000000000406,0.056114528799052175,225,-85775.00000000051,0.6209677419354825,24.0,91.18000000000039,-0.27849040805947733,106640.00000000022
M5,LONDON,15,SKIP_NEWS,1.5,1.0,2,184,46584.99999999997,1.430187459599224,48.91304347826087,7.9329120464210074,0.19776702827470008,181,-59475.000000000415,0.6587192287829208,30.386740331491712,65.14459665144635,-0.25596995435485626,106060.00000000038
M15,LONDON,15,SKIP_NEWS,1.0,0.75,3,242,44964.00000000012,1.5654924351992772,60.33057851239669,8.928529051141272,0.2047452484786852,222,-60628.99999999921,0.6338784284834386,38.288288288288285,68.91495310424062,-0.22641130723728814,105592.99999999933
M5,LONDON,15,SKIP_NEWS,1.0,1.0,3,262,43849.999999999854,1.3501277547109558,57.63358778625955,7.97188273823784,0.14180569206402407,240,-61619.99999999999,0.6845177145197631,40.833333333333336,68.91672244000377,-0.1648572715454399,105469.99999999985
M1,LONDON,15,SKIP_NEWS,2.0,1.0,3,225,30489.99999999939,1.2223924142961293,39.111111111111114,10.967362540429484,0.061654305721991765,250,-73579.99999999996,0.665043019074066,27.6,79.46131243878544,-0.20967870626599558,104069.99999999935
M15,LONDON,15,INCLUDE_NEWS,3.0,0.75,3,258,48858.999999999534,1.3561878517481671,36.434108527131784,15.046302334681505,0.3341124774705758,306,-55206.99999999914,0.7834917721618296,25.816993464052292,67.28745100379957,-0.17871754751578062,104065.99999999868
M5,LONDON,30,SKIP_NEWS,1.5,0.75,3,235,39701.99999999927,1.3197725460505587,47.65957446808511,10.927223079662909,0.14102768312315447,233,-64254.999999998734,0.6785305109591344,31.330472103004293,73.7838662375866,-0.23742811269171243,103956.999999998
M1,LONDON,15,SKIP_NEWS,1.0,2.0,2,162,50799.99999999994,1.4171456725242244,54.93827160493827,10.255447032306554,0.09495134546909244,157,-52299.999999999345,0.6992697372204044,45.85987261146497,70.79014928211423,-0.07484401701938843,103099.99999999929
M15,LONDON,15,SKIP_NEWS,2.0,1.0,2,159,37179.999999999185,1.391286045043139,47.79874213836478,15.51962649144055,0.33654940757483337,165,-65599.99999999968,0.6205240932492639,26.666666666666668,68.67999999999971,-0.2810264676276049,102779.99999999886
M5,LONDON,15,INCLUDE_NEWS,2.0,0.75,3,351,53560.00000000029,1.3068461758808385,41.02564102564102,15.971447488957047,0.1789408353083387,372,-48556.99999999951,0.822798252688664,29.03225806451613,60.19380761049389,-0.16225679303974952,102116.9999999998
M15,LONDON,15,INCLUDE_NEWS,2.5,0.75,3,269,41825.9999999993,1.3024666806476528,39.03345724907063,15.704818261664846,0.3014163694649947,306,-59865.9999999993,0.7615118933324853,27.450980392156865,71.43457975919112,-0.1876587991774489,101691.9999999986
M1,LONDON,30,SKIP_NEWS,1.5,1.0,3,214,42319.99999999892,1.3002057175285429,51.86915887850467,12.990853177732406,0.1840472187664343,227,-59134.99999999956,0.7231248244217642,33.92070484581498,72.36606494700656,-0.15513885716035816,101454.99999999849
M15,LONDON,15,SKIP_NEWS,2.5,1.0,3,160,33224.99999999965,1.3340203076304373,43.75,14.609527953012966,0.3279155652242177,193,-67654.99999999996,0.6597173322603362,26.42487046632124,72.45499999999998,-0.22143756395203562,100879.9999999996
M1,LONDON,60,INCLUDE_NEWS,1.5,0.5,3,369,39268.00000000076,1.2000254692713288,45.799457994579946,14.100937022654241,0.1458474677678952,370,-61246.999999999534,0.7678014937255954,35.13513513513514,74.37900000000012,-0.14055726142298502,100515.00000000029
M1,LONDON,15,SKIP_NEWS,1.0,1.5,3,230,55374.99999999881,1.3783220605315203,58.26086956521739,10.835263462652046,0.1366725878578292,218,-44934.99999999941,0.7668862834613014,42.201834862385326,50.54529800057344,-0.11845498008386397,100309.99999999822
M5,LONDON,15,INCLUDE_NEWS,1.5,1.5,3,245,36133.999999998836,1.1861521817526073,49.38775510204081,34.837266546847154,0.1317599308232389,260,-62525.99999999949,0.7764093761733639,34.23076923076923,75.43749168477511,-0.168108843818577,98659.99999999833
M5,LONDON,15,INCLUDE_NEWS,3.0,0.75,3,300,41277.99999999939,1.2509407695160257,32.666666666666664,22.895102882632116,0.16843256394787048,362,-56442.99999999933,0.8017101763926817,22.65193370165746,66.32600732600697,-0.2229058945258488,97720.99999999872
M5,LONDON,15,SKIP_NEWS,2.5,0.75,2,180,49381.00000000006,1.523991935483874,40.0,10.489750323364493,0.3162025644584255,190,-46136.99999999989,0.7098867516396169,22.63157894736842,52.149999999999984,-0.2725436275663607,95517.99999999994
M5,LONDON,15,SKIP_NEWS,3.0,0.5,3,254,43624.99999999962,1.4628401676303622,30.314960629921263,6.245000000000175,0.15517049029724608,268,-51824.99999999896,0.7015634447611689,20.149253731343283,58.63842964886762,-0.304253596243595,95449.99999999857
M5,LONDON,15,SKIP_NEWS,3.0,1.0,3,182,19549.99999999965,1.1601540099942622,32.417582417582416,21.06000000000006,0.014876781255806914,223,-75710.00000000038,0.6647775071950401,23.318385650224215,84.00000000000033,-0.23953774213005496,95260.00000000003
M15,LONDON,30,SKIP_NEWS,2.0,0.75,3,178,25999.999999999825,1.2420901692768942,41.01123595505618,15.008676968845466,0.13219448742612902,197,-68839.99999999965,0.6387224082373819,28.934010152284262,77.06399999999967,-0.22196701196212165,94839.99999999948
M15,LONDON,60,INCLUDE_NEWS,1.0,0.75,2,245,49913.999999999825,1.3335115126084103,55.51020408163265,10.143366677858946,0.12663987992839085,230,-44917.999999999476,0.7968430574400738,41.30434782608695,57.01299999999967,-0.15500714699411336,94831.9999999993
M15,LONDON,15,INCLUDE_NEWS,1.0,1.0,3,326,41409.99999999878,1.2583603693536256,57.05521472392638,13.401896191547493,0.1452300604042478,289,-52609.99999999961,0.7777918567325576,41.17647058823529,64.3330733229326,-0.1676823666276328,94019.99999999838
M15,LONDON,15,SKIP_NEWS,1.0,1.5,2,165,42469.99999999974,1.3868294015848417,61.212121212121204,20.097143967359703,0.21181680669791023,152,-51414.99999999981,0.6825352721434974,36.18421052631579,51.41499999999981,-0.23998988935799637,93884.99999999955
M15,LONDON,30,SKIP_NEWS,1.5,0.75,3,205,41326.999999999796,1.3733479081784732,47.80487804878049,11.435683765548726,0.15997508419716813,201,-52557.99999999958,0.7129531018738514,33.33333333333333,59.00099999999965,-0.19719138011799206,93884.99999999937
M15,LONDON,15,SKIP_NEWS,3.0,1.0,3,150,23759.99999999939,1.2399757600242327,40.0,14.70136518771336,0.26727867408297895,191,-69899.99999999953,0.6523252922158689,24.083769633507853,72.95999999999965,-0.2556198123671647,93659.99999999892
M1,LONDON,15,SKIP_NEWS,1.5,1.0,3,251,24794.999999998836,1.165941641011903,44.223107569721115,10.759863207941024,0.057653530899508254,257,-68570.00000000026,0.6740814677503676,33.07392996108949,76.49905628417967,-0.18942464374794926,93364.9999999991
M5,LONDON,15,INCLUDE_NEWS,1.0,1.5,2,259,50784.99999999945,1.2711715079026018,58.301158301158296,26.527042577675548,0.15230689091266206,243,-42424.99999999991,0.824972152316515,40.74074074074074,57.457602014367346,-0.1509606913176717,93209.99999999936
M15,LONDON,15,INCLUDE_NEWS,2.0,1.0,3,251,37519.99999999895,1.237784396983326,44.223107569721115,20.167531639807184,0.24810776808236132,278,-55489.999999999636,0.7842031578128656,32.37410071942446,69.04691938485608,-0.13192292855491833,93009.99999999859
M5,LONDON,15,SKIP_NEWS,3.0,0.75,2,175,48366.00000000006,1.5291163889770207,35.42857142857142,10.698153181963455,0.2773481139903287,190,-44471.99999999951,0.7249993816319986,20.0,47.847070795173444,-0.3223158722464982,92837.99999999956
M15,LONDON,15,SKIP_NEWS,1.5,1.5,3,157,34985.9999999993,1.2941854109732975,54.14012738853503,21.07757653193369,0.25013954091764107,164,-57626.999999999825,0.6865627804519873,32.926829268292686,63.2979999999999,-0.20811939257423742,92612.99999999913
M15,LONDON,30,SKIP_NEWS,1.0,0.75,3,228,40352.000000000146,1.4051975177233766,58.77192982456141,14.03874192876477,0.16572410697127507,207,-52081.99999999951,0.6972434399451264,39.61352657004831,62.02732446312722,-0.18322935521510184,92433.99999999965
M15,LONDON,15,SKIP_NEWS,2.0,0.5,3,234,28929.999999999316,1.3628041133684399,43.58974358974359,11.359966000850115,0.29611013409873077,234,-63219.999999999454,0.6141592920354001,23.504273504273502,65.20499999999949,-0.34549805967397706,92149.99999999878
M5,LONDON,60,INCLUDE_NEWS,1.0,0.75,2,259,54464.00000000012,1.339183180340529,57.14285714285714,9.835699579119604,0.13318084246003448,251,-37308.0,0.8352527643339102,43.82470119521912,49.219000000000044,-0.11510890128260416,91772.00000000012
M5,LONDON,15,INCLUDE_NEWS,2.5,1.5,3,216,25311.999999999243,1.128412348121651,41.2037037037037,41.0514846090985,0.10181690357295592,255,-66332.99999999965,0.7676643141100866,30.58823529411765,82.56432663365395,-0.16369497766493826,91644.9999999989
M15,LONDON,15,SKIP_NEWS,1.0,1.0,2,183,33039.99999999945,1.3831168831168767,59.01639344262295,13.425562018550485,0.1786699079987945,169,-57569.99999999986,0.6296081837483115,36.68639053254438,64.05306405306389,-0.2572237007135575,90609.9999999993
M15,LONDON,15,SKIP_NEWS,2.5,1.0,2,152,29204.999999999636,1.3009893847263678,43.42105263157895,16.697540171455774,0.3252256149090672,164,-61139.999999999796,0.6514253135689861,25.0,62.9149999999998,-0.26176671691657993,90344.99999999943
M1,LONDON,60,INCLUDE_NEWS,1.5,0.5,2,283,33870.00000000073,1.216055879820118,47.349823321554766,13.548267154166796,0.17329717596959177,283,-55122.999999999374,0.7450841657417708,33.215547703180206,68.013,-0.17535249786904136,88993.0000000001
M1,LONDON,30,SKIP_NEWS,1.0,1.0,3,248,42340.000000000495,1.2861390822464043,57.25806451612904,15.314032589779897,0.12100400334300053,238,-46089.99999999992,0.766821815238289,42.016806722689076,55.39244470542174,-0.12682550337927093,88430.00000000041
M5,LONDON,60,INCLUDE_NEWS,1.0,0.75,3,311,54289.999999999854,1.2873292510598207,56.27009646302251,9.593515606097167,0.11394525850104911,289,-34026.99999999914,0.8631293567759585,44.636678200692046,48.94499999999917,-0.09020794346814216,88316.999999999
M5,LONDON,15,SKIP_NEWS,2.5,1.5,3,149,13190.999999999432,1.1005373270835677,38.25503355704698,24.173000000000027,-0.006459601119919093,183,-74912.00000000015,0.6577485380116954,27.86885245901639,83.5750000000002,-0.22496234820935462,88102.99999999958
M5,LONDON,30,SKIP_NEWS,1.0,0.75,3,261,40532.000000000175,1.3463089542036943,56.32183908045977,10.781192842632896,0.12915584594825838,241,-47460.99999999932,0.7352718064278643,41.49377593360996,61.37682433620476,-0.1582909941067545,87992.9999999995
M15,LONDON,15,SKIP_NEWS,3.0,0.5,3,218,41719.999999999854,1.5142681047765814,37.61467889908257,9.905100830367791,0.4433693916379776,234,-46014.999999999505,0.7259462195884595,21.794871794871796,51.899999999999366,-0.27023726107506296,87734.99999999936
M5,LONDON,15,SKIP_NEWS,1.5,1.5,2,156,29675.999999999272,1.2427782550006072,48.07692307692308,16.05866793004082,0.11377601229846253,162,-58001.0,0.6976201027031255,30.864197530864196,63.90800000000005,-0.22763884162080217,87676.99999999927
M15,LONDON,60,SKIP_NEWS,1.0,1.0,2,153,58440.00000000009,1.5927578861953602,62.091503267973856,11.113432212241513,0.2165514800637342,141,-29170.000000000146,0.8046869768998988,39.71631205673759,38.6500000000001,-0.15571396350138386,87610.00000000023
M5,LONDON,30,SKIP_NEWS,1.0,1.0,3,232,39989.999999999476,1.2951727192205456,57.758620689655174,13.759645503858259,0.1270761119869565,207,-47519.99999999941,0.7439655172413819,41.06280193236715,65.64536523684387,-0.14230375801627257,87509.9999999989
M5,LONDON,15,INCLUDE_NEWS,1.5,0.75,3,379,42431.99999999988,1.2445394714093052,45.382585751978894,8.669552976174593,0.11963121085417158,377,-44547.999999999076,0.829552454669633,34.217506631299734,59.61450047276582,-0.1513467996546415,86979.99999999895
M5,LONDON,15,INCLUDE_NEWS,1.0,1.0,3,388,43519.999999998545,1.223868312757197,55.670103092783506,8.440382791619985,0.10195560581092163,353,-43129.99999999984,0.8362939345631221,43.626062322946176,54.69931921331314,-0.11653220513885448,86649.99999999838
M1,LONDON,30,SKIP_NEWS,1.5,1.0,2,178,33259.999999999214,1.2636961864742655,50.56179775280899,12.223759802071566,0.1888268900048099,181,-52879.99999999988,0.6997672173962418,32.04419889502763,59.191968658178304,-0.2137527218697513,86139.9999999991
M15,LONDON,15,SKIP_NEWS,3.0,0.75,2,162,40269.99999999956,1.4853210566910884,39.50617283950617,12.94329152873466,0.4218685697886749,176,-45826.99999999935,0.7154026728934842,23.863636363636363,50.947999999999425,-0.2532511578267727,86096.99999999892
M15,LONDON,15,SKIP_NEWS,2.5,0.75,2,166,36129.99999999945,1.4400730816077885,42.77108433734939,13.308067607597282,0.3993688427124364,176,-49641.9999999994,0.6875444526268774,25.0,56.31199999999951,-0.2785658189852375,85771.99999999885
M5,LONDON,15,SKIP_NEWS,2.0,0.75,2,186,52097.00000000076,1.5734712972645835,43.54838709677419,6.914713835060795,0.27894648112595316,193,-33324.99999999991,0.7802752081863553,26.94300518134715,41.52682785858783,-0.22159469009298663,85422.00000000067
M5,LONDON,15,INCLUDE_NEWS,3.0,1.0,3,270,14719.999999999345,1.0770357965250124,32.592592592592595,30.931441135318778,0.049053203254554846,323,-70449.99999999977,0.7696959790781307,25.696594427244584,92.64000000000034,-0.17847215713738204,85169.99999999911
M5,LONDON,30,SKIP_NEWS,2.0,0.75,3,212,34098.000000000146,1.276886348133954,41.0377358490566,11.591815656385833,0.1376564780990832,230,-50904.99999999954,0.7487550034302193,29.565217391304348,60.93247273012581,-0.20060535744226016,85002.99999999968
M15,LONDON,15,SKIP_NEWS,2.5,0.5,3,227,30591.99999999962,1.3673611528069614,39.20704845814978,11.396608984443391,0.34311291418780987,234,-54403.99999999945,0.6726299004121932,22.64957264957265,58.94899999999939,-0.2977949687171116,84995.99999999907
M15,LONDON,15,INCLUDE_NEWS,1.0,0.75,3,349,44079.00000000006,1.3514090963447207,57.306590257879655,9.542513863216389,0.1469757420487327,318,-40607.99999999882,0.8107761774066579,42.76729559748428,55.97833539009892,-0.1434127221517623,84686.99999999888
M15,LONDON,15,INCLUDE_NEWS,3.0,1.0,3,223,27689.99999999923,1.1782541521823051,38.11659192825112,18.32901554404151,0.2514518783521531,275,-56669.99999999926,0.7868747649492317,28.000000000000004,69.47999999999924,-0.16377891807801487,84359.99999999849
M15,LONDON,30,SKIP_NEWS,2.0,0.75,2,163,21450.00000000006,1.2092233862000352,40.49079754601227,14.425019095306665,0.1237193354112644,172,-62709.99999999983,0.631564104673161,27.325581395348834,71.12399999999991,-0.25619822415769317,84159.99999999988
M5,LONDON,15,INCLUDE_NEWS,2.5,2.0,3,188,28999.999999999884,1.146228317870109,44.680851063829785,44.82379954078065,0.11381626804597901,210,-54284.99999999923,0.7908495472933951,35.23809523809524,75.52059231837067,-0.13132675124082446,83284.99999999911
M1,LONDON,60,INCLUDE_NEWS,1.0,0.75,1,158,35403.00000000026,1.3271421839048616,58.22784810126582,9.788357874172474,0.1588597421115868,158,-47589.000000000524,0.7032068552611856,39.24050632911392,55.81700000000007,-0.20326154477140515,82992.00000000079
M5,LONDON,15,INCLUDE_NEWS,3.0,2.0,3,186,38889.99999999959,1.1976921512810068,44.086021505376344,45.409999999999854,0.13867047225788354,210,-44059.999999999345,0.8302446542092106,35.23809523809524,68.00555298472895,-0.10799980524077743,82949.99999999894
M15,LONDON,60,SKIP_NEWS,1.0,1.0,3,166,54150.000000000175,1.5017140739368167,59.63855421686747,11.268798983266283,0.1754466089444355,150,-28770.000000000044,0.8131454179385589,40.666666666666664,39.26999999999998,-0.12870710058815582,82920.00000000022
M15,LONDON,15,SKIP_NEWS,1.5,0.5,3,247,28471.999999999403,1.384237516869089,49.797570850202426,13.961164547822413,0.2398942717440032,236,-54354.99999999939,0.6481877022653739,30.08474576271186,60.630045907867036,-0.26732592194545557,82826.99999999879
M15,LONDON,15,SKIP_NEWS,3.0,1.0,2,146,20719.999999999578,1.2103766879886224,39.04109589041096,17.640526225867,0.2620930745097023,162,-62029.999999999476,0.6495084190304017,22.839506172839506,65.29999999999954,-0.2856640781210464,82749.99999999905
M1,LONDON,30,SKIP_NEWS,1.0,1.5,2,166,46459.999999999476,1.3650650218048912,61.44578313253012,18.775045179539514,0.18121152040722188,161,-36120.000000000255,0.7864995862395071,40.993788819875775,47.01313644644774,-0.12388971987699672,82579.99999999974
M1,LONDON,60,INCLUDE_NEWS,2.0,0.5,2,275,28829.999999999956,1.1706826120419158,40.0,12.922823658527077,0.14961805813665183,280,-53349.99999999971,0.7652158605817901,28.214285714285715,63.6149999999999,-0.19108824939938024,82179.99999999967
M5,LONDON,15,INCLUDE_NEWS,3.0,1.5,3,209,25449.999999999025,1.1307441370630043,40.19138755980861,38.411138411138545,0.12783403401433457,255,-56634.999999999614,0.8028029247910876,30.19607843137255,76.62018047580014,-0.14679830180866874,82084.99999999863
M5,LONDON,15,INCLUDE_NEWS,3.0,2.0,2,183,39169.99999999968,1.1997348426903258,43.71584699453552,45.449999999999825,0.14324057450974692,200,-42279.99999999936,0.8313589406086735,35.0,61.8872894910148,-0.11296133609907993,81449.99999999904
M15,LONDON,15,SKIP_NEWS,1.5,1.5,2,145,28298.99999999946,1.247325642370211,53.79310344827586,23.448317904325673,0.24624043443489885,149,-53051.999999999985,0.6888445747800586,31.543624161073826,56.38800000000002,-0.22890952655024047,81350.99999999945
M15,LONDON,15,SKIP_NEWS,1.5,0.75,2,183,32926.999999999854,1.4193240283225492,50.27322404371585,10.85948924708997,0.24652505158849022,178,-48392.999999999054,0.677156161605384,30.89887640449438,50.15499999999904,-0.27407231003922083,81319.99999999891
M15,LONDON,15,SKIP_NEWS,2.0,0.75,2,174,53572.99999999962,1.6997061320446627,49.42528735632184,9.772838958198049,0.43251210433127196,178,-27730.99999999891,0.818342013035936,29.213483146067414,34.77451265638562,-0.20200064278475305,81303.99999999853
M15,LONDON,15,INCLUDE_NEWS,2.5,1.0,3,234,31724.99999999971,1.2024956915810283,40.598290598290596,21.764327108821764,0.25834130562748125,277,-49504.99999999968,0.811172140214366,30.324909747292416,64.2134131139364,-0.11994788254601567,81229.99999999939
M5,LONDON,30,SKIP_NEWS,1.5,1.0,3,200,29534.999999999447,1.211371931582333,47.5,14.151690780970053,0.11151812953278017,200,-51689.99999999902,0.7414595108287939,33.5,64.9432906171739,-0.1762321966679149,81224.99999999846
M5,LONDON,15,INCLUDE_NEWS,2.5,2.0,2,185,29279.99999999997,1.148095695715948,44.32432432432433,44.86373165618443,0.11793392263762915,200,-51734.99999999923,0.7936460452315449,35.0,69.52676639382773,-0.13495462939912928,81014.9999999992
M5,LONDON,15,SKIP_NEWS,1.0,1.5,1,107,34419.999999999854,1.4721860209890898,57.943925233644855,9.195115873411487,0.13719431259811107,107,-46404.99999999994,0.6206572386168566,39.25233644859813,53.2186105799872,-0.18938413751370695,80824.9999999998
M1,LONDON,15,SKIP_NEWS,3.0,1.0,3,205,6879.99999999968,1.0496320877218268,30.24390243902439,24.20406597621812,-0.06986165083491289,245,-73869.99999999985,0.6710309507904704,23.26530612244898,80.88455025400918,-0.23142676298912507,80749.99999999953
M5,LONDON,60,INCLUDE_NEWS,2.0,0.5,2,261,14484.999999999665,1.088661055853097,38.31417624521073,13.368398905954084,0.09651752762884257,260,-65654.99999999939,0.713840521280539,26.923076923076923,75.40499999999956,-0.24547404753268126,80139.99999999905
M5,LONDON,15,INCLUDE_NEWS,2.5,0.75,2,267,41810.99999999974,1.2813566165337624,37.07865168539326,20.62497601412279,0.22256872379903261,282,-37649.99999999975,0.8304222104115817,24.46808510638298,51.51595492851072,-0.20090941115562888,79460.99999999949
M5,LONDON,15,INCLUDE_NEWS,2.5,1.5,1,159,35413.99999999968,1.2303948994860425,42.76729559748428,36.052720379523436,0.17639367795359503,159,-43767.99999999962,0.7725274154150005,30.81761006289308,55.903310183097076,-0.15310084726102471,79181.9999999993
M5,LONDON,15,SKIP_NEWS,1.5,0.75,2,194,34335.00000000032,1.3946324923854998,48.96907216494845,7.049855330513918,0.20494055150149793,195,-44758.999999999265,0.6945174345989293,31.28205128205128,49.947987202888605,-0.2325821136746296,79093.99999999959
M15,LONDON,15,INCLUDE_NEWS,1.5,0.75,3,323,37233.999999999534,1.2552861805117477,47.05882352941176,10.178620903209127,0.171084503767247,311,-41758.99999999896,0.8219482972545479,34.08360128617363,55.19442676158556,-0.18140637838161566,78992.99999999849
M1,LONDON,30,SKIP_NEWS,2.0,0.75,3,230,22831.999999999767,1.1646641376624487,41.30434782608695,17.905780120255773,0.11994071930162124,250,-55900.999999999374,0.7246839339450282,28.799999999999997,67.02951744388159,-0.1827742303330408,78732.99999999914
M15,LONDON,30,SKIP_NEWS,2.0,0.5,3,221,39205.000000000204,1.4323683484973875,40.723981900452486,9.264529967413363,0.20606003676169624,217,-39404.9999999995,0.7535724336324727,29.03225806451613,47.504999999999455,-0.20638225914802935,78609.99999999971
M5,LONDON,15,INCLUDE_NEWS,1.5,1.5,2,224,25118.999999998952,1.133508729968901,48.214285714285715,37.18051310727898,0.11181342086872699,232,-53143.99999999958,0.793169744497851,33.189655172413794,63.76407459535523,-0.18240972687680806,78262.99999999853
M5,LONDON,60,INCLUDE_NEWS,2.0,0.5,3,309,19194.99999999952,1.1033517297078987,39.482200647249186,14.726576965806599,0.12142629070266621,316,-58969.99999999898,0.7735494028647164,29.746835443037973,73.52999999999908,-0.1866981247712755,78164.9999999985
M1,LONDON,15,SKIP_NEWS,2.5,1.0,3,214,14264.999999999447,1.1017983301220244,32.71028037383177,23.03362537320784,-0.03282943043132957,246,-63880.00000000023,0.7132339737834433,24.796747967479675,70.11550270481035,-0.22003543038568887,78144.99999999968
M5,LONDON,30,SKIP_NEWS,3.0,0.75,3,184,18937.000000000524,1.1586571490809219,34.78260869565217,12.97206244864389,0.1256538265057016,223,-59052.99999999912,0.7144590955026598,25.112107623318387,68.71099999999912,-0.22927993979657119,77989.99999999965
M5,LONDON,15,INCLUDE_NEWS,2.5,1.0,3,280,7954.999999999622,1.040872424600522,34.64285714285714,31.910000000000277,0.042181357927112396,326,-69889.99999999985,0.7710551315229145,26.68711656441718,85.82499999999983,-0.20050261364885444,77844.99999999948
M5,LONDON,15,INCLUDE_NEWS,2.0,1.0,2,260,32619.99999999939,1.189905105664549,40.38461538461539,26.381375579598217,0.12652693740273493,264,-44989.99999999956,0.81729207277453,29.166666666666668,61.51827371695141,-0.1748746261139011,77609.99999999895
M15,LONDON,15,INCLUDE_NEWS,1.0,1.5,3,268,35064.99999999977,1.1844021982067248,57.08955223880597,29.96126274544737,0.134959225230677,234,-42494.99999999946,0.8168832008273562,41.02564102564102,53.68549850217252,-0.15056893087473766,77559.99999999923
M5,LONDON,15,SKIP_NEWS,2.0,1.5,3,156,15769.999999999854,1.1207688773165863,41.02564102564102,23.237259399620974,0.009660986427057207,185,-61749.99999999994,0.7130842858470411,29.72972972972973,73.5330774216062,-0.1943457501508997,77519.9999999998
M5,LONDON,15,INCLUDE_NEWS,3.0,0.75,2,259,45736.99999999968,1.3159156213737078,33.97683397683397,20.822960760192462,0.22971606703053726,282,-31772.99999999949,0.8592682818797905,22.340425531914892,46.430060092396175,-0.22358220314546168,77509.99999999917
M5,LONDON,15,INCLUDE_NEWS,3.0,0.5,3,374,29914.999999999156,1.2039265141961166,28.07486631016043,13.017254165224756,0.055664325829441655,396,-47209.99999999895,0.8079489057033636,21.464646464646464,58.83083958840704,-0.2401133488278684,77124.99999999811
M5,LONDON,30,SKIP_NEWS,2.5,0.75,3,194,17084.00000000064,1.1390005369957588,36.597938144329895,13.598241460939786,0.10550811767410967,226,-59841.999999999025,0.7090826004735058,26.991150442477874,72.44699999999901,-0.20368165492459703,76925.99999999967
M5,LONDON,15,INCLUDE_NEWS,1.5,1.0,2,274,31785.00000000003,1.1829247237569058,45.62043795620438,17.771746759627526,0.11238768017296924,270,-44834.999999999774,0.8100050851767103,34.074074074074076,61.57551204141335,-0.16803521797965068,76619.9999999998
M1,LONDON,30,SKIP_NEWS,1.0,1.5,3,192,49134.9999999991,1.348141850001764,60.416666666666664,15.832982509855032,0.15312924375505607,181,-27069.99999999997,0.8458516029838853,43.0939226519337,42.184671092335684,-0.08024070245462298,76204.99999999907
M1,LONDON,15,SKIP_NEWS,1.0,2.0,1,107,36929.99999999968,1.4193255365050508,56.074766355140184,10.314536695947876,0.07945633331414625,107,-39169.99999999941,0.6994782875556281,44.85981308411215,51.82654900844456,-0.06697309906562111,76099.9999999991
M15,LONDON,30,SKIP_NEWS,1.5,0.75,2,176,29480.99999999965,1.2967447759391209,47.72727272727273,12.343486226787935,0.1585038896262114,174,-46490.99999999971,0.7144620713798775,31.60919540229885,50.89899999999984,-0.23675443689925896,75971.99999999936
M5,LONDON,15,INCLUDE_NEWS,2.0,2.0,3,196,20529.999999999767,1.1014879628256455,45.91836734693878,43.46507532772453,0.08490233037928913,213,-55439.99999999942,0.7847826086956541,36.15023474178404,76.23966942148725,-0.11790959721444653,75969.99999999919
M5,LONDON,15,INCLUDE_NEWS,2.0,1.5,3,224,23439.999999999694,1.1192936027278724,43.30357142857143,42.98948181028666,0.08494493348214253,257,-52499.9999999994,0.8131539611360261,32.295719844357976,70.22258786964679,-0.1366228009630655,75939.9999999991
M15,LONDON,30,SKIP_NEWS,1.0,0.75,2,186,32722.000000000175,1.3883686428105186,59.67741935483871,13.86627474940956,0.1930455665457361,177,-43166.9999999997,0.7141958592927579,39.548022598870055,51.802462770914694,-0.1987297140685376,75888.99999999988
M5,LONDON,15,SKIP_NEWS,2.5,2.0,3,129,13589.99999999997,1.1077801570306915,41.08527131782946,21.76999999999993,-0.007045007612569477,149,-62249.99999999953,0.6791402505025532,33.557046979865774,80.06499999999946,-0.1702077042420294,75839.9999999995
M1,LONDON,15,SKIP_NEWS,1.0,1.5,2,186,39124.99999999913,1.2993153042879468,57.52688172043011,12.347410095678022,0.12041411237900361,180,-36459.9999999997,0.7821462715105175,42.22222222222222,40.585186261686445,-0.11645875007319285,75584.99999999884
M5,LONDON,30,SKIP_NEWS,1.0,1.5,3,184,40529.99999999927,1.2776312634859683,56.52173913043478,16.63951885728612,0.10718193624499722,166,-35004.99999999963,0.8022651527989628,42.77108433734939,51.91436234162573,-0.099322425758713,75534.9999999989
M1,LONDON,60,INCLUDE_NEWS,2.0,0.5,3,344,22230.00000000038,1.1075419670069206,38.662790697674424,13.97510696227155,0.10877650201913637,357,-52784.99999999988,0.8034041602264475,31.092436974789916,66.84823347159065,-0.14041794432667226,75015.00000000026
M5,LONDON,15,INCLUDE_NEWS,1.0,1.5,1,159,33779.99999999968,1.2861256987972185,58.490566037735846,27.10124281573923,0.15027395429953302,159,-41104.9999999999,0.7606138256362475,39.62264150943396,55.71471539213463,-0.17876138784530843,74884.99999999958
M15,LONDON,15,INCLUDE_NEWS,3.0,1.0,2,217,22979.99999999946,1.1486416558861543,37.327188940092164,19.835093570502433,0.2378822027393192,239,-51879.99999999914,0.7814750852954836,27.19665271966527,61.98999999999909,-0.19023177058842178,74859.9999999986
M15,LONDON,15,INCLUDE_NEWS,2.0,1.0,2,233,24829.999999999112,1.161727349703635,42.91845493562232,24.132535664979585,0.2098217229512268,242,-49859.999999999374,0.7825556040122132,31.818181818181817,59.80017631501554,-0.15043285763805445,74689.99999999849
M15,LONDON,30,SKIP_NEWS,3.0,0.5,3,195,28779.99999999987,1.3185037627268708,32.82051282051282,12.574876291344935,0.20472225947291342,216,-45829.99999999986,0.7258725364117602,24.537037037037038,57.0399999999998,-0.20997810952741536,74609.99999999974
M5,LONDON,30,SKIP_NEWS,1.5,0.75,2,186,25764.9999999993,1.2460793490095636,46.774193548387096,10.147489182181356,0.12512727094140533,184,-48799.999999998836,0.6938538654086286,30.434782608695656,54.348360938067955,-0.26381018030299014,74564.99999999814
M5,LONDON,15,INCLUDE_NEWS,2.5,1.5,2,205,18698.999999999418,1.0961956941121966,40.0,43.47051801405132,0.08645214396318417,228,-55637.99999999973,0.7893218221061014,29.82456140350877,68.67260043300476,-0.16757061221332067,74336.99999999916
M1,LONDON,15,SKIP_NEWS,2.0,2.0,3,140,14569.999999999767,1.1135442643391493,42.857142857142854,17.603893094392006,-0.02517560627777506,162,-59709.9999999991,0.6941399446778032,37.03703703703704,87.8499999999992,-0.1048842174162082,74279.99999999886
M5,LONDON,15,SKIP_NEWS,2.0,2.0,3,135,13020.00000000003,1.101846057571965,42.96296296296296,19.969999999999928,-0.012322799889973509,152,-61209.99999999963,0.6812975111944197,34.868421052631575,78.72999999999956,-0.14627250959990182,74229.99999999965
M5,LONDON,15,SKIP_NEWS,2.5,2.0,2,126,13870.000000000058,1.1105355435129103,40.476190476190474,21.8099999999999,-0.0038768943389215983,140,-60289.99999999951,0.6754414298018966,32.857142857142854,74.71499999999945,-0.17972438532894233,74159.99999999956
M5,LONDON,15,SKIP_NEWS,3.0,2.0,3,128,21419.999999999913,1.1698786581013545,40.625,21.76999999999993,0.02770307616767209,149,-52719.99999999957,0.7282614298232065,33.557046979865774,73.76999999999956,-0.1407503932067125,74139.99999999948
M5,LONDON,15,INCLUDE_NEWS,2.0,2.0,2,189,21420.00000000003,1.107271634615385,45.5026455026455,43.756764734822355,0.09609455574124633,201,-52519.99999999955,0.788779408807562,35.82089552238806,70.80138736765214,-0.12107105139095242,73939.99999999958
M1,LONDON,60,SKIP_NEWS,1.0,1.0,3,205,38489.999999999476,1.2541265020467436,55.1219512195122,13.718025779736944,0.10478266511951678,197,-35310.000000000204,0.8150824823252151,44.16243654822335,45.42000000000025,-0.10104255219792228,73799.99999999968
M1,LONDON,15,SKIP_NEWS,2.5,1.5,3,164,20553.99999999952,1.151327075280688,38.41463414634146,29.64800000000019,-0.012042227282547634,198,-53167.99999999913,0.7490832723754723,29.797979797979796,65.40286727608701,-0.18172609192259823,73721.99999999865
M15,LONDON,15,INCLUDE_NEWS,1.5,1.0,3,284,33844.99999999875,1.2009678760168565,47.183098591549296,15.13459707435299,0.16071157467410768,282,-39834.99999999957,0.8413011433807432,35.46099290780142,55.85317018909864,-0.15224344431714834,73679.99999999831
M5,LONDON,15,SKIP_NEWS,2.0,2.0,2,129,14500.000000000262,1.1157869520083066,42.63565891472868,20.0099999999999,0.0025832771102427786,141,-58879.99999999973,0.679477408818727,34.04255319148936,73.77999999999962,-0.15490862749522147,73380.0
M5,LONDON,15,SKIP_NEWS,1.5,2.0,2,136,21800.000000000422,1.175382139983913,46.32352941176471,19.09999999999978,0.016274774757274044,143,-51459.999999999556,0.7146659273634617,36.36363636363637,64.6837054445745,-0.15084680346326756,73259.99999999997
M5,LONDON,15,SKIP_NEWS,3.0,2.0,2,125,21700.0,1.1729359260439902,40.0,21.8099999999999,0.03173048835823494,140,-51529.99999999963,0.7225990525409144,32.857142857142854,68.41999999999959,-0.15194481858421233,73229.99999999962
M5,LONDON,15,SKIP_NEWS,3.0,1.5,3,144,4044.9999999994907,1.0307557785888042,36.11111111111111,23.47499999999997,-0.025739342612050367,183,-69150.00000000009,0.6865011900714041,27.322404371584703,78.97500000000012,-0.21337240318222594,73194.99999999958
M5,LONDON,15,SKIP_NEWS,2.5,0.5,3,262,25988.999999999753,1.2613141621839008,32.06106870229007,8.532248136242341,0.07783406883325367,268,-47179.99999999923,0.7183956070192229,22.388059701492537,52.47627739016861,-0.2818313700180794,73168.99999999898
M5,LONDON,15,SKIP_NEWS,1.0,2.0,1,107,40889.99999999997,1.464289769501533,58.87850467289719,10.295088149335331,0.13564690232979926,107,-31879.999999999854,0.7595232707249006,43.925233644859816,40.244131455398815,-0.06931922216481468,72769.99999999983
M1,LONDON,60,INCLUDE_NEWS,2.5,0.25,3,408,39954.00000000029,1.2870258620689687,35.294117647058826,11.160115783059224,0.2231106648064809,403,-32748.999999998967,0.8314357480363641,26.054590570719604,47.5800694342569,-0.11382434542726014,72702.99999999926
M15,LONDON,15,SKIP_NEWS,1.0,2.0,3,157,46659.999999999505,1.394921709691066,63.69426751592356,27.624756966947583,0.2307693436366937,140,-25979.99999999994,0.8352254709202769,40.0,40.064549895324504,-0.15616667872306503,72639.99999999945
M5,LONDON,15,SKIP_NEWS,2.5,1.0,2,167,9559.999999999854,1.0813686271171998,32.93413173652694,22.68500000000042,-0.006511993523877491,178,-62915.000000000204,0.6580706521739124,24.15730337078652,68.23500000000014,-0.27850863068936255,72475.00000000006
M1,LONDON,15,SKIP_NEWS,2.0,2.0,2,134,15799.999999999825,1.1262585903787727,42.53731343283582,18.03328986730065,-0.020236918216796195,148,-56609.999999999345,0.6929543852036694,36.486486486486484,82.65999999999943,-0.11377236800509384,72409.99999999917
M15,LONDON,30,SKIP_NEWS,1.0,1.0,3,208,31640.000000000204,1.248059584476679,54.32692307692307,16.95546435628518,0.08049847351367613,176,-40739.99999999967,0.7579466460697533,42.04545454545455,57.439857439857,-0.13806354578127095,72379.99999999988
M5,LONDON,30,SKIP_NEWS,2.0,0.5,3,255,18965.00000000006,1.1660174202302283,37.254901960784316,14.20177108334029,0.09278279082882987,252,-53324.9999999995,0.7015865021405209,26.58730158730159,61.91342843088981,-0.25299544704842086,72289.99999999956
M1,LONDON,60,SKIP_NEWS,1.0,0.75,3,241,32130.999999999913,1.221321412335202,53.941908713692946,16.43391739590284,0.08702611422484613,231,-39956.99999999979,0.7839776825055285,44.15584415584416,50.83774338492224,-0.11923118773928539,72087.99999999971
M15,LONDON,60,SKIP_NEWS,1.0,0.75,3,185,34107.00000000032,1.3261143938959359,56.75675675675676,11.352854457928931,0.1435510006538211,171,-37963.99999999973,0.7596393704177384,38.59649122807017,46.84599999999978,-0.1891376251346521,72071.00000000006
M15,LONDON,30,SKIP_NEWS,2.0,0.5,2,184,38145.000000000175,1.5085660955936333,42.391304347826086,9.319683497838408,0.2631259298331236,179,-33914.99999999997,0.755717218280694,26.81564245810056,41.834999999999994,-0.2543131647653044,72060.00000000015
M5,LONDON,15,SKIP_NEWS,2.0,1.0,1,107,42689.99999999945,1.6532517214996072,44.85981308411215,7.134387351778636,0.2885092063184116,107,-29119.999999999607,0.7262643354013938,29.906542056074763,33.009999999999664,-0.13129890144404657,71809.99999999905
M15,LONDON,15,INCLUDE_NEWS,2.5,1.0,2,224,26349.999999999738,1.1710927861827134,40.17857142857143,23.57619526464957,0.24684174063868913,241,-45134.999999999476,0.807387018307517,29.460580912863072,54.62478184991223,-0.14684584814323756,71484.99999999921
M5,LONDON,15,SKIP_NEWS,1.5,2.0,3,143,18160.00000000016,1.1412460138446,46.15384615384615,19.05999999999981,-0.0076916577732940965,154,-53254.99999999944,0.7177944994965845,37.01298701298701,69.3500354526111,-0.14172605527111995,71414.99999999959
M15,LONDON,30,SKIP_NEWS,2.5,0.75,3,162,14759.999999999709,1.1378112657908726,35.18518518518518,17.55603949372064,0.10312930351790384,197,-56544.99999999956,0.7032475097876646,28.934010152284262,66.70299999999959,-0.16624192794482898,71304.99999999927
M15,LONDON,60,INCLUDE_NEWS,1.0,0.75,1,156,33931.000000000146,1.3222959944528343,57.692307692307686,10.322290614841892,0.15104729122632202,156,-37214.00000000005,0.7782729672241513,39.1025641025641,44.12800000000007,-0.20758003096588162,71145.0000000002
M1,LONDON,15,SKIP_NEWS,1.0,1.5,1,107,29319.999999999243,1.3910376100293294,56.074766355140184,12.145000000000262,0.10010279480262763,107,-41639.99999999955,0.6324963593839668,41.1214953271028,47.78962675714941,-0.1431713001379036,70959.99999999879
M1,LONDON,15,SKIP_NEWS,2.5,0.75,3,238,21701.000000000437,1.1719313257116635,32.35294117647059,9.792296290592727,0.02359795307072946,266,-49194.999999998494,0.7373451006145322,24.81203007518797,51.4369839965555,-0.19069026249210425,70895.99999999892
M1,LONDON,60,SKIP_NEWS,1.0,1.0,2,175,34139.99999999942,1.2561332433040706,56.00000000000001,14.31805708013177,0.11664630581917655,170,-36669.99999999996,0.786105926271582,42.94117647058823,47.340000000000046,-0.1187750751511645,70809.99999999939
M5,LONDON,15,SKIP_NEWS,2.5,1.5,2,140,8367.999999999578,1.0651332944152532,37.142857142857146,26.40300000000006,-0.023771373958442112,159,-62157.00000000025,0.6861629345383852,27.044025157232703,67.5200000000003,-0.22743576087588882,70524.99999999983
M1,LONDON,15,SKIP_NEWS,2.5,2.0,3,136,17229.999999999796,1.1343155597131247,41.17647058823529,18.285799168152064,-0.03634570181391235,160,-53144.99999999912,0.7278383776309764,35.625,85.34999999999921,-0.09008021909826561,70374.99999999892
M5,LONDON,15,INCLUDE_NEWS,3.0,1.5,1,159,33519.99999999939,1.215548839302935,41.509433962264154,34.18896238523063,0.19823413393413367,159,-36799.999999999665,0.8099909642442247,30.18867924528302,51.917126328534614,-0.13975509470838773,70319.99999999905
M1,LONDON,15,SKIP_NEWS,2.0,1.0,2,181,17489.999999999796,1.1464578797521323,35.91160220994475,14.424796344129161,-0.011071817221716709,188,-52469.999999999476,0.6899669108957724,27.659574468085108,56.75488840608305,-0.2165894127146109,69959.99999999927
M15,LONDON,15,INCLUDE_NEWS,3.0,0.75,2,237,38538.99999999942,1.2953089560473212,35.86497890295359,17.142328140291955,0.30719530293304975,258,-31203.999999999098,0.8558533588329345,27.131782945736433,46.74430514196784,-0.14603682873556156,69742.99999999852
M5,LONDON,60,INCLUDE_NEWS,3.0,0.25,2,274,31899.000000000815,1.322874176341396,32.846715328467155,10.898425152929256,0.28081469543222004,276,-37643.99999999952,0.7756548168896596,19.92753623188406,52.82637636550702,-0.27109386196843605,69543.00000000033
M5,LONDON,15,SKIP_NEWS,1.5,1.0,1,107,34409.99999999997,1.567353668590268,48.598130841121495,5.851217399672821,0.19987781548965747,107,-34869.9999999999,0.658371705692172,32.71028037383177,39.048439594102966,-0.19000940158284696,69279.99999999987
M1,LONDON,15,SKIP_NEWS,2.5,2.0,2,132,19179.999999999767,1.1521497699508139,40.909090909090914,17.395794909627433,-0.023713466733743627,147,-50089.99999999925,0.7283917145645843,35.374149659863946,79.61999999999935,-0.09776471490079928,69269.99999999901
M5,LONDON,30,SKIP_NEWS,2.0,0.75,2,179,35016.00000000029,1.33390548117634,43.01675977653631,10.236820647357108,0.1858536241016776,184,-34186.99999999936,0.7892072535345894,29.347826086956523,43.901553794239305,-0.19563884575449353,69202.99999999965
M5,LONDON,30,SKIP_NEWS,3.0,0.5,3,229,17594.99999999978,1.1542203523534031,30.131004366812224,16.23125194712731,0.10964265645958991,252,-51539.999999999935,0.724296565743019,23.015873015873016,61.71020428550003,-0.25442498224041094,69134.99999999971
M5,LONDON,15,SKIP_NEWS,2.0,0.5,3,272,20899.999999999913,1.2130044843049332,36.76470588235294,8.925856363473725,0.0865807914354301,269,-48119.99999999884,0.7012849959649936,26.394052044609666,53.6676133581421,-0.24809299825913383,69019.99999999875
M1,LONDON,15,SKIP_NEWS,2.0,0.75,3,256,28115.00000000032,1.220622278024093,36.328125,8.91104504916526,0.036818989970965055,272,-40870.99999999858,0.7742769251161241,29.044117647058826,46.948769462580316,-0.1590527674290556,68985.9999999989
M15,LONDON,15,INCLUDE_NEWS,3.0,0.5,3,315,34304.999999999796,1.2790385553928754,33.33333333333333,10.574430345204131,0.2737766375569892,340,-34594.99999999924,0.851638219401323,24.41176470588235,53.056999197194,-0.17887835160673943,68899.99999999904
M15,LONDON,15,INCLUDE_NEWS,1.5,0.5,3,357,31442.999999999447,1.2847066280333173,47.61904761904761,12.998778936223138,0.18376157603014162,343,-37341.999999999025,0.8217480547997549,33.52769679300292,49.653059033639295,-0.18397762018089445,68784.99999999847
M5,LONDON,15,SKIP_NEWS,1.5,1.5,1,107,24332.999999999476,1.2667360920800155,47.66355140186916,14.453773163098438,0.09809567301401317,107,-44407.999999999534,0.6603464759646668,33.64485981308411,49.24276445913763,-0.1734008512823554,68740.99999999901
M15,LONDON,15,INCLUDE_NEWS,1.5,1.5,3,222,31249.9999999993,1.1724661276525254,51.35135135135135,35.03289473684209,0.19708085905656017,228,-37241.99999999956,0.8466144975288321,36.40350877192983,52.61345826089149,-0.12991092861190748,68491.99999999886
M5,LONDON,15,INCLUDE_NEWS,1.5,2.0,2,198,19390.000000000247,1.0968386355690976,47.97979797979798,45.75093009594652,0.06510016347706662,203,-48999.99999999942,0.8002445984508785,37.4384236453202,64.85526087710146,-0.1289257495994667,68389.99999999967
M1,LONDON,60,INCLUDE_NEWS,3.0,0.25,3,402,37758.000000000175,1.2582485226526607,31.592039800995025,10.909763883962444,0.24648907415282104,402,-30480.999999999243,0.8480129643480466,23.383084577114428,48.40091320636843,-0.11147928213094184,68238.99999999942
M5,LONDON,30,SKIP_NEWS,3.0,0.75,2,166,19471.00000000064,1.177018746477088,34.93975903614458,11.433535201225625,0.13101020051724163,179,-48632.99999999922,0.7124264553706082,24.022346368715084,58.05099999999928,-0.2512281035859837,68103.99999999985
M5,LONDON,15,INCLUDE_NEWS,2.0,0.75,2,276,49183.00000000064,1.3443391933236768,41.30434782608695,13.435722304506385,0.21448592873490208,287,-18836.999999999913,0.9108176821214002,29.965156794425084,38.116289064898645,-0.12722160340774977,68020.00000000055
M15,LONDON,60,SKIP_NEWS,1.0,0.75,2,164,27905.000000000437,1.286752163100895,56.09756097560976,12.40866359849055,0.13724292388950116,155,-40087.99999999964,0.7302160936248691,36.774193548387096,47.232999999999706,-0.22321276430670933,67993.00000000009
M5,LONDON,15,INCLUDE_NEWS,1.5,2.0,3,206,16339.999999999956,1.079902200488998,48.05825242718447,45.44923586099467,0.04879787568690155,215,-51384.999999999316,0.7978957718780749,37.67441860465116,69.34020009286974,-0.12472002176713379,67724.99999999927
M1,LONDON,30,SKIP_NEWS,1.0,0.75,3,275,33459.00000000032,1.2599282185140324,55.63636363636364,10.719895996966452,0.11762070168234184,269,-34220.99999999927,0.803226937916525,44.98141263940521,42.56408744200621,-0.09763995572528388,67679.99999999959
M15,LONDON,60,INCLUDE_NEWS,1.0,1.0,3,243,48440.00000000032,1.2714637973548555,56.37860082304527,13.656909966654302,0.11454302748830539,222,-19120.00000000035,0.9106875934230177,45.04504504504504,32.780000000000186,-0.07087553774473611,67560.00000000067
M15,LONDON,30,SKIP_NEWS,3.0,0.5,2,172,21559.999999999753,1.2591034731402457,31.976744186046513,13.098121658059695,0.18712090134521944,178,-45805.00000000015,0.6865140471546373,21.34831460674157,56.07000000000018,-0.30388976357184777,67364.99999999991
M1,LONDON,15,SKIP_NEWS,1.5,1.5,3,191,21312.999999999272,1.1508084203077953,45.0261780104712,17.615533904065924,0.014267808916678977,204,-45704.99999999904,0.7759943147009131,34.80392156862745,53.70760347420956,-0.1563915171308053,67017.99999999831
M1,LONDON,30,SKIP_NEWS,2.0,1.0,3,185,16629.99999999984,1.1186416494256954,45.40540540540541,15.700416088765643,0.12380956176678486,223,-50379.99999999954,0.7683678160919557,30.94170403587444,63.32027424093995,-0.14364772605583673,67009.99999999939
M5,LONDON,30,SKIP_NEWS,1.5,1.0,2,173,30214.999999999738,1.2468747446686803,49.71098265895954,15.413502461821087,0.1575965635212637,170,-36784.99999999931,0.7867536231884087,34.11764705882353,46.295477979083074,-0.17086866157407074,66999.99999999904
M15,LONDON,15,INCLUDE_NEWS,2.0,0.5,3,341,22444.999999999272,1.1836367355287327,39.589442815249264,11.725908547651883,0.17473366200553814,340,-44419.9999999992,0.8023053985491146,27.058823529411764,53.147613867473474,-0.2403106169531288,66864.99999999847
M5,LONDON,15,SKIP_NEWS,1.0,1.0,2,198,26640.000000000116,1.2641023099038389,57.07070707070707,8.614587829089293,0.13226039187158184,185,-40049.99999999973,0.7328040563079606,42.16216216216216,46.84658541303903,-0.1484530960159022,66689.99999999985
M1,LONDON,15,SKIP_NEWS,2.5,1.5,2,150,21953.999999999636,1.169830587143185,38.666666666666664,27.50800000000006,-0.008985597481717083,168,-44690.999999999505,0.7608508361204036,29.166666666666668,55.82196912932679,-0.18627243174122604,66644.99999999914
M1,LONDON,30,SKIP_NEWS,2.0,0.75,2,183,27786.999999999854,1.2448517425210375,42.07650273224044,11.428294778352832,0.18953902558851582,191,-38795.99999999939,0.7521529144200573,27.748691099476442,45.94063087038147,-0.21545894712608865,66582.99999999924
M5,LONDON,15,INCLUDE_NEWS,1.0,2.0,1,159,37889.99999999956,1.2582118031893117,59.11949685534591,34.24947145877373,0.1428265432480365,159,-28659.999999999505,0.8480381760339365,44.0251572327044,43.08735540486599,-0.07827752963120835,66549.99999999907
M15,LONDON,30,SKIP_NEWS,1.0,1.0,2,177,26540.00000000061,1.2384332045638369,55.367231638418076,17.871548246974818,0.09661155889188826,159,-39999.99999999983,0.7464181564599973,40.25157232704403,50.32175032175,-0.16294195963857175,66540.00000000044
M5,LONDON,15,SKIP_NEWS,3.0,1.0,2,162,10939.999999999709,1.094620307905204,29.629629629629626,23.137002664706237,-0.039475731497213506,176,-55560.00000000012,0.6973031871424679,23.295454545454543,63.19000000000013,-0.24619949400185528,66499.99999999983
M5,LONDON,15,INCLUDE_NEWS,1.5,1.5,1,159,22414.9999999993,1.1561857645542217,48.42767295597484,32.35517653213365,0.12176902296587983,159,-44079.9999999993,0.762089810017274,33.9622641509434,54.41243523316026,-0.16671322306396474,66494.9999999986
M5,LONDON,30,SKIP_NEWS,1.5,0.5,3,268,28688.00000000054,1.272972072886447,45.52238805970149,12.61370961965482,0.14578706771993674,257,-37772.99999999985,0.7724518072289159,33.85214007782101,51.33647952689595,-0.17171421389735442,66461.00000000038
M1,LONDON,60,INCLUDE_NEWS,2.0,0.75,3,252,15600.000000000146,1.0811021575253452,42.06349206349206,19.16399892820361,0.07777549359657682,310,-50778.99999999942,0.8280444153970684,34.516129032258064,70.87599999999935,-0.11664340428582734,66378.99999999956
M15,LONDON,15,SKIP_NEWS,1.0,0.75,2,191,25954.000000000204,1.3815979063134078,59.68586387434554,11.691776123574249,0.19831039099588546,181,-40291.999999999236,0.7020527685754895,39.77900552486188,49.16123019571227,-0.20283779769312804,66245.99999999945
M5,LONDON,30,SKIP_NEWS,1.0,0.75,2,193,28440.0,1.314504357057549,57.51295336787565,9.303019549648399,0.1486323918539901,189,-37802.999999999425,0.7374116960607955,40.74074074074074,48.27647476901159,-0.17992275090065715,66242.99999999942
M1,LONDON,15,INCLUDE_NEWS,1.0,2.0,3,263,34619.999999999214,1.1561992420140748,55.13307984790875,42.90387760993005,0.07679466586698684,249,-31319.999999998807,0.8759898637947462,45.38152610441767,62.17021276595687,-0.05873531794376338,65939.99999999802
M1,LONDON,30,SKIP_NEWS,1.5,0.75,3,252,27583.0,1.1948007005847614,45.63492063492063,12.806774974075225,0.09888784154060722,257,-38267.99999999923,0.8006791949664607,35.019455252918284,49.619897859731935,-0.13346988167528764,65850.99999999923
M5,LONDON,15,INCLUDE_NEWS,2.5,2.0,1,159,36830.0,1.2079733468857647,46.540880503144656,40.251385589865265,0.16215444112041774,159,-28704.99999999939,0.861862367661215,35.22012578616352,45.466345262376805,-0.10245135270594843,65534.99999999939
M15,LONDON,15,INCLUDE_NEWS,2.5,0.75,2,245,31268.999999999418,1.2385835603268662,38.36734693877551,17.979584148114316,0.27175020353390644,258,-34047.99999999907,0.8396450790989485,29.069767441860467,50.09092272505667,-0.1469419605275438,65316.99999999849
M1,LONDON,15,SKIP_NEWS,1.5,2.0,3,151,17170.00000000019,1.1311688311688324,45.6953642384106,17.958327087393076,-0.009431806200468986,165,-47964.9999999991,0.7476588804713851,40.0,71.00542548511595,-0.08265334195977779,65134.99999999929
M1,LONDON,60,SKIP_NEWS,2.0,0.5,2,187,30909.99999999933,1.2815118397085559,40.106951871657756,11.097365740067099,0.178499379492939,188,-34004.99999999988,0.7677174766897782,27.659574468085108,39.04000000000004,-0.1906581865564805,64914.999999999214
M1,LONDON,60,INCLUDE_NEWS,1.5,0.75,3,292,17526.000000000146,1.0830887825876716,45.54794520547945,11.504709642312498,0.0742752867647513,318,-47166.999999999905,0.83640178974021,38.67924528301887,63.84427789674017,-0.09375623494370092,64693.00000000005
M5,LONDON,30,SKIP_NEWS,2.5,0.75,2,170,18658.000000000902,1.1677726823127503,36.470588235294116,12.07092270678691,0.12872099157937464,181,-45994.99999999911,0.7250418460066989,26.519337016574585,58.359999999999125,-0.20073200279844147,64653.000000000015
M15,LONDON,60,INCLUDE_NEWS,2.0,0.5,3,267,34745.0,1.2276643842348414,39.70037453183521,10.046607975142404,0.14500652067686193,275,-29839.999999999636,0.8687774846086206,33.45454545454545,44.05510631925703,-0.12946531222051702,64584.999999999636
M15,LONDON,60,INCLUDE_NEWS,1.0,1.0,2,227,48570.00000000029,1.287226493199293,57.268722466960355,13.79387770376467,0.12834168260400083,211,-15940.000000000524,0.9225762580143754,45.023696682464454,29.47565912906111,-0.08123983278471977,64510.000000000815
M5,LONDON,30,SKIP_NEWS,1.0,1.5,2,161,33349.999999999825,1.2539404553415041,57.7639751552795,20.81754984806231,0.1260041591106226,154,-31094.999999999796,0.8154708919351976,42.857142857142854,47.34372152360123,-0.10830862860189962,64444.99999999962
M15,LONDON,60,INCLUDE_NEWS,1.5,0.5,3,288,37194.000000000495,1.2531667971275957,46.52777777777778,8.84385722405045,0.1589396666795023,277,-27210.99999999952,0.8774638056424935,36.462093862815884,45.24229289436483,-0.13145921018953768,64405.000000000015
M1,LONDON,15,INCLUDE_NEWS,2.5,2.0,1,159,44719.999999999854,1.2594870604618769,46.540880503144656,36.96821054617494,0.1548365515868729,159,-19474.999999999243,0.9029549531592623,36.477987421383645,54.733086442055466,-0.053429238325088016,64194.9999999991
M15,LONDON,15,SKIP_NEWS,2.5,0.5,2,185,26495.999999999854,1.38349978289188,40.0,14.510056730273318,0.37030549480622443,185,-37690.9999999999,0.7224930054483876,23.243243243243246,43.50799999999991,-0.28195023815439546,64186.99999999975
M1,LONDON,15,SKIP_NEWS,1.5,2.0,2,141,19660.00000000013,1.1568033179135435,45.39007092198582,17.194603860773476,0.006375237205017754,150,-44444.99999999926,0.7512035378414729,40.0,65.7837624543746,-0.08711885356103286,64104.99999999939
M5,LONDON,30,SKIP_NEWS,2.5,0.5,3,241,21070.000000000073,1.1831696079283667,33.19502074688796,14.814814814814936,0.12409065480413872,252,-42697.99999999987,0.7648529573741603,24.6031746031746,53.90047846889948,-0.24008271458430008,63767.99999999994
M15,LONDON,30,SKIP_NEWS,2.5,0.5,3,205,32915.99999999971,1.3604665170015873,36.09756097560975,11.101056609799755,0.2182343685833757,217,-30832.000000000146,0.8112634671890294,26.72811059907834,45.3663426432584,-0.18538170814091517,63747.999999999854
M5,LONDON,15,INCLUDE_NEWS,3.0,2.0,1,159,43329.99999999974,1.2432220039292718,45.911949685534594,42.9699999999998,0.18128394370366926,159,-20359.999999999476,0.9020211742059695,35.22012578616352,40.46545192134217,-0.07793148691972261,63689.999999999214
M15,LONDON,30,SKIP_NEWS,2.5,0.75,2,154,14313.0,1.137768066838641,35.714285714285715,17.760553263284486,0.10922222586478203,172,-49216.999999999694,0.7108386308355772,27.325581395348834,59.56499999999978,-0.1880031257692307,63529.999999999694
M5,LONDON,15,INCLUDE_NEWS,3.0,1.5,2,200,17184.999999999112,1.0892055334942468,39.0,40.79170502446839,0.10278713063468414,228,-45939.999999999716,0.8271535263464844,29.385964912280706,62.864658058345626,-0.14867301421617718,63124.99999999883
M15,LONDON,15,SKIP_NEWS,2.0,0.5,2,188,18864.999999999578,1.2808336434685463,42.5531914893617,13.402885869336565,0.27119233271159743,185,-44244.99999999992,0.6685395362774842,24.324324324324326,47.61499999999999,-0.3233784968167847,63109.9999999995
M1,LONDON,60,SKIP_NEWS,1.5,0.5,3,252,31165.000000000204,1.2397676565625493,45.63492063492063,12.595997207354086,0.14079639126924923,252,-31919.999999999214,0.8140456147505206,36.11111111111111,42.94699999999957,-0.10992723947128606,63084.99999999942
M15,LONDON,15,INCLUDE_NEWS,1.0,1.5,2,240,27479.999999999607,1.1555882685992507,57.08333333333333,32.30260255844747,0.13412354093156467,217,-35409.99999999962,0.8361217169964148,40.55299539170507,45.76598513791487,-0.15973433581750307,62889.99999999923
M5,LONDON,60,INCLUDE_NEWS,1.5,0.75,2,235,3916.0000000001455,1.021582416613391,44.680851063829785,12.779352123669725,0.04720646897686043,245,-58926.99999999981,0.7619063011373971,35.10204081632653,68.87199999999967,-0.17751765095357053,62842.999999999956
M1,LONDON,60,SKIP_NEWS,2.0,0.5,3,236,28354.999999999738,1.2082247108500086,38.983050847457626,14.349487518303222,0.13598886186998874,239,-34439.99999999962,0.8022848613582885,30.962343096234306,42.35999999999972,-0.14294507774464094,62794.99999999936
M5,LONDON,60,INCLUDE_NEWS,3.0,0.25,3,354,28633.0000000008,1.2244845158761335,31.63841807909605,12.015550294331618,0.2348952394331029,361,-33761.9999999992,0.8384353660112303,22.437673130193904,50.96535894765201,-0.18611245004852842,62395.0
M1,LONDON,15,SKIP_NEWS,1.5,1.0,2,191,10119.999999999302,1.0799620733248991,41.361256544502616,11.55238188398725,0.006980442445646019,192,-52179.99999999987,0.6782587248735978,32.8125,58.31537708129287,-0.1940375675023619,62299.99999999917
M5,LONDON,15,SKIP_NEWS,2.0,1.5,2,146,13234.999999999913,1.1045377354764812,40.41095890410959,25.461254612546103,0.007822082439966982,161,-48875.0,0.748578924355051,29.19254658385093,57.60135135135135,-0.19143503335911266,62109.99999999991
M1,LONDON,15,SKIP_NEWS,2.5,1.5,1,107,22716.999999999316,1.2260847929936236,38.31775700934579,22.333000000000204,-0.005078368531605603,107,-39267.99999999958,0.6933864292964811,29.906542056074763,52.566466136231085,-0.1576918872459548,61984.999999998894
M5,LONDON,15,INCLUDE_NEWS,1.5,0.75,2,287,39929.99999999965,1.3006799749998088,47.73519163763066,7.558621894240444,0.17970584660291256,290,-21882.999999999403,0.8919971374281294,34.48275862068966,40.54552035008053,-0.1444795002580886,61812.999999999054
M1,LONDON,30,SKIP_NEWS,3.0,0.5,3,246,24699.999999999316,1.2072756262325286,32.926829268292686,13.755911391355005,0.21325204358362324,267,-37044.999999999585,0.7795530958969346,22.47191011235955,46.48713633084886,-0.19226658438990196,61744.9999999989
M5,LONDON,15,INCLUDE_NEWS,2.5,0.75,1,159,26084.999999999738,1.2841441362933241,35.22012578616352,21.38588193386239,0.20200121640604343,159,-35627.99999999958,0.7374367137582644,22.0125786163522,38.615579734329756,-0.24610367334344124,61712.999999999316
M15,LONDON,30,SKIP_NEWS,1.5,0.5,3,231,31900.99999999994,1.3783998576596914,47.61904761904761,10.71052313431546,0.18174157344900563,221,-29735.999999999854,0.8018986709303492,35.294117647058826,40.901535539021786,-0.14341979602915766,61636.999999999796
M1,LONDON,15,SKIP_NEWS,2.0,2.0,1,107,18539.999999999825,1.1707025135806988,43.925233644859816,17.271908763505355,-0.004904083925873176,107,-42939.99999999937,0.7044328193832637,34.57943925233645,62.313917474272785,-0.11671801235603757,61479.99999999919
M1,LONDON,15,SKIP_NEWS,2.0,1.5,3,170,14694.99999999968,1.1088316978337323,40.588235294117645,22.073644363600696,-0.012744489339167012,199,-46694.999999999156,0.7748716341633958,31.155778894472363,54.02867276087656,-0.1779004055419797,61389.999999998836
M1,LONDON,15,SKIP_NEWS,3.0,0.75,3,229,19366.000000000204,1.1593660250660407,27.947598253275107,18.881152976051272,-0.045423310106950415,262,-41899.999999998596,0.7787750791974716,22.519083969465647,44.7387426073027,-0.1956024290459331,61265.9999999988
M1,LONDON,60,SKIP_NEWS,1.0,0.75,2,189,30328.999999999854,1.2605517039938818,55.026455026455025,12.976823202723772,0.10308468723001697,187,-30656.999999999913,0.8028488745980712,44.38502673796791,42.049925112331344,-0.1141425189853727,60985.99999999977
M15,LONDON,60,INCLUDE_NEWS,2.0,0.5,2,244,31459.999999999825,1.219953855834442,39.75409836065574,9.816632709761087,0.1525482003608861,244,-29424.999999999694,0.8604954367666249,32.37704918032787,41.98362783268435,-0.1523097822438362,60884.99999999952
M5,LONDON,15,INCLUDE_NEWS,2.0,0.75,1,159,24402.000000000437,1.2829348607471704,38.9937106918239,19.56784482504487,0.16204263447636474,159,-36467.99999999978,0.7181239178827603,25.78616352201258,42.54345506176837,-0.2366767812877486,60870.00000000022
M5,LONDON,15,INCLUDE_NEWS,2.0,2.0,1,159,28330.0,1.1622101345548241,47.79874213836478,40.067776338084194,0.1341539749444698,159,-32499.99999999965,0.84232485930526,36.477987421383645,48.44396474185989,-0.09884837450548951,60829.99999999965
M15,LONDON,15,SKIP_NEWS,1.0,2.0,2,145,39739.99999999959,1.348199421712079,62.758620689655174,27.01745718050076,0.2218362408955568,135,-21039.99999999997,0.8606253312135665,40.74074074074074,35.872877666521624,-0.1458568367164953,60779.99999999956
M5,LONDON,15,SKIP_NEWS,2.5,1.5,1,107,19787.999999999753,1.1951094458686622,39.25233644859813,20.048000000000147,0.038309303022891844,107,-40854.99999999988,0.700509474764506,29.906542056074763,46.3350502820699,-0.16340594486295007,60642.999999999636
M5,LONDON,30,SKIP_NEWS,2.0,1.0,3,170,6340.000000000204,1.0474870796195057,42.35294117647059,17.30683140836256,0.07414701363792797,194,-54239.99999999929,0.733712995237864,29.896907216494846,70.78999999999924,-0.17382339120588505,60579.99999999949
M5,LONDON,15,INCLUDE_NEWS,2.0,1.5,2,212,18424.999999999724,1.0957068280393718,42.45283018867924,45.399844720496965,0.07560455967671509,230,-42154.99999999959,0.8375936663263553,31.73913043478261,57.667905374784944,-0.13831206446289732,60579.999999999316
M1,LONDON,15,INCLUDE_NEWS,1.0,2.0,1,159,31419.999999999738,1.2130747321307456,56.60377358490566,33.456870193644136,0.09804235031856612,159,-29079.999999999098,0.8423164515779248,44.65408805031446,51.952877925363325,-0.07682854463981241,60499.999999998836
M5,LONDON,15,SKIP_NEWS,2.5,0.75,1,107,37973.99999999971,1.7065850436335874,40.18691588785047,7.984816912707019,0.3521350118955752,107,-22443.999999999563,0.7550075864252136,23.364485981308412,24.582597129300453,-0.17571653889027092,60417.99999999927
M5,LONDON,60,INCLUDE_NEWS,1.5,0.75,1,157,9962.000000000611,1.0764936690393418,45.85987261146497,10.684160348662923,0.09121599309340499,157,-50295.00000000025,0.7193766529409783,31.210191082802545,53.67700000000008,-0.26683743717792907,60257.00000000086
M15,LONDON,15,INCLUDE_NEWS,2.0,0.75,3,290,38809.99999999924,1.2715391181450486,41.724137931034484,10.03026955927872,0.2208284235141717,310,-21401.99999999904,0.9122624337930281,31.290322580645164,45.35307608739333,-0.13905188199429028,60211.99999999828
M5,LONDON,60,INCLUDE_NEWS,2.5,0.25,3,363,38755.99999999994,1.3173183991615898,36.91460055096419,11.459690703906498,0.27335201734049286,363,-21437.999999998865,0.8928357194273429,25.6198347107438,39.389064389063755,-0.15174546405541017,60193.99999999881
M5,LONDON,60,INCLUDE_NEWS,1.5,0.5,2,268,23396.999999999738,1.1556324209265953,45.8955223880597,13.33091612279422,0.12432918108797308,264,-36378.999999999665,0.829797885281184,33.71212121212121,49.736706144185526,-0.15954241955032883,59775.9999999994
M5,LONDON,60,SKIP_NEWS,2.0,0.5,3,209,21679.99999999907,1.1808324297272417,40.66985645933015,14.58684970556288,0.1537450103661463,207,-38069.99999999914,0.7714337175792548,28.502415458937197,48.99499999999916,-0.2198105570540612,59749.99999999821
M5,LONDON,15,SKIP_NEWS,1.5,0.75,1,107,24336.000000000393,1.5234561528037787,48.598130841121495,6.858145478124858,0.2070943719192968,107,-35289.99999999942,0.590446458621054,28.971962616822427,36.89439276332641,-0.27636004132562747,59625.99999999981
M1,LONDON,15,SKIP_NEWS,2.5,2.0,1,107,24029.999999999884,1.2191518467852234,42.99065420560748,15.138888888889005,0.01141006085909944,107,-35574.99999999937,0.7552122755109103,33.64485981308411,57.229999999999436,-0.09018965050851838,59604.99999999925
M5,LONDON,60,INCLUDE_NEWS,1.5,0.75,3,261,12079.999999999738,1.0625595558685828,45.593869731800766,10.822725609012323,0.06379075397024517,279,-47274.999999999316,0.8227914055237375,36.91756272401434,60.45699999999917,-0.13407836051827643,59354.999999999054
M5,LONDON,60,INCLUDE_NEWS,1.5,0.5,3,333,17849.999999999563,1.097082098278626,44.44444444444444,15.57699088298988,0.09112216357673994,321,-41368.99999999897,0.8331928791758266,34.890965732087224,59.66497750507166,-0.14114715258957133,59218.99999999853
M15,LONDON,15,INCLUDE_NEWS,1.5,1.5,2,210,24562.99999999949,1.1390174882562654,50.95238095238095,37.25026934054092,0.19135669418831916,212,-34608.999999999665,0.8491621085663242,35.37735849056604,47.73326167608578,-0.1466756825327346,59171.999999999156
M5,LONDON,60,SKIP_NEWS,2.0,0.5,2,174,19294.999999999156,1.1869398827689688,40.229885057471265,12.137377827966564,0.15915354746609092,170,-39869.99999999952,0.7285908781484027,25.882352941176475,47.3249999999996,-0.281209898428981,59164.999999998676
M1,LONDON,15,SKIP_NEWS,3.0,2.0,3,134,15759.999999999622,1.1239578417492486,41.04477611940299,20.97000000000022,-0.03587081863897935,160,-43339.9999999994,0.7780509038766862,35.625,80.51999999999936,-0.05393746827536818,59099.999999999025
M5,LONDON,30,SKIP_NEWS,1.0,1.0,2,186,25799.999999999884,1.220701454234387,56.98924731182796,15.084115173083193,0.12164721877609463,174,-33179.999999999505,0.7893467081455172,41.95402298850575,46.48622047244025,-0.13619605712790758,58979.99999999939
M15,LONDON,30,SKIP_NEWS,1.5,1.0,3,174,8870.00000000032,1.0683675042392502,44.252873563218394,23.12954437895285,0.03279744447729881,171,-50074.99999999899,0.7228065319678986,34.50292397660819,56.97999999999891,-0.17774724304508163,58944.99999999931
M5,LONDON,15,SKIP_NEWS,1.0,1.0,1,107,29739.999999999767,1.6212659285565028,60.747663551401864,5.228049695655788,0.21515644047135263,107,-29079.999999999694,0.6767092829349663,42.05607476635514,31.85884203283176,-0.15391642207820483,58819.99999999946
M5,LONDON,15,INCLUDE_NEWS,1.5,0.75,1,159,25825.000000000116,1.3442782488135239,46.540880503144656,10.889585890267693,0.16415445866433778,159,-32850.9999999994,0.7365766430381396,29.559748427672954,44.04350434789914,-0.26068551632754017,58675.99999999952
M1,LONDON,15,SKIP_NEWS,3.0,2.0,2,130,17709.99999999965,1.1417707332692877,40.76923076923077,20.030000000000246,-0.023029629690656216,147,-40869.99999999955,0.7783862921592039,35.374149659863946,74.78999999999952,-0.06182702693029855,58579.9999999992
M5,LONDON,60,INCLUDE_NEWS,2.5,0.25,2,278,32523.00000000029,1.3410227642105952,37.05035971223021,9.830169089291022,0.2754808924394646,278,-25673.999999999316,0.8406727069628929,23.021582733812952,40.42630611306804,-0.22788934630366178,58196.99999999961
M1,LONDON,60,INCLUDE_NEWS,2.5,0.75,3,229,-166.99999999953434,0.9991198064628365,38.427947598253276,27.268762520050384,0.035857326666450584,306,-58312.99999999972,0.8023509234560208,33.66013071895425,81.14899999999965,-0.1290204139814928,58146.00000000019
M15,LONDON,15,INCLUDE_NEWS,1.5,1.0,2,251,30144.999999998923,1.197490828092236,47.410358565737056,18.623925627083317,0.16391269803763775,246,-27949.99999999939,0.8737978055718633,35.77235772357724,47.98002537759362,-0.15074320612836523,58094.99999999831
M1,LONDON,60,SKIP_NEWS,1.5,0.5,2,193,30614.999999999913,1.301833776989056,48.18652849740933,11.813827738329866,0.19433295723325086,191,-27454.999999999418,0.8004651331807157,34.031413612565444,37.922999999999895,-0.13702916046856436,58069.99999999933
M5,LONDON,60,INCLUDE_NEWS,1.0,0.75,1,157,25740.000000000553,1.233202870189176,57.324840764331206,10.55737600610811,0.1390652827617604,157,-32163.000000000422,0.7989133832668504,40.12738853503185,37.22100000000035,-0.18653941836851776,57903.000000000975
M1,LONDON,15,SKIP_NEWS,1.5,0.75,3,275,28169.99999999994,1.2148593918037647,43.63636363636363,13.927603308666312,0.07589177029702397,276,-29699.999999998705,0.8240865233692541,36.231884057971016,34.777738075692625,-0.10427006382683429,57869.99999999865
M5,LONDON,15,SKIP_NEWS,2.0,0.75,1,107,33518.00000000035,1.6590766084631217,42.99065420560748,6.924172988793447,0.2693961209565304,107,-24240.99999999965,0.723273096724851,26.168224299065418,28.498033082136264,-0.20843459455287633,57759.0
M5,LONDON,15,SKIP_NEWS,1.0,0.75,3,275,18916.00000000035,1.1770779701000762,54.18181818181819,8.197193926580617,0.0863945078893294,267,-38682.99999999924,0.7691104757698239,43.82022471910113,47.36958104948373,-0.11562718440652843,57598.99999999959
M1,LONDON,30,SKIP_NEWS,2.5,1.0,3,168,1214.999999999709,1.009087509349288,41.07142857142857,20.327102803738107,0.058822752783672376,220,-56294.9999999997,0.7441020046365756,29.09090909090909,69.65251717919955,-0.14524702617306115,57509.99999999941
M5,LONDON,15,INCLUDE_NEWS,2.0,0.5,3,406,13649.999999999025,1.0907398790134888,35.467980295566505,11.048891816855617,0.04173387771606599,399,-43769.99999999885,0.8082869782313556,27.819548872180448,52.22509331036397,-0.19359509629671168,57419.999999997875
M5,LONDON,15,INCLUDE_NEWS,2.0,1.0,1,159,24789.999999999505,1.2178383128295214,39.62264150943396,21.320000000000395,0.14746200693109102,159,-32229.999999999607,0.7903467117673859,29.559748427672954,39.674355495250815,-0.15893992708594637,57019.99999999911
M5,LONDON,15,INCLUDE_NEWS,1.5,1.0,1,159,17989.99999999994,1.1704566988819403,44.0251572327044,22.135000000000247,0.09096163700230632,159,-39024.999999999796,0.7318422318422322,33.33333333333333,46.13040021203268,-0.18901554667620818,57014.99999999974
M1,LONDON,15,SKIP_NEWS,1.5,1.0,1,107,17549.99999999936,1.2628819652486398,42.99065420560748,10.749738115428666,0.05169114025343748,107,-39369.99999999969,0.5905356214248586,32.71028037383177,42.92931794541567,-0.18922141642850532,56919.99999999905
M15,LONDON,15,INCLUDE_NEWS,2.5,0.5,3,328,23452.99999999962,1.1870553517307374,35.36585365853659,14.880822121655255,0.20610693271781144,340,-33428.999999998894,0.8549057054189582,25.588235294117645,50.585439619787685,-0.20337452285927995,56881.999999998516
M15,LONDON,30,SKIP_NEWS,1.5,1.0,2,160,7850.000000000262,1.0636813498823745,44.375,21.804575950455924,0.04021043290619103,155,-48894.999999999076,0.7133771029954906,32.25806451612903,53.569999999998984,-0.21513969174642972,56744.99999999934
M15,LONDON,60,INCLUDE_NEWS,1.5,0.75,3,232,16992.999999999563,1.098826389373529,44.827586206896555,13.978790169266327,0.0730170479039654,246,-39716.99999999978,0.8356247723736057,37.39837398373984,51.87999999999969,-0.1318029143700712,56709.999999999345
M15,LONDON,15,SKIP_NEWS,3.0,0.5,2,181,30044.999999999884,1.4249045396690723,37.569060773480665,17.198147824567567,0.4424689291800106,185,-26634.999999999884,0.804986088739201,22.702702702702705,37.45999999999978,-0.23785342663701778,56679.99999999977
M15,LONDON,30,SKIP_NEWS,2.5,0.5,2,176,28530.999999999724,1.3552608641514103,36.36363636363637,12.733676748998507,0.2379386540244142,179,-28075.000000000407,0.8026916859933914,24.022346368715084,39.38483243786491,-0.251202313923516,56606.00000000013
M1,LONDON,60,INCLUDE_NEWS,1.0,0.5,3,395,28140.000000000655,1.1556243778343152,54.43037974683544,15.549107675185875,0.09964224845966806,385,-27835.000000000262,0.8768526301818325,46.23376623376623,38.40980421461705,-0.08008625254405903,55975.00000000092
M5,LONDON,15,SKIP_NEWS,3.0,0.5,2,193,36804.99999999968,1.4961245534811596,31.088082901554404,6.204588910133897,0.2012658283277428,198,-19144.99999999904,0.8471884104242391,21.21212121212121,33.57680894772829,-0.26059582665302505,55949.99999999872
M1,LONDON,30,SKIP_NEWS,2.0,0.5,3,271,29534.999999999884,1.2464433226250564,38.74538745387454,11.621027383569906,0.14931053975879371,271,-26409.999999999345,0.8299967814612204,28.782287822878228,33.999415147674995,-0.1625429630362515,55944.99999999923
M5,LONDON,30,INCLUDE_NEWS,2.0,0.75,3,303,13688.00000000019,1.0703210891343449,38.613861386138616,28.65968473719137,0.07250189726750053,329,-42187.99999999958,0.8459324831646149,32.21884498480243,63.55057678725511,-0.12443949252458313,55875.99999999977
M15,LONDON,15,INCLUDE_NEWS,2.5,1.5,3,193,7634.000000000116,1.041591980168352,43.005181347150256,37.619106782754756,0.16024279241932327,225,-47919.99999999949,0.8101802337096472,32.44444444444444,58.11100000000011,-0.14384061850295524,55553.99999999961
M15,LONDON,15,SKIP_NEWS,2.0,1.5,3,135,-704.9999999998254,0.9941418422036656,45.925925925925924,26.795921166948467,0.1294164473215628,162,-56199.9999999999,0.7008251264306631,30.864197530864196,62.00499999999997,-0.19684181059010197,55495.00000000007
M15,LONDON,30,SKIP_NEWS,2.0,0.75,1,106,13323.000000000175,1.1836717812978228,41.509433962264154,16.30874463985003,0.17932037285741573,106,-42162.99999999994,0.626965238394366,23.58490566037736,45.22499999999997,-0.37137012240035394,55486.00000000012
M5,LONDON,15,INCLUDE_NEWS,2.0,1.5,1,159,24809.99999999987,1.1637083470801706,44.0251572327044,37.14522983733091,0.13056794857777296,159,-30404.999999999316,0.839063120285831,32.075471698113205,47.41846088254065,-0.12228921722686631,55214.999999999185
M1,LONDON,15,INCLUDE_NEWS,2.5,2.0,3,199,22289.999999999767,1.1063504938212685,43.71859296482412,46.97973686737745,0.06557665370540963,226,-32674.99999999901,0.875043022677735,37.610619469026545,74.32651736449148,-0.056971650675098406,54964.99999999878
M1,LONDON,60,INCLUDE_NEWS,1.0,0.5,2,288,24730.000000000728,1.1794695017961527,56.94444444444444,16.053838315217433,0.13988537387733396,287,-30180.00000000013,0.8327560887755935,43.20557491289199,36.83000000000039,-0.1308387355274137,54910.00000000086
M5,LONDON,30,SKIP_NEWS,2.0,1.0,2,156,12440.00000000035,1.0999036299389682,44.230769230769226,15.10252009755226,0.13987993347424363,166,-42409.99999999949,0.7626615927024474,30.120481927710845,54.13999999999947,-0.17301459793524065,54849.99999999984
M1,LONDON,15,SKIP_NEWS,1.0,1.0,3,276,22319.999999999098,1.1565327161792485,52.89855072463768,12.495615573483027,0.05057690639732519,265,-32529.99999999987,0.8191270503197123,46.79245283018868,41.71666344106805,-0.05582468404635947,54849.99999999897
M1,LONDON,30,SKIP_NEWS,2.5,0.5,3,257,27088.99999999955,1.22108055170162,34.24124513618677,11.591445000620517,0.1673699667039195,270,-27746.999999999534,0.8296632800270141,25.185185185185183,35.084645688344594,-0.17135449592403254,54835.99999999908
M1,LONDON,30,SKIP_NEWS,2.5,0.75,3,210,5868.000000000466,1.0429452791662734,35.714285714285715,22.65191388632328,0.0541994715595739,247,-48522.99999999922,0.7628570730396137,27.125506072874494,59.5600031302571,-0.15723161142868616,54390.99999999969
M1,LONDON,60,INCLUDE_NEWS,1.5,0.75,2,252,15927.0,1.0852276375778596,46.03174603174603,14.243511604139009,0.08107104844916185,267,-38398.99999999983,0.8476901047554455,38.20224719101123,54.57907050519443,-0.0962902296506667,54325.99999999983
M15,LONDON,15,SKIP_NEWS,2.0,1.0,1,107,27449.999999999884,1.3907473309608513,47.66355140186916,13.931623931624019,0.3708790425482858,107,-26839.999999999956,0.7558002001637707,28.971962616822427,32.83999999999997,-0.25485108500830733,54289.99999999984
M5,LONDON,15,SKIP_NEWS,3.0,1.5,2,137,-2430.000000000422,0.9812369701181347,35.03649635036496,25.705,-0.05811753610366839,159,-56395.000000000146,0.7176720901126405,26.41509433962264,62.92000000000017,-0.2140963901842879,53964.99999999972
M1,LONDON,15,SKIP_NEWS,2.0,0.75,1,107,22929.99999999936,1.4258598915385021,37.38317757009346,8.663059901545186,0.09072461584945307,107,-30967.99999999936,0.6200338641996581,25.233644859813083,32.3412305376168,-0.23728537543454964,53897.99999999872
M1,LONDON,15,SKIP_NEWS,1.5,1.5,1,107,21342.99999999936,1.2371180979891045,45.794392523364486,20.416000000000263,0.033753845966530284,107,-32330.999999999593,0.7268187579214227,37.38317757009346,42.35077900608605,-0.08658616732254497,53673.99999999895
M1,LONDON,15,SKIP_NEWS,2.0,1.5,2,153,17769.99999999971,1.1397891755821246,41.17647058823529,20.70026369762671,0.0017692536543921944,169,-35854.99999999945,0.8034211464130073,30.76923076923077,43.558795999802655,-0.16990107771482013,53624.999999999156
M1,LONDON,60,INCLUDE_NEWS,2.5,0.25,2,295,23742.000000000553,1.2258174970039446,35.25423728813559,10.669342400448516,0.22825859485956676,293,-29824.999999999316,0.7990093672080365,23.549488054607508,40.55183540182499,-0.17631758054634689,53566.99999999987
M1,LONDON,60,INCLUDE_NEWS,2.0,0.25,3,412,25943.000000000073,1.1926770396227124,39.07766990291262,12.559209199112557,0.16812952543724322,409,-27543.99999999965,0.8511231703889491,31.295843520782395,39.926483631274806,-0.07890401005323368,53486.99999999972
M5,LONDON,30,SKIP_NEWS,2.5,1.0,3,158,-1409.9999999996799,0.9892317091797791,37.9746835443038,16.69906343876969,0.002407570636418697,193,-54674.99999999929,0.7325752017608242,29.015544041450774,68.85499999999921,-0.1797068794023816,53264.99999999961
M15,LONDON,60,INCLUDE_NEWS,1.0,1.0,1,156,38970.000000000466,1.306922895172093,60.256410256410255,13.654246702152262,0.1642319228420017,156,-14010.00000000064,0.9149414121789773,43.58974358974359,21.982160555005173,-0.09325334534036503,52980.000000001106
M1,LONDON,15,SKIP_NEWS,3.0,0.75,2,181,25106.0,1.253883180972414,28.7292817679558,17.246621290284786,0.0068394117932259755,193,-27728.999999998894,0.8080493427200862,22.279792746113987,38.04247969720302,-0.1850499060029675,52834.999999998894
M15,LONDON,15,INCLUDE_NEWS,3.0,1.5,3,187,8594.999999999927,1.0469941769867956,41.711229946524064,39.682616478784446,0.16640346608308218,225,-44149.999999999476,0.8253905477555878,32.0,58.43000000000017,-0.14107441646133567,52744.9999999994
M1,LONDON,15,SKIP_NEWS,2.0,1.0,1,107,22699.999999999374,1.317793644127106,37.38317757009346,11.36000000000032,0.0501902648119793,107,-29959.99999999952,0.6939421799979614,30.8411214953271,35.61042256270101,-0.11720042217435296,52659.999999998894
M15,LONDON,60,SKIP_NEWS,2.0,0.5,2,163,29959.999999999825,1.332777962901256,40.49079754601227,10.391479562463992,0.1885637815068908,161,-22654.99999999971,0.8363610097872822,28.57142857142857,32.68891069676131,-0.24644753313315695,52614.999999999534
M15,LONDON,15,SKIP_NEWS,1.0,0.5,3,254,18854.999999999985,1.29488583046606,59.4488188976378,12.242413311088304,0.18845356545662426,240,-33714.9999999994,0.7507669562003362,40.0,37.76001588641152,-0.19202016911728126,52569.99999999939
M5,LONDON,15,INCLUDE_NEWS,2.0,0.5,1,159,21999.999999999447,1.3899326479971554,38.9937106918239,10.541756307451635,0.16983319660923593,159,-30544.999999999724,0.6912619396573525,24.528301886792452,33.69451073985646,-0.2767550340996363,52544.99999999917
M5,LONDON,15,INCLUDE_NEWS,2.5,0.5,1,159,21882.999999999578,1.3539506672058177,32.075471698113205,11.302528402980231,0.11236857409193861,159,-30565.999999999738,0.7045478710550498,20.754716981132077,35.682460284377456,-0.28505446688842645,52448.999999999316
M15,LONDON,15,SKIP_NEWS,1.0,1.5,1,107,17079.99999999997,1.2098280098280099,60.747663551401864,20.406507536615585,0.19224989939095677,107,-35274.99999999994,0.7091201451307002,35.51401869158878,35.27499999999994,-0.26159909817114485,52354.99999999991
M15,LONDON,30,SKIP_NEWS,3.0,0.75,3,156,3811.000000000029,1.0357075931339499,32.69230769230769,18.241374798272737,0.05319294080222135,196,-48454.999999999614,0.7450354124790854,28.061224489795915,57.63899999999968,-0.15116767370004447,52265.99999999964
M15,LONDON,15,INCLUDE_NEWS,3.0,2.0,3,173,18339.999999999665,1.0929172155233542,45.664739884393065,37.49269433080064,0.16474727485120363,194,-33739.99999999943,0.8590996408586006,35.051546391752574,49.88042678439999,-0.14510427793227576,52079.9999999991
M15,LONDON,15,INCLUDE_NEWS,1.0,0.5,3,370,25569.999999999767,1.271314128070452,56.75675675675676,12.071237301823832,0.13466812331346537,349,-26494.999999998894,0.857015650296821,42.97994269340974,33.700624723300535,-0.13666019848164682,52064.99999999866
M1,LONDON,60,INCLUDE_NEWS,2.0,0.75,2,230,10119.000000000116,1.0556671086000988,41.73913043478261,17.744354103400415,0.07711166367776014,261,-41891.99999999949,0.838840972216881,34.099616858237546,61.238999999999486,-0.11831291539738333,52010.99999999961
M15,LONDON,15,SKIP_NEWS,1.0,1.0,1,107,28409.999999999767,1.5855317394888648,63.55140186915887,10.993182522466734,0.2710280373831747,107,-23210.000000000175,0.7643176279447585,38.31775700934579,31.967131967132,-0.23362001442480446,51619.99999999994
M5,LONDON,60,SKIP_NEWS,1.0,1.0,2,158,34239.99999999962,1.2887258622143496,56.9620253164557,11.211442606371312,0.14330902650076688,150,-17380.000000000015,0.882129535435741,43.333333333333336,31.439999999999856,-0.10438208997432931,51619.999999999636
M1,LONDON,15,SKIP_NEWS,2.0,0.75,2,193,23835.999999999796,1.232505511227294,36.26943005181347,7.948223901981261,0.05238576341652138,197,-27684.99999999875,0.7963934016312145,28.934010152284262,33.94548371947301,-0.14342270444076646,51520.999999998545
M1,LONDON,60,SKIP_NEWS,3.0,0.25,3,274,41313.999999999534,1.4388290527478558,33.57664233576642,9.175159552542349,0.3267292609247798,271,-10060.999999999738,0.9213922962731491,24.354243542435423,24.2354874684509,-0.0737978175382367,51374.99999999927
M1,LONDON,15,SKIP_NEWS,1.5,2.0,1,107,18189.99999999994,1.1716037735849045,46.728971962616825,16.62890355629981,-0.002892805339217528,107,-33179.999999999534,0.7608993298263348,38.31775700934579,49.990224828934245,-0.0827077176808723,51369.999999999476
M15,LONDON,15,INCLUDE_NEWS,2.0,2.0,3,179,6379.9999999998545,1.0321718521506718,46.927374301675975,37.02944465150979,0.12979683350621943,194,-44919.99999999952,0.8124112586653318,35.051546391752574,57.27999999999967,-0.16068418296266804,51299.999999999374
M15,LONDON,15,SKIP_NEWS,2.5,1.5,3,131,-3245.9999999999272,0.9735743069971919,42.74809160305343,26.790724200417664,0.11371786843361605,161,-54393.999999999825,0.7135650342285419,29.19254658385093,58.09199999999996,-0.2158373134316683,51147.9999999999
M1,LONDON,30,INCLUDE_NEWS,1.0,0.75,3,396,27951.000000000466,1.1407210500083091,54.292929292929294,17.053421546360944,0.09051045290257108,388,-23124.99999999898,0.9044804355279121,46.649484536082475,36.31174085131581,-0.0666431353539213,51075.99999999945
M15,LONDON,15,INCLUDE_NEWS,2.0,0.25,3,371,16407.999999999636,1.2468036460996907,38.544474393531,9.326163361566667,0.15658496834450122,364,-34645.99999999824,0.8035406459807739,28.021978021978022,44.24991006115728,-0.19801118904292211,51053.999999997875
M1,LONDON,60,SKIP_NEWS,1.0,0.5,3,269,25005.00000000038,1.2122845742422999,54.646840148698885,13.970952616932998,0.10456395972201599,259,-25859.999999999913,0.829711576451996,46.33204633204633,35.34456966191294,-0.08005809650647473,50865.00000000029
M15,LONDON,15,INCLUDE_NEWS,3.0,0.25,3,362,15391.99999999917,1.2050462259877883,29.2817679558011,9.646792144330345,0.1685594434213126,363,-35443.999999998705,0.8121973189212152,21.21212121212121,53.95804002522024,-0.2511052989663148,50835.999999997875
M1,LONDON,15,INCLUDE_NEWS,2.0,1.0,3,330,3580.0000000002037,1.0161800596583217,36.36363636363637,29.32104752667305,0.013666667048641199,365,-47249.99999999984,0.8432939771822768,29.863013698630137,69.21991701244814,-0.1441105378548318,50830.000000000044
M1,LONDON,15,INCLUDE_NEWS,2.5,2.0,2,193,23899.999999999738,1.1154422064435088,43.523316062176164,46.98461244384987,0.07556500569057756,210,-26929.999999999185,0.891240256855542,37.61904761904762,66.59180493170743,-0.054968050400583744,50829.99999999892
M1,LONDON,60,INCLUDE_NEWS,2.0,0.25,2,295,19773.000000000495,1.2001579155152065,40.33898305084746,11.697258142307078,0.20992032069956404,295,-30991.999999999956,0.7814417286074945,27.796610169491526,40.18043854932184,-0.16161707169936562,50765.00000000045
M15,LONDON,15,SKIP_NEWS,1.5,0.5,2,193,17144.99999999955,1.2803532008829948,49.740932642487046,15.372434322107237,0.24712459075129137,186,-33516.99999999971,0.7283763523643596,32.25806451612903,40.91044008231729,-0.21540692988110774,50661.99999999926
M1,LONDON,60,INCLUDE_NEWS,1.0,1.0,1,158,29430.000000000276,1.2215280391418917,59.49367088607595,13.348416289592741,0.15686341323145916,158,-21200.000000000626,0.8716085271317795,41.77215189873418,29.46000000000055,-0.11679375931684308,50630.0000000009
M5,LONDON,30,INCLUDE_NEWS,1.5,0.75,3,338,17194.99999999907,1.086139958019603,43.786982248520715,17.182600715481584,0.053183267149658875,336,-33411.99999999901,0.8753915923262853,35.11904761904761,55.92315324253564,-0.14060683734905174,50606.99999999808
M5,LONDON,15,INCLUDE_NEWS,3.0,0.25,1,159,16653.999999999374,1.5256114880858231,29.559748427672954,5.73643716320738,0.18234300197126488,159,-33904.99999999968,0.5367852995423208,15.09433962264151,33.90499999999968,-0.4156950480711135,50558.999999999054
M1,LONDON,15,SKIP_NEWS,2.5,0.75,2,185,15340.000000000146,1.146407574253647,31.351351351351354,12.37377440198638,-0.0021293832440555413,194,-35210.99999999873,0.7522550413013875,24.22680412371134,38.78168074699769,-0.19449938119893925,50550.99999999887
M1,LONDON,60,SKIP_NEWS,2.0,0.75,3,177,17440.99999999971,1.1344169306297331,42.93785310734463,16.7504306342197,0.09398686801110198,210,-33041.99999999945,0.8299521383356514,33.80952380952381,52.11799999999961,-0.15006339844459196,50482.999999999156
M5,LONDON,60,SKIP_NEWS,1.5,0.75,3,178,15814.999999999185,1.12544618069326,47.19101123595505,16.191493313521654,0.08706873192055736,185,-34660.99999999926,0.7991888995104457,35.13513513513514,44.20499999999915,-0.17822788810854073,50475.99999999844
M1,LONDON,60,INCLUDE_NEWS,2.5,0.75,2,216,-2030.9999999994761,0.9889395952686985,37.96296296296296,25.784601663770474,0.03869431306761128,260,-52481.99999999981,0.801395626934692,32.69230769230769,75.16299999999968,-0.13652489595568562,50451.000000000335
M1,LONDON,15,INCLUDE_NEWS,2.0,2.0,1,159,33160.0,1.193578517221249,47.16981132075472,36.1990105479324,0.11701801939391629,159,-17059.99999999933,0.9149678512685078,37.10691823899371,53.603890926486805,-0.06729978537062022,50219.99999999933
M15,LONDON,15,INCLUDE_NEWS,1.5,0.25,3,372,20435.999999998938,1.3592448054002526,46.236559139784944,5.12995066817103,0.15675461342159905,366,-29775.999999998923,0.8203797987597475,34.42622950819672,34.80899999999895,-0.144516991610878,50211.99999999786
M1,LONDON,15,SKIP_NEWS,1.5,1.5,2,165,18507.999999999476,1.1412447056130002,44.24242424242424,16.33600000000026,0.004644827482370005,170,-31675.999999999418,0.8209940380322706,35.294117647058826,38.998029726265685,-0.13697577233090863,50183.999999998894
M5,LONDON,30,SKIP_NEWS,3.0,0.5,2,186,13534.99999999981,1.139795496798181,30.64516129032258,15.703742521507724,0.13685887610625194,189,-36559.99999999967,0.7449776785714295,21.164021164021165,45.08765795914248,-0.29119103356811354,50094.99999999948
M15,LONDON,60,INCLUDE_NEWS,1.5,0.5,2,253,27674.000000000553,1.2026879554692986,45.45454545454545,10.009419510756373,0.13853799495691993,245,-22374.999999999724,0.8902890485179841,35.91836734693877,40.14089936585633,-0.1386813776210654,50049.00000000028
M5,LONDON,60,SKIP_NEWS,1.0,1.0,3,184,34249.99999999913,1.2559599432030428,57.065217391304344,11.217925551138316,0.1235727329058864,166,-15789.999999999942,0.8984173957797229,43.97590361445783,28.849999999999916,-0.08901498833264282,50039.99999999907
M5,LONDON,30,SKIP_NEWS,3.0,0.25,3,273,32412.000000000175,1.4820058295163954,32.967032967032964,5.488405407825201,0.31063604866106315,275,-17584.99999999971,0.863659975654954,21.09090909090909,27.91606624686646,-0.20642726072449089,49996.99999999988
M5,LONDON,15,INCLUDE_NEWS,2.5,0.5,3,385,11203.99999999904,1.0736305983636125,29.87012987012987,12.09232800124245,-0.0012892819812077025,397,-38606.99999999882,0.8367672240661309,24.43324937027708,50.24689271901087,-0.20118019356408345,49810.99999999786
M15,LONDON,15,SKIP_NEWS,1.5,1.0,1,107,26339.999999999767,1.4135007849293506,53.271028037383175,11.940744535519247,0.3145131035305809,107,-23400.00000000013,0.7825682958557881,30.8411214953271,30.17999999999991,-0.26665660844123695,49739.9999999999
M15,LONDON,15,INCLUDE_NEWS,2.5,1.5,2,190,4994.000000000262,1.0273247065904318,42.63157894736842,40.09442527692004,0.15884195973440304,210,-44742.999999999505,0.8128651791129066,31.428571428571427,53.636999999999816,-0.16142157603221124,49736.99999999977
M1,LONDON,60,SKIP_NEWS,1.5,0.75,3,204,13765.999999999942,1.0945434566120669,45.09803921568628,19.56192959582778,0.0693250374230764,216,-35953.99999999988,0.81159640527157,37.5,51.372999999999436,-0.12624879682022297,49719.999999999825
M1,LONDON,30,SKIP_NEWS,2.5,0.5,2,192,30363.000000000015,1.3275404530744344,36.45833333333333,10.762073436321572,0.24620964892748023,198,-19278.9999999993,0.8415337826730278,25.252525252525253,26.89634893408417,-0.14449960491033326,49641.999999999316
M1,LONDON,30,SKIP_NEWS,1.0,1.0,2,191,23910.00000000029,1.1979140799602697,56.54450261780105,14.071754950075988,0.1080747422128475,186,-25729.999999999854,0.8307793488983896,43.01075268817204,34.98027613412219,-0.11849779063422633,49640.000000000146
M5,LONDON,30,INCLUDE_NEWS,3.0,0.5,3,331,-1265.0000000001892,0.992712503960595,28.3987915407855,23.24002149592094,0.028744084917157027,367,-50865.000000000065,0.8057364370691462,24.52316076294278,71.1852554817443,-0.17796132462517994,49599.999999999876
M15,LONDON,15,INCLUDE_NEWS,2.0,1.5,3,197,2375.0000000000437,1.013117560962139,45.17766497461929,37.035428130128246,0.1368741355725304,226,-47214.999999999665,0.8107197979514534,34.070796460176986,57.540000000000155,-0.12018193058420233,49589.99999999971
M15,LONDON,15,INCLUDE_NEWS,3.0,2.0,2,173,18339.999999999665,1.0929172155233542,45.664739884393065,37.49269433080064,0.16474727485120363,189,-31249.99999999949,0.865735767991409,35.44973544973545,46.48760330578488,-0.14477115685354316,49589.999999999156
M15,LONDON,60,SKIP_NEWS,2.0,0.5,3,182,30369.999999999854,1.3088579273873717,39.56043956043956,11.638294879009585,0.15282203478702844,183,-19154.999999999738,0.8699901584823717,30.601092896174865,31.634634051640226,-0.2041903388602482,49524.99999999959
M1,LONDON,30,SKIP_NEWS,2.0,1.0,2,164,11239.999999999927,1.086163280950555,44.51219512195122,13.839930655879714,0.11592087259294069,178,-38279.99999999967,0.7854139806042953,29.775280898876407,46.55342682204211,-0.17426595116588764,49519.9999999996
M5,LONDON,30,SKIP_NEWS,2.0,0.5,2,194,7419.999999999651,1.0790707587382746,36.08247422680412,14.040668930828573,0.0726457160348652,189,-42064.999999999396,0.6908690060628365,25.396825396825395,48.50467289719562,-0.2863716104502459,49484.99999999905
M1,LONDON,30,SKIP_NEWS,3.0,0.5,2,187,23399.999999999724,1.2469005539435463,33.155080213903744,11.473147063744019,0.2540162722134157,197,-26019.99999999933,0.7943326878235835,22.33502538071066,33.691301376549646,-0.17335028014808979,49419.999999999054
M15,LONDON,60,INCLUDE_NEWS,1.5,0.75,1,156,12117.00000000003,1.0930287907869478,46.15384615384615,13.263193646994068,0.08512130080132484,156,-37130.00000000002,0.7904840366102759,33.97435897435898,43.977490778576346,-0.222856504360416,49247.00000000005
M15,LONDON,30,SKIP_NEWS,1.5,0.5,2,187,27298.000000000233,1.3905013947500233,48.1283422459893,10.203380513948018,0.2122832083032736,181,-21909.000000000175,0.8292228544703386,34.25414364640884,32.49465727402276,-0.16532172867327066,49207.00000000041
M15,LONDON,15,INCLUDE_NEWS,2.0,2.0,2,178,7419.999999999825,1.0376134232270475,47.19101123595505,37.02944465150979,0.13614400672816449,189,-41749.99999999955,0.8206229860365214,35.44973544973545,54.109999999999694,-0.15873052608600693,49169.999999999374
M5,LONDON,15,SKIP_NEWS,3.0,1.5,1,107,11849.999999999724,1.1148033326874605,37.38317757009346,19.350000000000087,0.024325992690189466,107,-37229.99999999988,0.7295903544450906,28.971962616822427,43.89190762662519,-0.16227007594101955,49079.99999999961
M5,LONDON,30,SKIP_NEWS,3.0,1.0,3,152,-5220.000000000175,0.9600428658909963,36.18421052631579,26.495509235722654,0.000488438609116883,192,-54179.999999999105,0.7355137905784755,28.125,71.77999999999906,-0.19116918331925525,48959.99999999893
M1,LONDON,15,SKIP_NEWS,3.0,1.0,2,170,-210.00000000017462,0.9982800982800963,28.235294117647058,29.29477325134539,-0.12615214633506583,187,-49019.999999999796,0.7212555441828741,22.994652406417114,54.497459906365144,-0.22798406163806573,48809.99999999962
M5,LONDON,15,INCLUDE_NEWS,1.0,1.0,1,159,33499.99999999933,1.4248034491503863,59.11949685534591,9.879123875306648,0.18252666119769917,159,-15119.999999999753,0.8784663612249837,44.65408805031446,32.10046030848724,-0.1057118735637049,48619.99999999908
M5,LONDON,15,INCLUDE_NEWS,3.0,0.5,1,159,26059.99999999971,1.4030000773215772,28.30188679245283,11.82000000000016,0.11142332487506536,159,-22514.99999999968,0.7857040879455595,18.867924528301888,28.40378840378805,-0.2598779697134111,48574.99999999939
M5,LONDON,30,INCLUDE_NEWS,1.0,0.75,3,378,33709.99999999965,1.1817554416101872,54.4973544973545,13.378677454135742,0.08399537045166384,350,-14845.999999999389,0.9380719976640408,45.14285714285714,43.168208578637376,-0.08139305298701965,48555.99999999904
M15,LONDON,30,SKIP_NEWS,1.0,1.5,3,159,26330.00000000006,1.2023205778392503,54.71698113207547,23.910794819810576,0.07720199969319906,141,-22144.999999999796,0.8548439958049306,44.680851063829785,34.97494217424813,-0.07291636240666655,48474.999999999854
M1,LONDON,60,INCLUDE_NEWS,3.0,0.75,3,216,496.00000000037835,1.002719477158587,37.5,23.241163965956126,0.03171341119733479,305,-47915.999999999854,0.8378998291581389,33.114754098360656,72.16699999999959,-0.1169540908075232,48412.00000000023
M15,LONDON,15,INCLUDE_NEWS,1.0,1.0,2,271,14279.999999999069,1.0972288418329073,53.874538745387454,17.445127304653106,0.08261562399998697,251,-34089.9999999994,0.8338208053036977,42.62948207171315,47.530805234501486,-0.14318021763504993,48369.99999999847
M1,LONDON,60,INCLUDE_NEWS,1.0,1.0,3,296,27529.99999999978,1.1170841662059277,53.71621621621622,13.186166298749184,0.06515325454055122,284,-20710.000000000466,0.9209089173190738,45.42253521126761,36.27000000000044,-0.06373056488049342,48240.00000000025
M5,LONDON,30,INCLUDE_NEWS,3.0,0.75,3,265,4981.000000000597,1.0266469084022583,32.83018867924528,24.51166424824197,0.07631943410015195,321,-43245.99999999892,0.8453710722407387,28.34890965732087,64.7069999999993,-0.12382547659881675,48226.99999999952
M15,LONDON,30,SKIP_NEWS,2.0,1.0,2,145,-999.9999999994761,0.9917736097400501,40.0,25.13866523528373,0.035570814299806366,154,-49039.999999999214,0.7115463796247314,31.16883116883117,56.879999999999185,-0.17755266097624245,48039.99999999974
M15,LONDON,15,INCLUDE_NEWS,2.5,2.0,3,174,8699.999999999782,1.044265798310775,46.55172413793103,39.63842677180511,0.14602874478496364,194,-39334.99999999933,0.8357345694479268,35.051546391752574,53.56267764382989,-0.15435354041247135,48034.99999999911
M1,LONDON,60,SKIP_NEWS,1.0,1.0,1,106,26920.000000000102,1.309389725318929,60.37735849056604,12.365394476595146,0.1802839565605587,106,-21060.00000000029,0.818181818181816,41.509433962264154,33.5100000000001,-0.1309390125275137,47980.00000000039
M5,LONDON,15,SKIP_NEWS,2.0,2.0,1,107,13870.000000000233,1.1242386241490523,43.925233644859816,17.219999999999928,0.012040532540979917,107,-34049.999999999854,0.767386254952863,35.51401869158878,46.55628490251775,-0.10837431457082244,47920.00000000009
M15,LONDON,30,SKIP_NEWS,2.0,1.0,3,151,-2639.9999999996217,0.9787985865724413,39.0728476821192,25.29969583109695,0.02034472707124168,168,-50559.999999999156,0.7192203032154197,32.73809523809524,61.1399999999991,-0.1455827547441699,47919.999999999534
M1,LONDON,60,SKIP_NEWS,1.0,0.5,2,196,22095.00000000038,1.2478963312016202,57.6530612244898,14.125264798753065,0.1515586185530975,195,-25569.99999999994,0.7895213400831385,43.58974358974359,32.50499999999981,-0.11828917294300015,47665.00000000032
M15,LONDON,15,INCLUDE_NEWS,3.0,1.5,2,186,6004.999999999985,1.0328330462833868,41.39784946236559,42.188785137161695,0.16167195436060075,210,-41649.999999999534,0.8260924027641511,30.952380952380953,53.74500000000009,-0.16083698335099977,47654.99999999952
M5,LONDON,15,SKIP_NEWS,2.5,0.5,2,194,31616.999999999913,1.4456864956301123,34.5360824742268,6.239904622721379,0.18093162214534136,198,-15973.999999999476,0.8675126482541302,23.737373737373737,27.246474018593776,-0.23658286048541066,47590.99999999939
M5,LONDON,15,INCLUDE_NEWS,1.0,0.75,3,408,25763.999999999563,1.16100386824229,53.92156862745098,9.10193321616856,0.07897680621647797,391,-21816.999999998923,0.9050249659357584,45.26854219948849,37.88615110983326,-0.08583428309444353,47580.99999999849
M15,LONDON,30,SKIP_NEWS,3.0,0.75,2,149,5537.000000000262,1.0534887989412407,33.557046979865774,18.084354690975637,0.0698817750297504,171,-41969.999999999745,0.7529519795627665,26.31578947368421,51.16399999999985,-0.1769341306126071,47507.00000000001
M15,LONDON,15,SKIP_NEWS,1.5,2.0,3,126,-2259.999999999942,0.981838637094182,50.0,33.0745203034358,0.09391623727943088,138,-49699.99999999988,0.709797968001869,34.05797101449276,57.31499999999985,-0.20698847327110634,47439.99999999994
M1,LONDON,15,SKIP_NEWS,1.5,0.75,2,198,30491.999999999738,1.337345665353804,44.94949494949495,7.562244169889929,0.11032044796478552,199,-16923.9999999984,0.8618663227744398,36.68341708542713,24.714489311163188,-0.08916839064341292,47415.99999999814
M15,LONDON,15,SKIP_NEWS,3.0,1.5,3,126,-8324.999999999694,0.9324790137475182,40.476190476190474,30.014907295257593,0.07701529935707659,161,-55699.99999999977,0.7073042564372053,28.57142857142857,58.8999999999999,-0.23414430081521095,47375.00000000007
M1,LONDON,15,SKIP_NEWS,3.0,2.0,1,107,20749.999999999825,1.189238486092108,42.99065420560748,17.97655232305689,0.002442313527763995,107,-26589.99999999965,0.8170370880066082,33.64485981308411,52.60852250099537,-0.04449675944064833,47339.999999999476
M1,LONDON,15,SKIP_NEWS,3.0,1.5,3,161,5514.999999999316,1.0397334293948075,36.024844720496894,25.93365117203031,-0.06895480616322035,198,-41709.99999999923,0.8031572240968435,29.797979797979796,57.06079224736441,-0.14248783218285624,47224.999999998545
M15,LONDON,60,SKIP_NEWS,1.5,0.5,3,192,24715.00000000061,1.2636829190227319,45.3125,10.515217439727875,0.12982295214888423,184,-22356.99999999962,0.8435862454962065,33.69565217391305,31.978999999999697,-0.1930157625433825,47072.00000000023
M5,LONDON,15,SKIP_NEWS,2.5,2.0,1,107,13930.000000000087,1.1221072931276304,42.05607476635514,19.019999999999925,0.00479228987915322,107,-33079.99999999962,0.7765770633526966,33.64485981308411,44.03578032082326,-0.12542129076572175,47009.99999999971
M5,LONDON,15,INCLUDE_NEWS,1.5,2.0,1,159,21530.00000000016,1.125210817097995,49.685534591194966,41.72972972972944,0.0925080251418511,159,-25364.99999999936,0.87412535358047,37.735849056603776,42.5598290598287,-0.09430405669295731,46894.99999999952
M15,LONDON,15,SKIP_NEWS,2.0,1.5,2,132,-3344.99999999968,0.9720235854974304,45.45454545454545,29.923636197356696,0.12669949849256182,148,-50224.999999999956,0.71216940313476,29.72972972972973,53.51999999999999,-0.2113873680975696,46880.00000000028
M1,LONDON,30,SKIP_NEWS,3.0,0.75,3,193,-7845.99999999968,0.9398543503257979,32.64248704663213,25.258766266017584,-0.018657206206766357,244,-54716.99999999924,0.7354506819577367,25.0,67.74637440711973,-0.1680237544034327,46870.99999999956
M1,LONDON,15,INCLUDE_NEWS,3.0,2.0,1,159,39009.99999999971,1.2249711649365613,45.911949685534594,38.61844698462759,0.13005717646417275,159,-7559.999999999534,0.9623280845126597,36.477987421383645,49.81483154186593,-0.012341035580758327,46569.99999999924
M5,LONDON,15,SKIP_NEWS,3.0,0.75,1,107,31288.999999999913,1.526157364588765,33.64485981308411,10.057263799190954,0.2604158927674141,107,-15258.999999999505,0.8340077888736633,22.429906542056074,23.632035115128232,-0.1333176404152335,46547.99999999942
M5,LONDON,30,INCLUDE_NEWS,3.0,0.25,3,399,30609.999999999607,1.2964907352698996,30.82706766917293,7.5324344139495585,0.215300316820204,407,-15813.999999999854,0.9189669749686153,22.85012285012285,39.085855346278834,-0.1291382602706338,46423.99999999946
M1,LONDON,60,INCLUDE_NEWS,2.5,0.5,2,263,4398.000000000728,1.024811711940429,34.98098859315589,19.64550228925402,0.10506266359459865,278,-41996.999999999796,0.8192161167430749,25.539568345323744,54.635999999999974,-0.1855529810650344,46395.000000000524
M5,LONDON,30,SKIP_NEWS,1.5,0.5,2,196,16783.0,1.2042348646181946,45.91836734693878,13.552650432818394,0.1517406762133925,191,-29591.999999999854,0.7649936467598476,32.460732984293195,38.97787497291014,-0.19253480225734404,46374.999999999854
M5,LONDON,30,INCLUDE_NEWS,2.0,0.5,3,368,200.00000000011642,1.0011372036163075,34.78260869565217,20.65270991168714,0.0154281041537564,370,-46064.99999999985,0.8143625702714142,29.18918918918919,59.615010694147465,-0.16416951388045747,46264.99999999996
M5,LONDON,15,SKIP_NEWS,2.5,0.5,1,107,26386.999999999956,1.7122958563908781,34.57943925233645,4.689853484869335,0.19534759986428726,107,-19850.999999999636,0.7107322404371618,20.5607476635514,22.964215271907438,-0.27407100377576443,46237.99999999959
M5,LONDON,15,INCLUDE_NEWS,3.0,1.0,2,244,3469.9999999994616,1.0189690045372524,30.327868852459016,35.58729524570548,-0.00151316700614603,262,-42559.99999999958,0.830835883779166,26.33587786259542,62.66000000000018,-0.15560755044348412,46029.99999999904
M5,LONDON,60,SKIP_NEWS,1.0,0.75,2,172,27374.99999999997,1.2596460277714545,56.395348837209305,12.635008347985583,0.12250748552479132,168,-18578.99999999997,0.8704284877395588,44.047619047619044,31.68899999999968,-0.11464429679321299,45953.99999999994
M1,LONDON,60,SKIP_NEWS,2.5,0.25,3,278,40247.99999999977,1.4510742264112877,37.05035971223021,9.65186229923447,0.2816581431198554,272,-5647.999999999505,0.9536893546191788,27.941176470588236,21.922883111550746,-0.04817654339622859,45895.99999999927
M1,LONDON,15,SKIP_NEWS,2.5,0.75,1,107,21575.999999999258,1.3759343473942647,31.775700934579437,9.218513478387399,0.024868201530639976,107,-24297.999999999287,0.705271584871796,24.299065420560748,27.82086174436389,-0.16056115682745045,45873.999999998545
M1,LONDON,15,SKIP_NEWS,3.0,1.5,1,107,14244.999999999316,1.1382204541043983,35.51401869158878,18.86557344365272,-0.041365601388118185,107,-31569.99999999971,0.7534941828687457,29.906542056074763,46.503327867271,-0.11717314813512174,45814.999999999025
M5,LONDON,15,SKIP_NEWS,1.0,0.75,1,107,14265.000000000058,1.357357583045246,57.943925233644855,7.894966837254847,0.15900311526479255,107,-31545.999999999505,0.5838587974566681,38.31775700934579,32.499112531060916,-0.23443222101778932,45810.99999999956
M15,LONDON,15,INCLUDE_NEWS,2.5,2.0,2,174,8699.999999999782,1.044265798310775,46.55172413793103,39.63842677180511,0.14602874478496364,189,-37049.99999999942,0.8408163265306146,35.44973544973545,50.33499999999964,-0.15487790886517008,45749.9999999992
M5,LONDON,60,SKIP_NEWS,1.5,0.75,2,158,8072.999999999622,1.0681674252083497,46.20253164556962,19.981339152987307,0.0689064039866307,162,-37638.999999999636,0.7627799101262404,33.95061728395062,43.98299999999952,-0.21464881427782698,45711.99999999926
M1,LONDON,60,SKIP_NEWS,2.5,0.5,3,218,18329.00000000032,1.1361081201500045,36.23853211009174,16.712459588724705,0.16536710145250313,237,-27347.999999999796,0.845896373932889,28.691983122362867,37.44300000000003,-0.13527710068400112,45677.00000000012
M1,LONDON,15,INCLUDE_NEWS,1.0,2.0,2,232,23979.99999999981,1.1146710022953321,53.44827586206896,42.55583126550894,0.063381545218545,224,-21569.999999999185,0.9074804838294623,47.32142857142857,56.75578811554692,-0.044385467363732264,45549.999999998996
M5,LONDON,30,INCLUDE_NEWS,2.5,0.75,3,277,-3906.999999999549,0.9796348131584045,34.29602888086642,31.983083759662385,0.0424579034513034,324,-49447.99999999875,0.8220289875937165,29.938271604938272,74.07999999999875,-0.1185717043878535,45540.9999999992
M15,LONDON,30,SKIP_NEWS,1.0,1.5,2,148,25464.99999999997,1.2059858442871583,55.4054054054054,23.709690653975642,0.08864301447652063,137,-20014.999999999913,0.8647726504965891,44.52554744525548,32.39463062048236,-0.07813169954313039,45479.99999999988
M15,LONDON,15,INCLUDE_NEWS,2.5,0.25,3,367,16676.999999999432,1.2336041462389622,34.05994550408719,7.208558571307347,0.19040163529561246,364,-28693.999999998545,0.8426743280734333,24.175824175824175,42.49761924573938,-0.21332051797189894,45370.99999999798
M5,LONDON,15,SKIP_NEWS,3.0,2.0,1,107,21030.000000000116,1.1843443197755965,42.05607476635514,19.019999999999925,0.04312071226137935,107,-24319.999999999738,0.8357422666486571,33.64485981308411,41.32441597588532,-0.08907419409037408,45349.999999999854
M5,LONDON,15,SKIP_NEWS,3.0,0.5,1,107,30770.000000000044,1.7926326635754788,30.8411214953271,4.722974636789059,0.2033299874311841,107,-14534.99999999949,0.7915680791568143,18.69158878504673,21.255584293439778,-0.2460182632709932,45304.999999999534
M15,LONDON,60,SKIP_NEWS,1.5,1.0,2,128,21855.00000000032,1.1968032417829841,53.125,14.192112745704083,0.14553766829196155,139,-23445.000000000116,0.8473235217504549,35.97122302158273,35.843459955985054,-0.1745526821688965,45300.00000000044
M5,LONDON,30,INCLUDE_NEWS,2.5,0.5,3,350,-632.0000000000146,0.9964371282802941,30.857142857142854,23.52511204724307,0.026082142962450074,368,-45927.999999999876,0.8204850593132565,26.08695652173913,64.74565477974242,-0.177767379854855,45295.99999999986
M15,LONDON,60,SKIP_NEWS,1.5,0.75,3,158,13081.999999999854,1.1132082002821109,45.56962025316456,17.813976317565604,0.09067634449664448,168,-32032.99999999994,0.8031452029202822,33.92857142857143,41.51499999999985,-0.1957254500596867,45114.999999999796
M5,LONDON,15,SKIP_NEWS,2.0,0.5,1,107,22594.999999999854,1.6588423968508523,40.18691588785047,4.68856947296381,0.2060138155221491,107,-22519.99999999946,0.6617602883748924,23.364485981308412,24.888646936553048,-0.299134648667351,45114.999999999316
M1,LONDON,60,INCLUDE_NEWS,3.0,0.75,2,207,1957.0000000004366,1.0110267809349964,37.68115942028986,20.84355621193688,0.050169917403360055,260,-43113.99999999988,0.8371926167603169,32.30769230769231,66.6089999999996,-0.12582031394145768,45071.00000000032
M1,LONDON,60,INCLUDE_NEWS,1.0,1.0,2,256,22159.99999999971,1.105473584007614,54.296875,15.906050245280479,0.07312738744700457,249,-22880.00000000032,0.903325305277389,44.57831325301205,36.96000000000026,-0.07478857587807944,45040.00000000003
M1,LONDON,15,SKIP_NEWS,2.5,0.5,3,280,19319.99999999866,1.1768501990937688,31.071428571428573,8.933446717092709,0.06469651325049502,284,-25710.999999998647,0.8196035783196012,26.056338028169012,31.466463766998174,-0.13456293690897667,45030.99999999731
M15,LONDON,60,SKIP_NEWS,1.0,1.0,1,105,34210.00000000023,1.429234629861989,61.904761904761905,11.239022950335782,0.19285387505849538,105,-10800.000000000364,0.9075104907082266,41.904761904761905,25.729999999999997,-0.09686469830548552,45010.0000000006
M15,LONDON,15,SKIP_NEWS,2.0,2.0,3,120,2260.0000000001455,1.018016581632654,46.666666666666664,28.64832535885144,0.10995558541825225,137,-42609.999999999854,0.7534143518518525,32.846715328467155,54.0299999999999,-0.20069480489844002,44870.0
M1,LONDON,60,INCLUDE_NEWS,3.0,0.25,2,294,20930.000000000146,1.186955123624413,31.292517006802722,10.00121817517339,0.24383637696035781,292,-23914.99999999949,0.8431309526933098,20.89041095890411,38.915062066268966,-0.16958896631043954,44844.999999999636
M5,LONDON,30,SKIP_NEWS,2.5,1.0,2,149,1090.000000000262,1.0086439333862034,38.92617449664429,14.940274558744694,0.03856241439135674,165,-43724.99999999955,0.7563388130398455,29.09090909090909,53.15499999999949,-0.1920128065937468,44814.99999999981
M15,LONDON,30,INCLUDE_NEWS,3.0,0.5,3,276,12365.00000000003,1.0883088130267116,30.434782608695656,19.238236109827252,0.10887107953264197,310,-32314.99999999987,0.8585900577629972,27.741935483870968,50.801172447484,-0.10877103194879267,44679.9999999999
M1,LONDON,60,INCLUDE_NEWS,2.5,0.5,3,314,5014.000000000742,1.0246158377927284,35.03184713375796,24.411789760626785,0.11316847814939218,355,-39532.99999999994,0.8555529166742788,28.732394366197184,55.06103360811688,-0.12877358958670213,44547.000000000684
M5,LONDON,15,SKIP_NEWS,1.0,0.75,2,201,16648.00000000032,1.2106301952200857,56.21890547263681,8.879486779430595,0.12453712570224922,200,-27657.999999999505,0.782651746141517,43.5,35.786031301097445,-0.13067460887250393,44305.999999999825
M15,LONDON,15,SKIP_NEWS,2.5,0.25,3,252,11128.999999999694,1.2263187863505067,35.317460317460316,7.782421176448111,0.23351157885381596,247,-33109.99999999929,0.7347783945722127,21.45748987854251,36.80099999999942,-0.29727022288498056,44238.99999999898
M5,LONDON,60,INCLUDE_NEWS,2.0,0.25,2,280,27345.00000000016,1.3051658910576216,42.5,10.14754363130249,0.2657528490456612,279,-16861.999999999753,0.8917033821017091,26.523297491039425,37.70111724511963,-0.21608824187634001,44206.99999999991
M1,LONDON,15,INCLUDE_NEWS,3.0,2.0,3,196,18349.999999999447,1.0875853181232373,42.857142857142854,49.91000000000016,0.051935675341404176,226,-25669.999999999243,0.9025658543991523,37.16814159292036,74.51636904761847,-0.03738437180894837,44019.99999999869
M1,LONDON,15,SKIP_NEWS,2.5,0.5,2,199,32161.999999998603,1.444902476137758,34.67336683417086,5.275362318840717,0.18148568141862806,203,-11771.99999999885,0.8874300741095008,26.108374384236456,21.20843205379076,-0.10038162333330432,43933.99999999745
M15,LONDON,60,INCLUDE_NEWS,1.5,0.75,2,220,6529.999999999738,1.0385564648504375,43.63636363636363,16.195583022811867,0.047543290242026616,227,-37354.99999999965,0.8356801316142551,37.00440528634361,48.22499999999963,-0.1449709951326816,43884.99999999939
M15,LONDON,60,INCLUDE_NEWS,2.0,0.75,3,204,5981.999999999985,1.036175616835995,41.17647058823529,16.004464285714217,0.07529978493032842,244,-37869.999999999636,0.8451808608058616,35.65573770491803,52.3899999999997,-0.13191440342313074,43851.99999999962
M5,LONDON,30,INCLUDE_NEWS,2.0,0.75,2,259,17280.000000000393,1.1013894104393573,39.768339768339764,22.219069499235733,0.10776143048698789,270,-26545.999999999738,0.8824212036922212,31.851851851851855,47.58887232205885,-0.1140332241514174,43826.00000000013
M15,LONDON,15,INCLUDE_NEWS,1.0,0.75,2,280,26343.999999999913,1.2448714016154958,57.14285714285714,11.225224607365927,0.14617631433409686,267,-17370.999999998792,0.9018803766401817,44.9438202247191,35.405815256806996,-0.1030613365890979,43714.999999998705
M1,LONDON,15,SKIP_NEWS,1.0,1.0,1,107,19669.999999999214,1.3719039515976361,55.140186915887845,8.496796451453935,0.10280373831775817,107,-24039.999999999607,0.7038314648269116,44.85981308411215,31.2405873493974,-0.0980297615482522,43709.99999999882
M1,LONDON,60,SKIP_NEWS,1.5,1.0,3,162,12180.000000000073,1.0885753763362667,48.76543209876543,17.02969564735025,0.0711762352082292,188,-31525.00000000006,0.8402665180381026,38.82978723404255,48.000000000000185,-0.12220295496714986,43705.00000000013
M1,LONDON,30,SKIP_NEWS,3.0,1.0,3,160,-9990.000000000102,0.9249436513899315,38.125,28.364127985578875,-0.010408700118889646,220,-53609.999999999505,0.7575414951833948,27.727272727272727,68.18408207988811,-0.15515637490435505,43619.9999999994
M15,LONDON,15,SKIP_NEWS,1.5,2.0,2,124,-2049.9999999998836,0.9833873581847654,50.0,33.81526104417647,0.09925910839929146,133,-45644.99999999981,0.722607110300821,34.58646616541353,53.259999999999785,-0.2021935883226345,43594.99999999993
M5,LONDON,15,INCLUDE_NEWS,1.0,0.75,1,159,21134.999999999767,1.345574649683607,57.861635220125784,8.799019837075909,0.15764412997902774,159,-22451.99999999955,0.7877983082084993,40.88050314465409,29.581655071402253,-0.18291979653398288,43586.999999999316
M15,LONDON,15,INCLUDE_NEWS,2.0,1.5,2,194,-264.99999999983993,0.998530023575095,44.84536082474227,39.535669466164514,0.13514081505358594,211,-43829.99999999975,0.8143504595705034,33.175355450236964,51.97000000000011,-0.1353463197861307,43564.99999999991
M5,LONDON,15,SKIP_NEWS,1.5,0.5,3,278,14361.999999999796,1.1580499614834368,43.884892086330936,9.16327711108862,0.09765297034513701,272,-28965.999999999505,0.802965784640503,34.55882352941176,38.879788792106275,-0.14919749629370452,43327.9999999993
M5,LONDON,15,SKIP_NEWS,2.0,0.5,2,200,19190.00000000016,1.2721599773081873,38.0,6.3863636363634635,0.12196040266797381,199,-24109.999999999127,0.7951571792693348,26.13065326633166,31.73086205232099,-0.2565383114406953,43299.99999999929
M15,LONDON,15,SKIP_NEWS,2.5,1.5,2,128,-5885.999999999811,0.9517758387612159,42.1875,29.722296321506864,0.11054807951102252,147,-49096.999999999854,0.7219009317737689,27.89115646258503,50.284999999999954,-0.23569478659205706,43211.000000000044
M15,LONDON,60,SKIP_NEWS,1.5,0.5,2,169,20867.000000000553,1.2424703695096517,44.97041420118343,10.386443983908265,0.12687272505817515,161,-22247.999999999738,0.8319637462235664,32.298136645962735,30.811999999999813,-0.21631988504219335,43115.00000000029
M1,LONDON,15,INCLUDE_NEWS,2.5,0.75,1,159,9052.999999999389,1.0946758557220622,29.559748427672954,23.799280311667076,-0.01808622014345416,159,-34016.99999999927,0.7230607659241942,22.641509433962266,37.02409926031932,-0.2173385262642626,43069.99999999866
M1,LONDON,15,SKIP_NEWS,2.5,1.0,2,176,1919.9999999995052,1.0154589371980636,29.545454545454547,32.287260206591675,-0.12485028773883675,187,-41065.0,0.7622452524316811,25.13368983957219,46.85900872362201,-0.2050996530604738,42984.999999999505
M1,LONDON,15,SKIP_NEWS,1.5,0.75,1,107,22471.999999999694,1.476031097083047,44.85981308411215,6.9287758070887175,0.1133041453453696,107,-20481.999999999578,0.7165278046890203,33.64485981308411,25.298315674828746,-0.15317041233255,42953.99999999927
M15,LONDON,15,SKIP_NEWS,2.0,2.0,2,119,3300.0000000001164,1.0265273311897114,47.05882352941176,28.64832535885144,0.11928294327890984,132,-39439.999999999854,0.7625383828045041,33.33333333333333,50.85999999999989,-0.19941307732260605,42739.99999999997
M1,LONDON,30,SKIP_NEWS,1.5,0.5,3,281,27313.999999999374,1.245618452407709,45.90747330960854,12.141734187930881,0.1550453640378435,278,-15271.999999999476,0.8931915935238001,36.69064748201439,22.31170665672574,-0.08713657922028385,42585.99999999885
M1,LONDON,30,SKIP_NEWS,2.5,1.0,2,153,479.99999999973807,1.0037825059101635,41.17647058823529,19.925238951452457,0.07236656212436332,178,-41999.999999999935,0.7680967367897966,28.08988764044944,52.14191724742915,-0.15758289433221168,42479.99999999967
M5,LONDON,60,SKIP_NEWS,1.0,0.75,3,208,27108.99999999968,1.2175891739172293,56.25,14.1139245152814,0.1154539649372185,195,-15342.99999999933,0.9026020605729769,44.61538461538462,30.307999999999158,-0.08940171843285667,42451.99999999901
M5,LONDON,60,INCLUDE_NEWS,2.5,0.5,3,278,-9253.999999999869,0.9496394655927732,33.45323741007194,24.03996447602168,0.05551506638170457,314,-51683.99999999888,0.8031010705169757,28.02547770700637,69.63199999999917,-0.18928859281632893,42429.99999999901
M5,LONDON,15,SKIP_NEWS,2.0,1.5,1,107,14379.999999999956,1.1448720531936316,41.1214953271028,20.96782165982917,0.024913546740199355,107,-27919.999999999447,0.789964643045215,31.775700934579437,37.45323606434677,-0.1181140394615248,42299.9999999994
M1,LONDON,15,SKIP_NEWS,3.0,0.5,3,270,9269.99999999936,1.084066382515638,27.037037037037038,15.895275929737393,0.01865026304830475,282,-32784.999999998894,0.7792330224571627,22.69503546099291,39.48034579930184,-0.16325630603639787,42054.999999998254
M15,LONDON,15,INCLUDE_NEWS,1.5,2.0,3,185,-7270.000000000204,0.9631544270437371,49.18918918918919,44.49453289852317,0.08717812270919907,195,-49284.99999999961,0.7917828474862707,36.41025641025641,59.409999999999755,-0.15653819898508273,42014.9999999994
M1,LONDON,15,SKIP_NEWS,2.0,1.5,1,107,13444.99999999949,1.1354864715070234,39.25233644859813,20.780000000000115,-0.03271119672395804,107,-28469.999999999796,0.7685930260911994,32.71028037383177,40.42105263157884,-0.1116048891340691,41914.99999999929
M1,LONDON,15,INCLUDE_NEWS,2.5,1.5,1,159,18495.99999999936,1.1136397149176658,38.9937106918239,35.767940979208774,0.06279066622306498,159,-23230.99999999949,0.8708492008339143,30.81761006289308,53.20892582665855,-0.1310611953240305,41726.99999999885
M15,LONDON,30,INCLUDE_NEWS,1.0,0.75,3,323,25271.999999999913,1.1568783249427341,55.10835913312694,18.04135247736087,0.09745881392967048,292,-16406.999999998967,0.9248732777449665,44.86301369863014,36.209782916944135,-0.08774584052990554,41678.99999999888
M1,LONDON,60,SKIP_NEWS,1.5,0.75,2,173,11397.999999999825,1.089110226801866,45.08670520231214,18.667123573408176,0.06580108843951052,181,-30170.99999999978,0.8186577390969858,36.46408839779006,41.985999999999635,-0.13597265685165116,41568.99999999961
M15,LONDON,15,SKIP_NEWS,1.5,1.5,1,107,10636.999999999782,1.1104970653924044,51.4018691588785,21.972463678406942,0.18329632897181342,107,-30874.999999999854,0.753954655934973,32.71028037383177,31.254000000000058,-0.23107007114292896,41511.999999999636
M1,LONDON,15,INCLUDE_NEWS,3.0,1.5,1,159,16104.999999999389,1.0974053465586018,37.10691823899371,31.344188867634198,0.0669278952052821,159,-25264.99999999952,0.8595413481584455,30.81761006289308,53.85098630481217,-0.11072851734567525,41369.99999999891
M15,LONDON,60,SKIP_NEWS,1.0,0.75,1,105,16947.000000000204,1.2409434713375822,57.14285714285714,10.667125961648873,0.14206385253897347,105,-24407.0,0.7772494546914783,37.142857142857146,30.62099999999997,-0.22933703592033267,41354.000000000204
M15,LONDON,60,SKIP_NEWS,1.5,1.0,3,133,18575.000000000306,1.1614796140137384,51.8796992481203,14.364963503649669,0.11456779844770672,147,-22440.000000000116,0.8575599847657732,36.734693877551024,35.93000000000012,-0.14515681140316197,41015.00000000042
M5,LONDON,15,INCLUDE_NEWS,3.0,0.75,1,159,18513.999999999738,1.1869043773219168,29.559748427672954,25.295411784615606,0.1308421035566421,159,-22485.99999999946,0.8346714899123602,21.38364779874214,30.20529443543991,-0.1924156863649327,40999.9999999992
M5,LONDON,15,INCLUDE_NEWS,1.0,1.0,2,295,23349.999999999447,1.1473837025815794,54.91525423728814,11.923179514537235,0.08690982827598,277,-17649.999999999476,0.9137214645353693,45.48736462093863,35.790561488115515,-0.08198585693028293,40999.99999999892
M15,LONDON,15,SKIP_NEWS,3.0,0.25,3,249,6960.999999999462,1.1323082186573323,29.31726907630522,11.675338979832238,0.16874907035549852,247,-34010.99999999926,0.7340771552330808,19.4331983805668,41.67984113518908,-0.310559330810501,40971.99999999872
M1,LONDON,60,INCLUDE_NEWS,3.0,0.5,2,251,-844.9999999993161,0.9951591189023556,32.669322709163346,19.953557803947323,0.08939227508660043,274,-41674.99999999966,0.8211603656181612,24.087591240875913,58.374999999999886,-0.18032686709697246,40830.00000000034
M1,LONDON,30,SKIP_NEWS,2.5,0.75,2,176,9162.000000000378,1.0774674682292094,35.79545454545455,14.366189262147405,0.08530073289688472,189,-31661.99999999923,0.7997394120325902,25.925925925925924,39.43085815918129,-0.19611087015752146,40823.99999999961
M1,LONDON,15,SKIP_NEWS,3.0,1.5,2,149,5569.9999999994325,1.0418592417239654,35.57046979865772,24.29311621021468,-0.08169206128721385,168,-35244.99999999962,0.8113979933110383,29.166666666666668,49.158299615365166,-0.1493547228435957,40814.999999999054
M5,LONDON,60,INCLUDE_NEWS,1.0,1.0,1,157,22670.000000000102,1.16658093908443,57.324840764331206,14.931668635059836,0.13373581937874726,157,-18000.000000000713,0.8898880528537307,43.31210191082803,24.74792852151378,-0.10489968307259812,40670.000000000815
M1,LONDON,30,SKIP_NEWS,1.0,0.75,2,197,20098.000000000407,1.2091167320438294,55.83756345177665,10.067586962761803,0.12083136057772505,196,-20483.999999999607,0.8370950040559267,43.87755102040816,25.780384554517898,-0.12073534989602845,40582.000000000015
M1,LONDON,15,INCLUDE_NEWS,3.0,2.0,2,190,19959.999999999447,1.096448417492145,42.63157894736842,49.65000000000019,0.061650970409579835,210,-20509.999999999447,0.9178219408606482,37.142857142857146,66.12963656800264,-0.03626935981129833,40469.999999998894
M5,LONDON,30,INCLUDE_NEWS,2.5,0.25,3,402,28597.999999999767,1.2898553662467163,34.82587064676617,7.016413760488112,0.20675814989149044,407,-11864.000000000378,0.9364307108679673,26.535626535626534,32.66661540531754,-0.09538322512418984,40462.000000000146
M15,LONDON,15,SKIP_NEWS,1.5,0.25,3,255,14974.999999999345,1.3881846696217741,48.23529411764706,5.5631606966309315,0.20644044887489935,249,-25412.999999999447,0.7752474109188069,31.72690763052209,29.61199999999956,-0.20161530141854989,40387.99999999879
M15,LONDON,30,SKIP_NEWS,3.0,0.25,3,236,20283.000000000815,1.334338838888357,32.20338983050847,13.168664133294225,0.28188738868141555,237,-19936.00000000035,0.8432112746948508,23.20675105485232,34.85111423298367,-0.17954434565378208,40219.000000001164
M15,LONDON,15,SKIP_NEWS,3.0,1.5,2,125,-10914.999999999665,0.91147248469119,40.0,32.42802571508426,0.06925970458021616,147,-51079.99999999987,0.7113227274011701,27.2108843537415,51.76999999999996,-0.25914414689859006,40165.000000000204
M1,LONDON,15,INCLUDE_NEWS,2.5,0.75,3,355,4496.000000000669,1.0225340817963142,31.26760563380282,30.782945439208873,0.0050102289934782695,392,-35590.99999999881,0.8679393703270856,25.510204081632654,52.04024353383092,-0.14929280794692856,40086.999999999476
M15,LONDON,15,SKIP_NEWS,1.0,0.75,1,107,15270.000000000102,1.3873471665567472,61.6822429906542,10.663291741342762,0.23371647509578486,107,-24777.99999999946,0.7074201775930523,36.44859813084112,29.909182843885173,-0.27651272255952014,40047.99999999956
M5,LONDON,60,INCLUDE_NEWS,2.5,0.5,2,247,-17479.999999999593,0.8976640711902131,31.983805668016196,27.762899482234953,-0.0014385504835823517,259,-57456.99999999942,0.7523938806291767,25.482625482625483,71.57999999999966,-0.22958138528028388,39976.999999999825
M1,LONDON,15,SKIP_NEWS,3.0,0.5,1,107,13769.999999999302,1.3227091633465937,25.233644859813083,8.780780180810316,-0.03680463538096801,107,-26164.999999999607,0.586389503635793,17.75700934579439,29.310430176723674,-0.2841161692291938,39934.99999999891
M5,LONDON,30,INCLUDE_NEWS,1.5,1.0,3,285,-230.0000000003347,0.998966570812364,44.56140350877193,33.052299368801,0.04555672715962725,289,-40004.99999999911,0.8507665908158343,37.37024221453287,64.43266067658364,-0.10665647686329524,39774.99999999878
M15,LONDON,15,SKIP_NEWS,2.0,0.25,3,255,7618.999999999782,1.1621995614501923,39.6078431372549,10.39162987137657,0.18860009119925875,247,-32134.999999999025,0.73196486808852,26.31578947368421,38.3019999999991,-0.24253639634661306,39753.99999999881
M5,LONDON,15,SKIP_NEWS,1.5,2.0,1,107,14820.000000000204,1.13603818615752,46.728971962616825,19.006543723973788,0.004300005584102009,107,-24924.99999999962,0.8241870635536456,37.38317757009346,37.092923312004324,-0.09126949258127211,39744.999999999825
M5,LONDON,30,INCLUDE_NEWS,3.0,0.25,2,291,23329.999999999505,1.2987540177485193,30.927835051546392,9.648164973202215,0.22828671121228364,296,-16354.999999999796,0.8880078336312052,21.95945945945946,30.532688787722563,-0.17477365460144964,39684.9999999993
M1,LONDON,15,SKIP_NEWS,2.5,0.5,1,107,18203.999999999185,1.4622651091924572,30.8411214953271,8.470727613782335,0.06471976905816623,107,-21342.999999999403,0.6449638193462612,21.49532710280374,25.595581726513227,-0.2420895083898196,39546.99999999859
M5,LONDON,30,SKIP_NEWS,3.0,1.0,2,145,-3170.0000000002037,0.9749208860759473,37.24137931034483,25.777357842295096,0.03711175650967029,164,-42649.99999999951,0.7628579371698658,28.04878048780488,54.68999999999939,-0.20357522486242322,39479.99999999931
M15,LONDON,15,SKIP_NEWS,2.0,0.5,1,107,15970.00000000003,1.437534246575347,44.85981308411215,8.302654943912714,0.345502336448594,107,-23474.999999999767,0.7072760147141361,21.49532710280374,28.70499999999977,-0.3920500409950576,39444.999999999796
M15,LONDON,15,SKIP_NEWS,1.5,0.75,1,107,11995.000000000087,1.2331797593359393,50.467289719626166,12.7891380160785,0.254220822347326,107,-27439.99999999946,0.7086430239966062,27.102803738317753,27.82999999999974,-0.34531786017628535,39434.99999999955
M5,LONDON,30,SKIP_NEWS,3.0,0.25,2,196,23236.999999999825,1.4646842378914564,33.16326530612245,7.378694830611633,0.32639004934104654,198,-16191.999999999563,0.830728540514552,19.696969696969695,22.581485806943586,-0.26873566095311546,39428.99999999939
M15,LONDON,15,INCLUDE_NEWS,2.0,1.0,1,159,18099.99999999984,1.1565473101539505,43.39622641509434,24.91010427903649,0.25471762066367554,159,-21279.99999999971,0.8610966057441269,32.075471698113205,29.303412809723984,-0.1519962529124449,39379.99999999955
M1,LONDON,15,INCLUDE_NEWS,2.0,0.75,1,159,5265.999999999476,1.0571943696237665,33.33333333333333,22.75844171399522,-0.014646727927496503,159,-34102.99999999913,0.7102967285948565,25.78616352201258,36.882686487107314,-0.22178691283411672,39368.9999999986
M5,LONDON,15,INCLUDE_NEWS,3.0,0.25,3,422,16560.99999999901,1.1866364640385738,28.199052132701425,7.539087992793698,0.1205113991702345,428,-22789.999999999447,0.8733304801658565,21.02803738317757,36.015390427710464,-0.1999392413087081,39350.99999999846
M1,LONDON,60,SKIP_NEWS,1.5,1.0,2,150,7975.000000000131,1.0600075244544782,48.66666666666667,18.592377577562385,0.07247113199156217,163,-31339.99999999994,0.8238633170347891,37.423312883435585,47.49000000000005,-0.13282067567471575,39315.00000000007
M1,LONDON,60,SKIP_NEWS,1.0,0.75,1,106,14059.0,1.1889599741942407,56.60377358490566,12.688092995474326,0.1270640572273646,106,-25237.000000000306,0.7489355352168691,39.62264150943396,33.85499999999997,-0.19682301047088163,39296.000000000306
M5,LONDON,60,INCLUDE_NEWS,1.0,1.0,3,268,29709.999999999403,1.1413617547699455,54.850746268656714,13.96305495187822,0.08351216682394043,245,-9570.00000000032,0.9573871226289065,46.12244897959184,23.747534516765214,-0.06170165738165688,39279.99999999972
M15,LONDON,30,SKIP_NEWS,1.5,0.75,1,106,15791.999999999796,1.2424800773872566,49.056603773584904,12.30010512910374,0.20208302094577105,106,-23299.99999999997,0.7782958275845662,29.245283018867923,27.01000000000003,-0.29165923459275567,39091.99999999977
M5,LONDON,15,SKIP_NEWS,2.5,1.0,1,107,17809.99999999968,1.2309387966804926,34.57943925233645,15.01500000000035,0.06532214997972358,107,-21214.99999999981,0.8027795853862612,28.037383177570092,30.06670825934635,-0.10447981680811361,39024.99999999949
M1,LONDON,30,INCLUDE_NEWS,2.0,0.75,3,326,4600.999999999665,1.0216837035256623,38.95705521472393,27.798962305432003,0.07161073860290687,360,-34419.999999998734,0.8767739256204301,31.11111111111111,59.92463939859588,-0.11087137437419504,39020.9999999984
M15,LONDON,30,INCLUDE_NEWS,1.5,0.75,3,289,13333.999999999287,1.0747815553037987,43.59861591695502,16.63335458414456,0.06503596920950916,282,-25666.999999999563,0.8920461475695994,37.234042553191486,45.5436971956139,-0.10546524837750824,39000.99999999885
M5,LONDON,15,INCLUDE_NEWS,3.0,0.5,2,286,28299.999999999214,1.243503699879532,29.02097902097902,12.273769452168414,0.11324372054803652,296,-10634.999999998938,0.9415434507777773,22.635135135135133,32.08400236626387,-0.18317088736134624,38934.99999999815
M1,LONDON,15,INCLUDE_NEWS,1.5,1.0,3,367,-8900.000000000233,0.9625200033689871,40.87193460490463,22.693109634873938,-0.006372912582090059,377,-47815.0,0.8339987501735872,35.54376657824933,60.730680948737614,-0.1301860534381319,38914.99999999977
M1,LONDON,60,INCLUDE_NEWS,1.5,0.25,3,419,17641.00000000128,1.1408440583783208,45.10739856801909,14.107567824845418,0.1269051290113336,416,-21043.999999999098,0.8773430942833208,36.53846153846153,38.31079066489501,-0.09679657992544143,38685.00000000038
M15,LONDON,30,INCLUDE_NEWS,2.0,0.75,3,252,1091.999999999447,1.0064132681826694,37.698412698412696,26.866672028740666,0.05401905780732666,278,-37550.999999999214,0.8483651737797889,33.093525179856115,59.08929585462733,-0.11817590802245062,38642.99999999866
M1,LONDON,60,SKIP_NEWS,2.5,0.5,2,181,12236.000000000262,1.104719928109891,35.35911602209944,15.533563165311895,0.13460669039913384,186,-26384.99999999987,0.8229135205879398,25.268817204301076,33.968000000000046,-0.17861401158656523,38621.00000000013
M5,LONDON,15,INCLUDE_NEWS,2.5,0.25,1,159,14086.999999999389,1.467742471029629,32.70440251572327,5.990911436112276,0.1446427885284676,159,-24480.999999999563,0.6434044164773102,19.49685534591195,24.652039869495873,-0.3339216316056361,38567.99999999895
M5,LONDON,60,SKIP_NEWS,2.5,0.5,3,187,7680.99999999968,1.0659936420654659,35.294117647058826,20.26026439557664,0.1104396024681487,207,-30857.999999999054,0.8170185009487715,27.053140096618357,43.093999999999255,-0.21653802562465235,38538.999999998734
M5,LONDON,60,SKIP_NEWS,3.0,0.25,3,235,28320.000000000044,1.3529455750944068,34.04255319148936,10.13138754268717,0.33050334877719034,236,-10034.999999999185,0.9231164094941912,22.45762711864407,29.880918677895934,-0.15833435383491878,38354.99999999923
M15,LONDON,60,SKIP_NEWS,1.5,0.75,2,148,6107.000000000058,1.0540581211107278,44.5945945945946,20.31883686260679,0.06953564388308119,153,-32118.999999999767,0.7897021560783348,32.6797385620915,40.30799999999976,-0.22453273099236803,38225.999999999825
M15,LONDON,15,INCLUDE_NEWS,1.5,2.0,2,183,-7060.0000000001455,0.9640291435267735,49.18032786885246,44.49453289852317,0.09072478822680699,190,-45229.99999999955,0.8033392756206804,36.84210526315789,55.3549999999997,-0.15185414072415182,38169.9999999994
M15,LONDON,15,INCLUDE_NEWS,1.5,0.75,2,269,18554.99999999936,1.1437859367977257,45.353159851301115,17.318151781629872,0.12942761791934282,262,-19557.999999998807,0.9010132501948609,35.87786259541985,40.29456193353415,-0.14552473239664215,38112.99999999817
M1,LONDON,15,SKIP_NEWS,3.0,0.75,1,107,25052.999999999476,1.4157070321574226,28.971962616822427,12.976363707869837,0.04822562469404027,107,-13009.999999999476,0.8421920865578285,24.299065420560748,22.48111236875262,-0.04544536314782539,38062.99999999895
M15,LONDON,60,INCLUDE_NEWS,2.0,0.75,2,196,2415.9999999999272,1.014879046164458,40.816326530612244,17.239657754746986,0.07432730090793094,226,-35624.99999999952,0.8460611088785486,35.39823008849557,51.32699999999958,-0.13575284142481456,38040.99999999945
M1,LONDON,15,INCLUDE_NEWS,2.5,0.5,1,159,13545.999999998909,1.2110297554135974,30.18867924528302,18.377352213013225,0.04671818119117722,159,-24430.999999999796,0.725586880826691,22.0125786163522,29.542678662999407,-0.22606321953713948,37976.999999998705
M15,LONDON,30,SKIP_NEWS,3.0,0.25,2,188,22457.00000000083,1.4698412034228345,34.57446808510639,9.928358587459435,0.3829787234042538,185,-15385.00000000064,0.8506325181308868,20.54054054054054,26.53492014976725,-0.2592070270981713,37842.00000000147
M5,LONDON,60,SKIP_NEWS,3.0,0.25,2,183,29915.000000000335,1.4904419961964779,34.97267759562842,5.480902227751358,0.36862622268715617,182,-7925.999999999622,0.9240811869618151,21.428571428571427,27.361957770120743,-0.19248210092307683,37840.999999999956
M1,LONDON,15,SKIP_NEWS,1.0,1.0,2,201,16729.999999998836,1.1575329566854866,53.233830845771145,9.098368128361809,0.05764756708879881,196,-21109.999999999505,0.8423332586451605,46.93877551020408,29.59280303030272,-0.05728392220969986,37839.99999999834
M1,LONDON,60,INCLUDE_NEWS,1.5,0.75,1,158,6135.0000000001455,1.0459988153524338,45.56962025316456,14.004867227335918,0.06403618008367488,158,-31640.000000000247,0.8155403199477625,32.91139240506329,39.71400000000017,-0.18827307701996,37775.00000000039
M15,LONDON,30,SKIP_NEWS,2.5,0.75,1,106,5169.000000000058,1.0647411730815004,33.9622641509434,16.550122520768884,0.07901197682005319,106,-32576.99999999997,0.7117768320843689,23.58490566037736,37.50299999999999,-0.3041643893626594,37746.00000000003
M5,LONDON,60,INCLUDE_NEWS,2.0,0.25,3,371,24150.00000000022,1.2033512967329083,40.700808625336926,13.20783293539044,0.21306204274547227,365,-13561.999999999389,0.9298222010638992,29.315068493150687,37.49535488665866,-0.14509719393019205,37711.99999999961
M1,LONDON,60,SKIP_NEWS,2.0,0.75,2,162,13602.999999999825,1.1098726243265722,42.592592592592595,16.101325652671562,0.0963034199735554,176,-24105.999999999563,0.8577263123104004,32.95454545454545,40.90099999999981,-0.14654410719964137,37708.99999999939
M1,LONDON,15,INCLUDE_NEWS,3.0,1.0,3,304,-9929.999999999476,0.9552742996126501,29.276315789473685,38.50531107738994,-0.04290798643428959,358,-47489.99999999962,0.846603572466812,25.69832402234637,67.10325648156477,-0.15640191853053553,37560.000000000146
M15,LONDON,30,SKIP_NEWS,2.0,0.25,3,246,17274.00000000045,1.3148283152292903,42.27642276422765,11.216158952869717,0.2672143335544602,237,-20253.000000000335,0.829314747549657,29.11392405063291,30.526189811305926,-0.16067613582345439,37527.000000000786
M1,LONDON,60,SKIP_NEWS,2.0,0.25,2,200,21292.000000000306,1.3397045215227095,41.0,7.680482469106709,0.2252138872790666,200,-16173.00000000003,0.8208474106895592,28.499999999999996,25.597344036470034,-0.13838518075655856,37465.000000000335
M15,LONDON,15,SKIP_NEWS,2.5,2.0,3,116,-3309.999999999942,0.9735517379145026,45.689655172413794,31.73928444916768,0.08919506819381266,137,-40754.999999999694,0.7641493055555573,32.846715328467155,50.51999999999977,-0.20512907022784088,37444.99999999975
M1,LONDON,15,INCLUDE_NEWS,1.5,0.75,1,159,15060.999999999913,1.1899794391816005,42.76729559748428,16.360696280795256,0.06972027578452356,159,-22207.999999999738,0.7898442379393255,33.9622641509434,29.924598145497296,-0.14338333166122494,37268.99999999965
M5,LONDON,30,INCLUDE_NEWS,3.0,0.75,2,240,4571.000000000713,1.026162607675361,32.5,22.266375748572496,0.06911861939229201,265,-32617.99999999933,0.8608162080972236,27.547169811320753,58.031999999999606,-0.122937524636467,37189.000000000044
M15,LONDON,15,INCLUDE_NEWS,2.0,0.5,2,277,14634.999999999272,1.1412303980699576,39.35018050541516,13.891452428037883,0.17068074337388417,274,-22074.999999999767,0.8803944409828526,28.102189781021895,38.04585884771836,-0.2034949844010138,36709.99999999904
M15,LONDON,15,INCLUDE_NEWS,3.0,0.5,2,265,22789.99999999994,1.2102592490082116,33.20754716981132,18.612031548980372,0.2666867533394521,274,-13884.999999999854,0.927718056170125,25.18248175182482,39.091132198952884,-0.14474286276275378,36674.999999999796
M5,LONDON,60,SKIP_NEWS,1.5,0.5,2,179,18713.999999999476,1.1958555729984244,46.36871508379888,12.15540879774464,0.14435118407879452,174,-17861.99999999965,0.8674876664564736,33.90804597701149,26.578999999999738,-0.14881234111619082,36575.99999999913
M5,LONDON,30,SKIP_NEWS,2.5,0.25,3,275,29552.000000000262,1.4619232212079605,37.09090909090909,5.713004118582578,0.29462459993098944,275,-7019.000000000335,0.9423514434725456,25.454545454545453,20.30296415114069,-0.134583980437188,36571.0000000006
M5,LONDON,30,SKIP_NEWS,2.5,0.5,2,187,9473.999999999694,1.0991315266296928,32.0855614973262,15.849622733089493,0.09883777390844352,189,-27080.999999999738,0.802292389122104,24.33862433862434,36.29250791954499,-0.23264736647116493,36554.99999999943
M5,LONDON,30,INCLUDE_NEWS,1.0,0.75,2,286,23853.99999999962,1.162130933608828,55.59440559440559,12.366209716007976,0.10263501519783262,281,-12661.999999999607,0.9362109441908752,44.128113879003564,36.639738939975715,-0.10609936052981858,36515.99999999923
M1,LONDON,30,INCLUDE_NEWS,1.0,1.0,3,361,24700.000000000888,1.1039431048268344,54.84764542936288,29.24348904505963,0.07925442950152968,345,-11719.999999999913,0.9554931075076902,45.79710144927536,38.605261001393146,-0.062302508411031784,36420.0000000008
M1,LONDON,60,SKIP_NEWS,2.0,0.25,3,281,26929.99999999978,1.3084835849618506,40.213523131672595,11.051709906115416,0.20124162673996795,274,-9486.999999999796,0.9185252617205298,32.846715328467155,19.77686538780344,-0.0331537716285512,36416.99999999958
M1,LONDON,15,INCLUDE_NEWS,1.0,1.5,3,327,20189.99999999901,1.0842531349761053,54.12844036697248,26.166540212443252,0.06321643043516385,309,-16179.999999999229,0.9362979586212355,45.307443365695796,37.351840299438386,-0.06611517172920552,36369.99999999824
M5,LONDON,60,SKIP_NEWS,1.5,0.75,1,105,6234.000000000058,1.0703484698022945,45.714285714285715,15.899359378630512,0.08681387733335445,105,-30020.000000000116,0.7408673434155081,29.523809523809526,33.531,-0.29363756352909354,36254.000000000175
M5,LONDON,15,INCLUDE_NEWS,2.0,0.25,1,159,8926.999999999563,1.3087111387764805,35.84905660377358,6.346338151904872,0.07711013020267654,159,-27264.999999999418,0.5910147753693886,22.641509433962266,28.135281738150457,-0.3339340417818123,36191.99999999898
M1,LONDON,15,INCLUDE_NEWS,1.5,2.0,1,159,24210.000000000073,1.1435176951805088,49.056603773584904,36.70957970465733,0.07834117400081189,159,-11944.999999999593,0.9384658973830646,39.62264150943396,43.747211292743174,-0.057074029915948676,36154.999999999665
M15,LONDON,15,SKIP_NEWS,2.5,1.0,1,107,10374.999999999825,1.1331493839835702,40.18691588785047,15.75579845374576,0.24597067845898477,107,-25665.00000000006,0.7720287795345532,27.102803738317753,31.319999999999997,-0.24613354978244434,36039.99999999988
M1,LONDON,30,INCLUDE_NEWS,1.5,1.0,3,305,7379.9999999994325,1.0319176541821615,46.885245901639344,27.888888888889152,0.0873386238244245,327,-28649.999999999418,0.9001185329800606,36.69724770642202,54.2730867643637,-0.08957213834912822,36029.99999999885
M1,LONDON,15,INCLUDE_NEWS,1.0,1.5,1,159,7939.999999999447,1.0603251785442904,53.459119496855344,34.530000000000115,0.048403769881054104,159,-28074.99999999955,0.8179666731504917,42.76729559748428,45.68104941836456,-0.11015852524076022,36014.999999998996
M5,LONDON,60,INCLUDE_NEWS,1.0,1.0,2,237,28030.000000000015,1.1456406526031384,54.43037974683544,14.195533812041242,0.08927239716124946,225,-7980.000000000495,0.9624081401921972,46.22222222222222,21.836180124223826,-0.062137618399192615,36010.00000000051
M15,LONDON,30,SKIP_NEWS,1.0,0.75,1,106,16779.00000000006,1.3223135733220646,61.32075471698113,12.479925400196931,0.22641509433962143,106,-19170.999999999796,0.7935627678590671,38.67924528301887,26.01078701592265,-0.22037480496295325,35949.999999999854
M1,LONDON,30,SKIP_NEWS,3.0,0.75,2,167,-421.9999999998545,0.9963320295523704,34.13173652694611,19.381274737545034,0.03985192424141893,189,-36283.999999999185,0.7752171381134735,24.33862433862434,50.51334101067619,-0.18416998022403366,35861.99999999933
M5,LONDON,15,INCLUDE_NEWS,2.5,1.0,2,249,-5365.000000000087,0.9709686147186144,32.53012048192771,37.75500000000026,-0.014303803877261365,264,-41044.99999999971,0.8364480395282128,27.27272727272727,59.85438226943833,-0.1744592067464091,35679.99999999962
M15,LONDON,15,INCLUDE_NEWS,1.5,0.5,2,283,21873.999999999505,1.2399648949591302,48.0565371024735,12.577603449619588,0.1998038848066208,275,-13713.999999999578,0.9186716085989648,35.63636363636364,30.874499019156904,-0.12454397218590649,35587.99999999908
M1,LONDON,60,SKIP_NEWS,3.0,0.25,2,199,28460.999999999927,1.4046146628566551,33.66834170854271,6.514483434380713,0.3365022768171466,197,-7016.999999999767,0.9268132418281592,21.31979695431472,22.450178720070387,-0.14225402641268103,35477.999999999694
M1,LONDON,15,INCLUDE_NEWS,2.0,2.0,3,206,11489.999999999738,1.0538551675650325,44.66019417475729,47.3161227471993,0.044624121077982644,229,-23949.99999999904,0.9083919828641408,38.864628820960704,66.98613059061819,-0.06169367630897583,35439.99999999878
M15,LONDON,15,INCLUDE_NEWS,2.0,2.0,1,159,13999.999999999942,1.0770967564293181,49.685534591194966,35.21359669269635,0.1843270988763232,159,-21369.999999999593,0.894013787630811,35.22012578616352,35.02914155882628,-0.13820011999294354,35369.999999999534
M5,LONDON,60,INCLUDE_NEWS,1.0,0.25,2,288,20101.000000000407,1.2985888294711878,59.02777777777778,7.997500781005845,0.17968834370039574,283,-15124.999999999796,0.8783596853838619,42.40282685512368,27.86534543433936,-0.1488497929186317,35226.000000000204
M15,LONDON,15,SKIP_NEWS,2.5,2.0,2,116,-3309.999999999942,0.9735517379145026,45.689655172413794,31.73928444916768,0.08919506819381266,132,-38469.99999999972,0.7683785899211285,33.33333333333333,48.234999999999786,-0.2078031860356963,35159.99999999978
M15,LONDON,30,SKIP_NEWS,1.0,0.5,3,244,21344.99999999978,1.2834284955517177,56.557377049180324,7.761489342566801,0.13720862108750906,225,-13814.999999999578,0.8942189892802487,45.33333333333333,29.817234941534664,-0.08327303236303796,35159.99999999936
M15,LONDON,15,SKIP_NEWS,3.0,0.75,1,107,17077.99999999994,1.272615531965838,36.44859813084112,14.939917286427146,0.3671075261965326,107,-18074.999999999607,0.8194504100448531,22.429906542056074,27.240999999999783,-0.25766960537230327,35152.99999999955
M15,LONDON,15,SKIP_NEWS,3.0,2.0,3,115,960.0000000001164,1.0076196523533616,44.34782608695652,30.774514854885915,0.09000180982409217,137,-33969.999999999854,0.8034143518518526,32.846715328467155,45.607297167546726,-0.18941626951715276,34929.99999999997
M1,LONDON,15,INCLUDE_NEWS,3.0,0.5,1,159,4419.999999998938,1.0634510479471582,23.89937106918239,22.43000000000051,-0.07508236469034293,159,-30489.999999999884,0.6748600373233825,17.61006289308176,32.479890131450084,-0.29210005263140615,34909.99999999882
M1,LONDON,30,SKIP_NEWS,1.5,0.75,2,191,20915.99999999997,1.1872498903322262,45.54973821989529,13.091297022242019,0.11278481517442573,193,-13708.999999999389,0.9026729615562149,35.233160621761655,25.673026532869937,-0.1258027513707446,34624.99999999936
M15,LONDON,30,INCLUDE_NEWS,2.5,0.75,3,232,-6812.00000000064,0.9597444731383566,32.758620689655174,27.14582608618093,0.04003125268850842,277,-41408.999999998996,0.8334687278810925,32.49097472924188,63.32399999999904,-0.08033699983084476,34596.999999998356
M15,LONDON,15,SKIP_NEWS,2.5,0.75,1,107,14616.99999999968,1.242561524037099,41.1214953271028,16.428352752616142,0.3826080838412183,107,-19810.99999999955,0.7988812637050311,23.364485981308412,28.14199999999971,-0.2899551760687481,34427.99999999923
M1,LONDON,15,INCLUDE_NEWS,1.0,1.0,3,411,19659.999999999505,1.089193358134469,53.04136253041363,25.050881953866917,0.05530075682630276,395,-14740.000000000087,0.9411365360808274,48.35443037974684,38.84989429175478,-0.0299089358219402,34399.99999999959
M15,LONDON,15,INCLUDE_NEWS,3.0,0.75,1,159,15691.999999999913,1.1582907983133932,33.9622641509434,24.778119431147523,0.29425567089547966,159,-18697.999999999534,0.8678605249395794,23.270440251572328,27.50043501753782,-0.21438735275678145,34389.99999999945
M15,LONDON,15,SKIP_NEWS,3.0,1.0,1,107,5139.999999999636,1.063574520717373,35.51401869158878,20.401965163019113,0.1936273831250361,107,-29109.99999999987,0.7476376246207208,24.299065420560748,35.30999999999996,-0.30638181974035184,34249.999999999505
M5,LONDON,30,SKIP_NEWS,2.0,0.25,3,280,26511.99999999933,1.4398287932578961,42.5,5.3043086021685335,0.2732264026862252,277,-7720.999999999898,0.9334700524760255,31.046931407942242,22.39313696320546,-0.08811641299125823,34232.99999999923
M15,LONDON,30,SKIP_NEWS,3.0,0.5,1,106,14245.000000000015,1.2588823262153577,33.0188679245283,15.815311131750134,0.2615354168526557,106,-19980.000000000175,0.7762096774193532,19.81132075471698,28.691074419717882,-0.3534634876513961,34225.00000000019
M15,LONDON,15,SKIP_NEWS,2.5,0.5,1,107,17690.000000000262,1.4472253823789774,40.18691588785047,8.1000632200056,0.39255523950096805,107,-16415.999999999825,0.7996093750000017,20.5607476635514,27.742999999999796,-0.3313069489615733,34106.00000000009
M5,LONDON,15,SKIP_NEWS,1.0,0.5,2,206,10999.999999999913,1.2043280393795832,54.85436893203883,6.90661478599221,0.09791086779717165,202,-22929.99999999923,0.7628380824326478,43.06930693069307,27.999216531191166,-0.1434145319293794,33929.99999999914
M15,LONDON,15,INCLUDE_NEWS,3.0,1.0,1,159,5789.999999999549,1.0458722864839136,35.22012578616352,25.314450759340534,0.21076677735858557,159,-28079.999999999665,0.8264845825866665,26.41509433962264,31.810000000000016,-0.23168219462138787,33869.999999999214
M5,LONDON,60,SKIP_NEWS,1.5,0.5,3,221,14439.999999999302,1.1226014603497987,44.79638009049774,15.033052289910223,0.10277112836745203,212,-19323.999999999243,0.8759054713588545,34.90566037735849,31.4839999999994,-0.13017124380992975,33763.999999998545
M1,LONDON,60,SKIP_NEWS,2.5,0.75,3,163,-3338.9999999999127,0.9749045485975417,38.036809815950924,27.74143872737721,0.010862353298543017,207,-37098.99999999972,0.8091124260355038,32.367149758454104,52.0519999999997,-0.15759470416398907,33759.99999999981
M15,LONDON,30,INCLUDE_NEWS,3.0,0.5,2,248,2839.9999999998836,1.021601886361907,29.03225806451613,21.387005242148867,0.06174343703697283,261,-30905.000000000102,0.8463737137744187,25.67049808429119,47.03500000000016,-0.15677929212345562,33744.999999999985
M1,LONDON,60,SKIP_NEWS,3.0,0.5,3,201,9535.000000000116,1.0748459515679591,33.83084577114428,15.005907837731389,0.1161303543112354,233,-24134.999999999505,0.8642957548495942,27.038626609442062,38.74499999999997,-0.14069304339733876,33669.99999999962
M15,LONDON,30,SKIP_NEWS,3.0,0.75,1,106,4222.000000000204,1.0523782348708564,33.0188679245283,15.784685898220962,0.09335970669599464,106,-29246.999999999913,0.742679922576104,22.641509433962266,34.022999999999925,-0.30230894465108926,33469.00000000012
M1,LONDON,60,INCLUDE_NEWS,3.0,0.5,3,290,-6039.999999999098,0.968918049659081,32.41379310344827,23.350552265759223,0.06985933917302269,350,-39459.999999999745,0.8560221841135481,27.42857142857143,63.025540275049075,-0.11744146463665595,33420.00000000065
M15,LONDON,30,SKIP_NEWS,2.5,1.0,2,137,-11039.999999999302,0.9081148564294689,36.496350364963504,25.649722693312643,-0.03165034503170578,154,-44429.9999999994,0.7396883056011275,30.519480519480517,51.38999999999939,-0.17149147451288882,33390.0000000001
M15,LONDON,60,INCLUDE_NEWS,3.0,0.25,3,302,27134.00000000013,1.2514689255064804,32.450331125827816,11.210559963897621,0.2650360908461388,308,-6195.000000000087,0.9669827158914661,26.948051948051948,26.894533009096815,-0.09634765939438959,33329.00000000022
M5,LONDON,15,SKIP_NEWS,3.0,0.25,3,284,16911.999999999578,1.292995616846547,29.225352112676056,5.67734087844055,0.1578789863055138,288,-16331.999999999622,0.8633122426433691,21.180555555555554,22.07699999999962,-0.20603198350686508,33243.9999999992
M1,LONDON,60,SKIP_NEWS,2.5,0.25,2,200,26827.00000000016,1.4057810987415311,37.0,7.09407518894344,0.28225105256251526,198,-6364.999999999549,0.930676570532373,25.252525252525253,20.93812889257674,-0.10688213972699548,33191.99999999971
M5,LONDON,30,INCLUDE_NEWS,2.5,0.75,2,245,-1660.9999999992579,0.9905587986199176,33.87755102040816,28.587932524326533,0.04988984807892614,267,-34767.999999999054,0.850004745593073,29.588014981273407,61.09599999999941,-0.10190162093037973,33106.999999999796
M5,LONDON,60,INCLUDE_NEWS,1.0,0.5,2,276,19559.999999999825,1.1486435139448272,56.52173913043478,16.28971107334289,0.1246140630569842,270,-13529.999999999782,0.9255099512759112,44.074074074074076,32.70518682739805,-0.10334562814236069,33089.99999999961
M15,LONDON,15,INCLUDE_NEWS,3.0,2.0,1,159,22979.99999999984,1.1243035646670623,47.79874213836478,37.04523580365728,0.2024976032565687,159,-10059.999999999505,0.9501066309576973,35.22012578616352,30.768561989219172,-0.11717704696764418,33039.999999999345
M15,LONDON,30,SKIP_NEWS,2.0,0.25,2,189,16997.000000000597,1.4045267391770189,44.44444444444444,8.809436395643184,0.3333333333333452,185,-15778.00000000048,0.8357587491932591,27.027027027027028,24.93716838871867,-0.21592303604677263,32775.00000000108
M15,LONDON,15,INCLUDE_NEWS,1.5,0.25,2,285,10363.999999999229,1.2230016137708275,43.15789473684211,5.47366453241112,0.08006610240728555,282,-22331.999999999098,0.8289587561750905,33.687943262411345,27.290999999999244,-0.1574843013071232,32695.999999998327
M1,LONDON,60,SKIP_NEWS,1.5,0.25,2,201,15545.000000001295,1.2737325890577653,46.26865671641791,8.381010612744149,0.1536310725529954,201,-17133.999999999898,0.7994968111871752,33.83084577114428,25.51790958307545,-0.14760273181209976,32679.000000001193
M5,LONDON,15,SKIP_NEWS,3.0,1.0,1,107,15779.999999999665,1.1987155270117074,30.8411214953271,14.688530279368436,0.02031745753115024,107,-16729.999999999665,0.8455359615917296,27.102803738317753,28.837077591089233,-0.07359987229111153,32509.99999999933
M15,LONDON,15,SKIP_NEWS,3.0,2.0,2,115,960.0000000001164,1.0076196523533616,44.34782608695652,30.774514854885915,0.09000180982409217,132,-31479.999999999854,0.8104642061532911,33.33333333333333,41.96840349327833,-0.1906177852296067,32439.99999999997
M1,LONDON,60,SKIP_NEWS,1.5,0.25,3,285,16443.00000000086,1.2007937477103539,45.26315789473684,12.456175167030654,0.12944886659036817,279,-15995.999999999302,0.8571224409589535,37.634408602150536,26.049289341596836,-0.07015988803559349,32439.00000000016
M15,LONDON,30,SKIP_NEWS,2.5,1.0,3,142,-12829.99999999933,0.8950511247443818,35.91549295774648,25.814731631296794,-0.048958553418035115,168,-45119.999999999345,0.7503596326214479,32.142857142857146,54.87999999999933,-0.13109809572419034,32290.000000000015
M15,LONDON,15,INCLUDE_NEWS,1.0,2.0,3,220,26669.999999999214,1.1369799691833549,59.09090909090909,44.286861118544536,0.14756067440617784,198,-5599.999999999316,0.9744140357289744,42.92929292929293,37.59071117561646,-0.10040177594114887,32269.99999999853
M1,LONDON,15,SKIP_NEWS,2.0,0.5,3,286,14004.999999998705,1.1332730646619287,35.31468531468531,9.231765413255733,0.046008562775610745,287,-18159.999999998312,0.8648306661704619,31.010452961672474,25.12748965649834,-0.09681639287683184,32164.999999997017
M1,LONDON,15,INCLUDE_NEWS,3.0,1.5,3,236,6099.999999999491,1.0275581658007658,37.71186440677966,40.75984764476192,0.02804308392224015,274,-25969.99999999914,0.9065995324581941,31.751824817518248,57.00833657293406,-0.1048862624907276,32069.999999998632
M15,LONDON,15,INCLUDE_NEWS,2.5,0.5,2,271,17587.00000000003,1.1641114169738271,35.42435424354243,16.630879481130002,0.2056167859426523,274,-14365.999999999622,0.9244967677510922,26.277372262773724,38.66787021547933,-0.17590441920510855,31952.99999999965
M15,LONDON,30,INCLUDE_NEWS,2.0,0.5,3,311,23760.000000000407,1.1679983030474475,37.942122186495176,11.76145521528903,0.11473222189515754,312,-8169.99999999952,0.9622737347617312,33.01282051282051,35.94689479843406,-0.08578292859441647,31929.999999999927
M15,LONDON,15,SKIP_NEWS,1.5,0.5,1,107,13395.000000000058,1.4148343140291144,52.336448598130836,8.170256574101197,0.30819483199487735,107,-18461.999999999563,0.7479074213149498,30.8411214953271,28.644926389108544,-0.2574599528906307,31856.99999999962
M1,LONDON,15,SKIP_NEWS,1.0,0.75,1,107,13407.999999999738,1.3323500979104068,55.140186915887845,8.15283380987811,0.10280373831776103,107,-18436.999999999476,0.7073352699334967,43.925233644859816,24.309192359695793,-0.12255887735867409,31844.999999999214
M15,LONDON,15,INCLUDE_NEWS,1.0,0.5,2,284,15089.999999999593,1.1980444911083368,55.633802816901415,13.480149683857737,0.11531366417599369,278,-16739.999999999214,0.8881016042780804,43.52517985611511,26.489005388087506,-0.12482402154148649,31829.999999998807
M5,LONDON,15,INCLUDE_NEWS,3.0,0.25,2,304,21432.999999999316,1.3425279273808035,30.263157894736842,7.000784269259628,0.2105289959445342,308,-10372.99999999936,0.9193202146690548,20.454545454545457,20.427038243772024,-0.21719374270491326,31805.999999998676
M5,LONDON,15,INCLUDE_NEWS,1.0,0.75,2,299,18764.999999999534,1.154333933726462,55.18394648829431,8.75490623637152,0.10409029435931855,297,-12961.999999999432,0.9272957752798933,45.11784511784512,26.92035023431808,-0.095234685219472,31726.999999998967
M15,LONDON,15,INCLUDE_NEWS,2.0,0.25,2,285,9058.999999999782,1.1702595523145438,36.84210526315789,9.419743782969046,0.10558955528354039,281,-22644.999999998545,0.8366220554814129,27.402135231316727,33.90469430429437,-0.2028922300593807,31703.999999998327
M5,LONDON,30,SKIP_NEWS,2.0,0.25,2,200,20319.999999999432,1.4666329858080986,43.5,6.349369782148011,0.30485294117646033,199,-11362.999999999694,0.8689826932168064,29.145728643216078,20.201318297331238,-0.14209374351913964,31682.999999999127
M5,LONDON,30,INCLUDE_NEWS,2.0,0.5,2,286,-6910.0000000002765,0.9525509853738907,33.91608391608392,19.85640356193797,0.0019284223639933103,283,-38589.999999999534,0.8001243072460785,28.26855123674912,49.39237798950024,-0.19034658383463607,31679.999999999258
M1,LONDON,15,INCLUDE_NEWS,1.0,0.75,1,159,14680.999999999942,1.2281110644975792,54.088050314465406,12.690530513641557,0.08176100628931081,159,-16966.999999999534,0.811672382982034,45.911949685534594,26.091381081157344,-0.08247672878854143,31647.999999999476
M15,LONDON,15,INCLUDE_NEWS,2.0,0.75,2,254,38781.999999999185,1.3058469109319981,42.91338582677165,12.649154579151517,0.25212694023271504,261,7275.000000001048,1.0356895815856528,33.71647509578544,31.146607068515465,-0.07751500570936662,31506.999999998137
M15,LONDON,15,INCLUDE_NEWS,1.0,1.5,1,159,6374.999999999811,1.0482680295286761,57.23270440251572,35.585355667950545,0.12832169459957565,159,-25114.999999999636,0.8519293694543545,38.9937106918239,37.26910994764382,-0.1917638453450091,31489.999999999447
M1,LONDON,30,SKIP_NEWS,1.5,0.5,2,199,18953.99999999933,1.2303177592806254,47.23618090452261,12.09320221552115,0.1848438989219867,198,-12448.999999999389,0.8796151242626492,36.36363636363637,19.655189448203718,-0.08768560327784639,31402.99999999872
M15,LONDON,60,INCLUDE_NEWS,3.0,0.25,2,261,29406.000000000073,1.3090716080005897,33.33333333333333,10.580012776872138,0.30828209192119754,259,-1989.9999999996362,0.9874795520322152,26.640926640926644,25.242718446601952,-0.11312789730954428,31395.99999999971
M1,LONDON,15,SKIP_NEWS,2.0,0.5,1,107,13774.999999999112,1.37004701141703,34.57943925233645,8.483709892717789,0.03738317757009754,107,-17614.999999999418,0.6888084091511434,27.102803738317753,25.18913676042653,-0.1870404984423495,31389.99999999853
M5,LONDON,15,INCLUDE_NEWS,2.0,0.5,2,298,12984.999999999141,1.1167768334907073,36.241610738255034,12.554564433478937,0.07500698165635143,297,-18379.99999999914,0.8915890055444186,28.28282828282828,27.85404957154653,-0.18264410052299995,31364.999999998283
M15,LONDON,30,SKIP_NEWS,2.5,0.25,3,241,15528.000000000655,1.2622840058780942,34.85477178423236,14.217199921161521,0.21591630901820036,237,-15798.00000000016,0.8719046460715137,25.738396624472575,25.261998821608955,-0.15683050341835347,31326.000000000815
M15,LONDON,15,INCLUDE_NEWS,2.5,1.5,1,159,6076.000000000291,1.0374241630993835,43.39622641509434,37.85048951980426,0.19079755341596155,159,-25182.999999999665,0.8659694502102309,31.446540880503143,33.75899999999974,-0.16603298592470098,31258.999999999956
M1,LONDON,60,INCLUDE_NEWS,1.0,0.25,2,302,11664.000000001164,1.1542755108789264,54.966887417218544,9.300045392646469,0.0996524917433335,299,-19527.000000000073,0.8254023605150187,42.474916387959865,24.224978298394664,-0.1489698570205468,31191.000000001237
M5,LONDON,60,SKIP_NEWS,2.5,0.5,2,165,2546.9999999998545,1.0238282346337337,34.54545454545455,20.599238804761598,0.08492453361244276,170,-28626.999999999563,0.805977837269988,25.294117647058822,38.71299999999973,-0.24400883753021804,31173.999999999418
M5,LONDON,60,SKIP_NEWS,2.5,0.25,3,242,30828.999999999724,1.39437898965089,38.01652892561984,9.808690516892817,0.310986671672808,238,-312.99999999908323,0.9974755214298462,26.05042016806723,18.43220920969452,-0.10758484894315413,31141.999999998807
M15,LONDON,60,INCLUDE_NEWS,2.0,0.75,1,156,-5489.999999999811,0.961154194497907,40.38461538461539,17.12390687516205,0.03993247793785598,156,-36548.99999999999,0.7985337485874925,32.69230769230769,46.18200000000003,-0.21542875563428523,31059.000000000182
M5,LONDON,30,SKIP_NEWS,1.5,1.5,3,143,-11341.99999999997,0.9211183364050503,47.55244755244755,25.474491169127617,0.009596241445998572,155,-42209.999999999796,0.7657342657342663,36.774193548387096,57.902999999999786,-0.12061544957115723,30867.999999999825
M1,LONDON,60,INCLUDE_NEWS,1.0,0.25,3,430,13057.000000000815,1.1207684339043322,54.88372093023256,13.29821513631638,0.09852548136465254,423,-17802.000000000087,0.8797430302702755,45.8628841607565,29.302406226520418,-0.08246150195349497,30859.000000000902
M1,LONDON,15,INCLUDE_NEWS,1.5,0.75,3,405,14581.00000000003,1.0718424501621022,42.22222222222222,26.421724950990306,0.04408603559652235,409,-16246.999999999302,0.9328083837535854,37.65281173594132,31.337254308772422,-0.0654340064178794,30827.99999999933
M15,LONDON,60,INCLUDE_NEWS,2.0,0.5,1,156,14880.000000000407,1.1459252721388689,39.743589743589745,14.13053613053612,0.15036525656288052,156,-15914.999999999724,0.8875066266124778,30.128205128205128,33.41786541908955,-0.20417111961026466,30795.00000000013
M1,LONDON,15,INCLUDE_NEWS,3.0,0.25,1,159,7327.999999999112,1.2154533693990053,23.89937106918239,5.963900170755485,-0.04402515723274617,159,-23425.99999999965,0.585475908198119,17.61006289308176,24.831550722773272,-0.2974892600923243,30753.999999998763
M5,LONDON,15,SKIP_NEWS,1.0,0.5,3,286,11239.999999999825,1.1459361204881824,55.59440559440559,9.422205438066424,0.11573332642940616,278,-19469.999999999083,0.8483762946811069,44.96402877697842,26.32856102887555,-0.10528025377028394,30709.99999999891
M1,LONDON,15,INCLUDE_NEWS,2.5,1.5,3,242,11722.999999999563,1.0526237823764397,38.84297520661157,48.259584113531375,0.03565732518359375,275,-18958.999999999025,0.9316139737046222,32.36363636363636,53.910544922209304,-0.11201064487241078,30681.99999999859
M15,LONDON,60,INCLUDE_NEWS,2.5,0.25,3,306,22149.99999999978,1.21130657101427,36.27450980392157,10.365559270156849,0.246559064820738,308,-8521.000000000364,0.9538802108704336,28.246753246753247,31.087049437241753,-0.12951562229289787,30671.000000000146
M1,LONDON,30,SKIP_NEWS,2.0,0.5,2,197,19475.000000000073,1.2143525397611572,39.59390862944163,11.363835185023134,0.17626772605276458,198,-11194.999999999462,0.9010911339841892,29.797979797979796,19.28262153119456,-0.11047675218856319,30669.999999999534
M1,LONDON,15,INCLUDE_NEWS,2.0,2.0,2,198,12379.999999999709,1.0590001429728813,44.44444444444444,47.31943771206989,0.049125560368531655,212,-18159.9999999993,0.9266440458878686,38.67924528301887,60.34644928672181,-0.05983037082518377,30539.99999999901
M5,LONDON,30,INCLUDE_NEWS,1.5,0.75,2,274,6350.999999999243,1.0368415251730072,42.700729927007295,16.745245088496027,0.03637366272816166,274,-24105.999999999214,0.8913336488831813,34.306569343065696,45.59234794544004,-0.1580644491366529,30456.999999998457
M15,LONDON,30,SKIP_NEWS,1.0,0.5,2,188,18840.000000000015,1.3233779608650884,57.97872340425532,7.584937839414755,0.1691994428317776,183,-11564.999999999694,0.8953677734551734,44.80874316939891,28.387540532573368,-0.10036952201402902,30404.99999999971
M1,LONDON,60,INCLUDE_NEWS,2.5,0.75,1,158,-11168.999999999825,0.9258351759995233,36.708860759493675,29.67600729024265,-0.0005783900485271602,158,-41525.000000000015,0.7726700389786707,26.582278481012654,50.35600000000011,-0.24853191853261344,30356.00000000019
M15,LONDON,60,INCLUDE_NEWS,2.5,0.5,3,242,4481.0,1.0294899638038824,33.88429752066116,15.721669910094088,0.07982897549430544,274,-25829.999999999724,0.8868866457927359,32.11678832116788,40.99499999999983,-0.12910246390876504,30310.999999999724
M1,LONDON,60,SKIP_NEWS,3.0,0.5,2,174,9360.00000000003,1.0810389610389617,33.33333333333333,13.593394758884802,0.13114610905335153,183,-20894.999999999738,0.8604394870424809,23.497267759562842,29.615000000000073,-0.18512880236681575,30254.999999999767
M15,LONDON,30,SKIP_NEWS,1.5,0.25,3,246,13950.000000001135,1.284542895606438,49.1869918699187,11.442495860303904,0.2301025254892104,238,-16254.000000000466,0.8533456041576399,34.03361344537815,25.350612462276445,-0.1484915644223391,30204.0000000016
M15,LONDON,15,INCLUDE_NEWS,3.0,0.25,2,284,11226.99999999981,1.186411410164874,29.225352112676056,8.718269607934573,0.1690140845070217,281,-18894.99999999901,0.872706082082519,20.640569395017792,41.70808433005637,-0.2547226963212021,30121.99999999882
M1,LONDON,60,INCLUDE_NEWS,2.0,0.75,1,158,-1032.0000000000146,0.9928080616611143,40.50632911392405,22.92639537469424,0.0485023617049505,158,-30933.999999999636,0.8276273264237177,27.848101265822784,38.27999999999982,-0.22340452501525376,29901.99999999962
M1,LONDON,15,SKIP_NEWS,3.0,1.0,1,107,6339.999999999491,1.0760465395226033,26.168224299065418,17.932342081628793,-0.1401404718570075,107,-23509.99999999949,0.7702755520813013,25.233644859813083,32.21244189496561,-0.11992246307504506,29849.99999999898
M5,LONDON,60,SKIP_NEWS,1.0,1.0,1,105,18689.999999999854,1.2107577807848435,59.04761904761905,12.09882427708919,0.15352891195267424,105,-11070.00000000035,0.9018877957989871,41.904761904761905,25.47999999999994,-0.09876797006241012,29760.000000000204
M1,LONDON,15,SKIP_NEWS,2.5,1.0,1,107,12224.999999999302,1.1523364485981207,29.906542056074763,20.07500000000038,-0.06251309275119026,107,-17444.99999999987,0.8231447688564482,29.906542056074763,28.523364485981244,-0.028238191454355757,29669.99999999917
M15,LONDON,15,SKIP_NEWS,1.0,2.0,1,107,21440.000000000116,1.2222222222222232,61.6822429906542,26.671046148793,0.200949138485347,107,-8179.999999999942,0.933775906735752,41.1214953271028,22.76999999999971,-0.14097947326274135,29620.00000000006
M5,LONDON,15,SKIP_NEWS,3.0,0.25,1,107,15044.999999999534,1.7614637109018814,30.8411214953271,4.269458171986721,0.23364485981308053,107,-14550.999999999563,0.6875858811405096,16.822429906542055,16.02727536318804,-0.32843791722294446,29595.999999999098
M1,LONDON,15,INCLUDE_NEWS,3.0,0.75,1,159,8970.999999999476,1.0891138284874136,25.78616352201258,26.655573715613855,-0.0369573697742241,159,-20544.999999999563,0.8340093074362565,21.38364779874214,30.630614899728272,-0.16186942028896434,29515.99999999904
M5,LONDON,30,INCLUDE_NEWS,3.0,0.5,2,272,-5269.999999999985,0.964840883314431,27.941176470588236,20.092188258127415,0.02579071779166167,282,-34744.99999999975,0.8300977995110026,23.404255319148938,52.65970730732731,-0.19154618226891282,29474.999999999767
M5,LONDON,15,INCLUDE_NEWS,2.5,0.5,2,289,22213.999999999272,1.1977654128644502,32.17993079584775,10.05491811317044,0.09221804460878323,296,-7258.9999999992,0.9584452013624571,25.675675675675674,25.08877273316365,-0.15230723982054492,29472.999999998472
M15,LONDON,15,INCLUDE_NEWS,2.5,2.0,1,159,13419.999999999927,1.0729228930065744,48.42767295597484,36.57702176185488,0.1822056328280281,159,-15859.999999999374,0.9213410702772435,35.22012578616352,33.11907514450853,-0.12919073332108752,29279.9999999993
M15,LONDON,15,INCLUDE_NEWS,2.5,1.0,1,159,7884.999999999884,1.0639549030740523,38.36477987421384,28.09603472442016,0.21456639950704398,159,-21319.99999999978,0.8653785439161467,28.930817610062892,28.78507335137425,-0.17038849560411282,29204.999999999665
M15,LONDON,15,INCLUDE_NEWS,1.0,0.25,3,373,13229.999999998443,1.2762350190002594,56.03217158176944,3.3075808788024927,0.12160088087938223,370,-15913.999999998574,0.8894577078832842,44.054054054054056,25.245329307415915,-0.11989685336089115,29143.999999997017
M15,LONDON,60,INCLUDE_NEWS,2.5,0.25,2,263,24708.99999999965,1.2689649166730135,37.26235741444867,10.411345425038629,0.2865891820542206,259,-4370.000000000087,0.9720975373043789,27.7992277992278,26.565070873623988,-0.15389238338012484,29078.999999999738
M5,LONDON,30,INCLUDE_NEWS,1.5,0.5,3,390,17190.0000000007,1.1046894031668748,43.333333333333336,15.402145654391685,0.07722041638460367,378,-11888.000000000058,0.9487088771437814,35.714285714285715,38.73060853184381,-0.11400913491791106,29078.000000000757
M5,LONDON,30,INCLUDE_NEWS,1.5,1.0,2,250,3475.0000000000146,1.017408947447523,46.0,30.952699389238404,0.07767267522191545,251,-25584.999999999418,0.8912387349090307,38.24701195219124,46.71561429270632,-0.09073458260899511,29059.999999999432
M1,LONDON,30,SKIP_NEWS,1.5,1.5,2,138,-519.9999999999127,0.9961538461538471,50.72463768115942,22.74299999999981,0.0544031191897906,154,-29545.999999999884,0.8267249215611534,37.01298701298701,42.9622337079881,-0.1062283671799262,29025.99999999997
M5,LONDON,30,INCLUDE_NEWS,2.5,0.25,2,292,18313.000000000073,1.2434009410138493,34.24657534246575,9.111797660949675,0.19151626381878553,296,-10456.00000000003,0.9251195966656157,26.013513513513516,23.11230465960081,-0.11972947393084482,28769.000000000102
M15,LONDON,15,INCLUDE_NEWS,2.5,0.25,2,285,10710.999999999753,1.1873338463691037,33.33333333333333,8.09406643323547,0.16669907902510595,281,-18027.999999998952,0.8745738656128744,23.131672597864767,34.59999639555163,-0.22983855226009406,28738.999999998705
M5,LONDON,15,SKIP_NEWS,1.5,0.5,2,202,19677.999999999665,1.3161124497991938,46.03960396039604,6.385532685269059,0.14882151320661013,200,-8955.999999999534,0.9147088233893668,36.0,19.79145644130475,-0.10979135526234632,28633.9999999992
M5,LONDON,15,SKIP_NEWS,1.5,0.5,1,107,13841.999999999942,1.4312149532710285,44.85981308411215,4.729729729729819,0.12166920010903384,107,-14744.999999999447,0.7503597731313021,32.71028037383177,17.50804015203186,-0.18225849358877114,28586.99999999939
M15,LONDON,15,SKIP_NEWS,1.0,0.5,2,193,7305.0,1.137765205091939,56.994818652849744,14.656195781207327,0.14398487370975693,189,-20549.99999999955,0.8084362619436076,41.7989417989418,26.83810753115219,-0.15882523435008689,27854.99999999955
M1,LONDON,60,INCLUDE_NEWS,1.5,0.25,2,297,11460.000000001397,1.1258386498149926,45.79124579124579,12.789797270191025,0.14265776383168327,298,-16179.999999999724,0.873690455744822,34.22818791946309,32.59233771290385,-0.13984371718707797,27640.00000000112
M1,LONDON,15,INCLUDE_NEWS,2.0,0.75,3,377,2187.0000000005093,1.0108193947669173,34.217506631299734,20.161164897546875,-0.017025872452356587,401,-25399.999999998923,0.901888833095141,30.174563591022448,41.432249702234536,-0.11033127729997108,27586.999999999432
M1,LONDON,15,INCLUDE_NEWS,3.0,1.5,2,222,5884.999999999607,1.0274122551645413,37.38738738738739,39.36170212765976,0.023774473857166644,239,-21674.99999999949,0.9134523239099205,30.962343096234306,49.14187887866473,-0.11660735463535483,27559.999999999098
M15,LONDON,60,INCLUDE_NEWS,2.5,0.5,2,227,1658.000000000029,1.0113924485518948,33.92070484581498,14.534899818186952,0.08633829249960265,244,-25875.999999999738,0.8785990757465586,31.147540983606557,41.12299999999989,-0.1445970410032066,27533.999999999767
M15,LONDON,30,SKIP_NEWS,2.5,0.25,2,188,17893.000000000684,1.391043993268809,37.765957446808514,10.727869825778603,0.32184240760178595,185,-9619.000000000568,0.9030137428286181,23.783783783783786,26.074000000000293,-0.21097198977129375,27512.00000000125
M1,LONDON,30,SKIP_NEWS,1.0,1.5,1,106,12629.99999999968,1.1266038492381685,58.490566037735846,24.095942654964865,0.14828316446870277,106,-14479.99999999997,0.8759477404155064,42.45283018867924,29.6089883632798,-0.120510512292466,27109.99999999965
M1,LONDON,15,SKIP_NEWS,3.0,0.5,2,196,13704.999999999214,1.170481403159587,28.061224489795915,12.19207082371074,0.0696462040732865,203,-13399.999999998967,0.8775360994333855,22.660098522167488,22.570740233359643,-0.12144223110123784,27104.99999999818
M5,LONDON,30,SKIP_NEWS,1.5,1.5,2,137,-12711.99999999997,0.9100926515312268,47.44525547445255,25.945711674533783,0.01463738464035823,146,-39739.99999999987,0.7715304127860177,36.3013698630137,54.392999999999795,-0.12584775289605749,27027.999999999898
M1,LONDON,15,INCLUDE_NEWS,2.0,0.5,1,159,12149.999999998996,1.2035857908847005,35.22012578616352,16.93587387561693,0.056603773584898265,159,-14814.999999999796,0.8189649905297284,28.930817610062892,25.746215196523725,-0.13243277732202008,26964.999999998792
M15,LONDON,60,SKIP_NEWS,2.0,0.75,3,141,5314.000000000116,1.0465772635638544,41.843971631205676,18.484889443680196,0.0926129177312582,167,-21457.99999999981,0.8688274057682209,32.93413173652694,34.05400000000003,-0.1734094374466155,26771.999999999927
M15,LONDON,60,INCLUDE_NEWS,2.5,0.75,3,187,-9169.00000000003,0.9436492474479611,36.898395721925134,25.777691718372314,0.017803789411459728,244,-35859.99999999949,0.853662517853501,35.24590163934426,50.51899999999959,-0.11888275828639601,26690.99999999946
M1,LONDON,15,INCLUDE_NEWS,1.5,1.0,1,159,-3475.0000000001455,0.9693778639407815,39.62264150943396,30.484999999999896,-0.024370390872491078,159,-30149.999999999796,0.7732741765679059,33.9622641509434,39.34454883111213,-0.1564881111875919,26674.99999999965
M5,LONDON,15,INCLUDE_NEWS,2.0,0.25,2,306,17178.999999999112,1.312567093029583,38.23529411764706,4.27662479783844,0.14792804790343828,308,-9483.999999998952,0.9194263673899457,28.57142857142857,19.00293802173159,-0.15882945614334454,26662.999999998065
M1,LONDON,15,INCLUDE_NEWS,2.5,1.5,2,225,14517.999999999622,1.0679618013294616,39.111111111111114,44.5844023817594,0.044383631451860625,240,-12056.999999999258,0.9516995493239885,31.666666666666664,46.55303087720351,-0.11610937017348487,26574.99999999888
M1,LONDON,60,SKIP_NEWS,1.0,0.25,2,204,9857.000000000917,1.2016076249693397,54.90196078431373,8.499028783330475,0.09850515934552291,202,-16715.00000000035,0.7759143071643017,42.07920792079208,21.319000000000262,-0.15628989444413002,26572.000000001266
M15,LONDON,15,SKIP_NEWS,3.0,0.5,1,107,18075.000000000116,1.4314872284554856,36.44859813084112,10.739019900061352,0.42296271304573996,107,-8444.99999999965,0.8978592162554464,19.626168224299064,27.174999999999837,-0.2998111137297167,26519.999999999767
M1,LONDON,15,SKIP_NEWS,2.0,0.5,2,203,17559.99999999885,1.2450460507954046,36.45320197044335,6.073243217333095,0.07467216233411017,204,-8899.999999998603,0.9092299847016967,30.392156862745097,20.02047178150965,-0.0939111843862017,26459.999999997453
M5,LONDON,15,SKIP_NEWS,1.0,0.5,1,107,9154.999999999927,1.3412861136999055,54.20560747663551,5.1264253842341825,0.0853264849661974,107,-17299.999999999607,0.6733075252572994,41.1214953271028,18.195756466689346,-0.1776393215645469,26454.999999999534
M5,LONDON,30,SKIP_NEWS,1.0,1.5,1,106,8989.999999999913,1.0884494293585196,56.60377358490566,27.773842203134713,0.107198270467881,106,-17405.000000000116,0.8602176444605056,41.509433962264154,34.49157962055023,-0.12472675102145253,26395.00000000003
M15,LONDON,15,INCLUDE_NEWS,2.5,0.75,1,159,8350.999999999825,1.0863152454780334,37.10691823899371,27.027601413277758,0.2661557564857367,159,-17930.999999999476,0.8699681646446296,25.78616352201258,28.364521801866548,-0.1983432003110201,26281.9999999993
M1,LONDON,30,INCLUDE_NEWS,1.5,1.0,2,255,-685.000000000291,0.9967160458315342,45.88235294117647,32.05274502345644,0.08421574806909807,266,-26899.99999999994,0.8881636386313561,35.714285714285715,46.3018443965922,-0.12203721703188573,26214.99999999965
M1,LONDON,15,INCLUDE_NEWS,1.5,0.25,2,313,6469.999999998778,1.1195734535844037,40.57507987220447,5.505143942285966,0.014997246741672602,313,-19642.9999999993,0.7722788346723327,35.46325878594249,20.842323038273474,-0.11236844758452275,26112.99999999808
M15,LONDON,60,INCLUDE_NEWS,1.5,1.0,2,189,9885.000000000466,1.0564212328767149,49.735449735449734,19.61104311165517,0.08858825413703675,208,-16170.000000000568,0.9248046874999978,39.90384615384615,33.792589834295605,-0.10433659830463878,26055.000000001033
M1,LONDON,30,SKIP_NEWS,3.0,0.25,3,291,9595.999999998487,1.119439396579602,28.1786941580756,9.868629591800813,0.1273768719023136,290,-16441.0,0.8479220046434625,20.344827586206897,19.990254962014507,-0.19733389315940514,26036.999999998487
M5,LONDON,60,INCLUDE_NEWS,1.5,0.25,2,282,18784.000000000146,1.2295013867337874,49.645390070921984,11.55431830003661,0.235509054135408,282,-7043.999999999796,0.9498954376680484,33.687943262411345,31.754007319382183,-0.15835849614550324,25827.99999999994
M15,LONDON,60,INCLUDE_NEWS,2.5,0.75,2,185,-7969.999999999971,0.9506544324331028,37.2972972972973,25.25824837305604,0.028807073621313337,226,-33654.99999999955,0.8549634769118075,34.95575221238938,49.315999999999605,-0.12244792835642793,25684.999999999578
M15,LONDON,30,SKIP_NEWS,2.0,0.5,1,106,15890.000000000306,1.3279669762641981,42.45283018867924,14.036815068493217,0.27390798655983384,106,-9760.000000000146,0.8842367453445611,25.471698113207548,20.770042678170196,-0.27998946509006717,25650.00000000045
M5,LONDON,60,SKIP_NEWS,1.0,0.5,2,184,11044.999999999534,1.1299182497206324,56.52173913043478,13.679621012032028,0.12327776444343755,179,-14349.99999999968,0.881223358026737,43.575418994413404,25.815758058097575,-0.11380975048343249,25394.999999999214
M5,LONDON,60,SKIP_NEWS,2.5,0.25,2,185,27086.999999999927,1.4563865815234809,38.37837837837838,5.945717439466268,0.3222649458993307,184,1708.0000000004802,1.0172715413940656,25.0,15.131834482010559,-0.13262907441802413,25378.999999999447
M15,LONDON,15,SKIP_NEWS,2.5,0.25,2,194,6817.000000000204,1.1749653508546878,34.5360824742268,8.05615943763919,0.20873346951254787,190,-18558.9999999993,0.8122622804887966,21.578947368421055,26.37599999999974,-0.28902208724849765,25375.999999999505
M15,LONDON,60,INCLUDE_NEWS,1.5,1.0,3,195,8575.000000000466,1.0478569036722873,49.23076923076923,19.529443764449884,0.07210517321845655,217,-16775.000000000597,0.9239677287766827,40.09216589861751,34.15500000000029,-0.0899344378444462,25350.000000001062
M5,LONDON,60,INCLUDE_NEWS,2.0,0.75,2,211,-17713.99999999984,0.9018897602906647,39.33649289099526,26.593655520135734,0.002926323968752142,243,-43028.99999999975,0.827272544808623,34.15637860082305,59.87199999999972,-0.13671404137321397,25314.999999999913
M15,LONDON,15,SKIP_NEWS,3.0,0.25,2,194,5002.000000000087,1.119937657355237,29.381443298969074,9.72333371441624,0.1752577319587596,190,-20219.999999999272,0.8011212747123095,19.473684210526315,31.620740180554584,-0.3083594343189493,25221.99999999936
M5,LONDON,30,SKIP_NEWS,1.5,0.75,1,106,10929.999999999622,1.164163412436162,47.16981132075472,12.187948477170979,0.1448336962358701,106,-14234.999999999578,0.8443905158561015,30.18867924528302,24.357299260207043,-0.24490239730905333,25164.9999999992
M1,LONDON,15,INCLUDE_NEWS,2.5,0.75,2,277,1405.0000000001455,1.0083983382647423,30.685920577617328,31.404806808840164,0.005352791518780468,290,-23747.99999999914,0.8840078539401617,25.517241379310345,41.68136699928886,-0.13409479026129964,25152.999999999287
M1,LONDON,30,INCLUDE_NEWS,1.5,0.5,3,412,18860.999999999476,1.1080302422819144,44.417475728155345,15.403010268673581,0.10934479734589415,408,-6225.999999999578,0.97015197276955,37.5,19.923580786026445,-0.07480831539150155,25086.999999999054
M15,LONDON,30,INCLUDE_NEWS,2.0,0.75,2,234,-5131.000000000233,0.9688601894727883,36.75213675213676,26.58093950348143,0.03097621998987938,247,-30160.99999999949,0.865124473998419,32.388663967611336,52.02674237567501,-0.12369135846956678,25029.999999999258
M5,LONDON,30,SKIP_NEWS,1.0,0.5,3,278,15439.99999999933,1.1639413888298937,55.03597122302158,11.412208988670821,0.10980899967342489,264,-9559.999999999549,0.9308148791431496,46.96969696969697,25.16476644056343,-0.06331125393441332,24999.99999999888
M15,LONDON,15,SKIP_NEWS,2.0,0.75,1,107,18350.000000000015,1.3290771493131524,45.794392523364486,15.262967492980373,0.35058647476710014,107,-6635.999999999316,0.9295391802930625,27.102803738317753,24.611999999999796,-0.22382878256298291,24985.99999999933
M15,LONDON,60,SKIP_NEWS,1.5,0.75,1,105,3945.9999999999127,1.044290797256798,44.761904761904766,14.972562505656242,0.053510116326401555,105,-20909.0,0.8211055878301485,31.428571428571427,29.085504185245952,-0.2593423872984332,24854.999999999913
M15,LONDON,60,SKIP_NEWS,2.0,0.75,2,134,3718.000000000029,1.0334635393228098,41.7910447761194,19.472631476241514,0.09858403266399345,152,-21012.99999999965,0.8624182386025122,32.23684210526316,31.31499999999974,-0.19011072154332193,24730.99999999968
M5,LONDON,60,SKIP_NEWS,1.0,0.75,1,105,8552.000000000553,1.1157772182059478,57.14285714285714,15.13346043851271,0.13174523231996216,105,-15954.000000000262,0.8414083779001538,40.0,24.28899999999981,-0.17728783608349716,24506.000000000815
M15,LONDON,15,INCLUDE_NEWS,3.0,1.5,1,159,4180.00000000016,1.0253433170642998,41.509433962264154,39.454238106737286,0.17181717213906422,159,-20324.999999999753,0.8918250039916987,31.446540880503143,31.825732048787224,-0.15403268572750284,24504.999999999913
M5,LONDON,15,SKIP_NEWS,2.5,0.25,1,107,13654.999999999432,1.7381879122066897,34.57943925233645,4.396619360221023,0.2102838937529335,107,-10831.999999999534,0.7537510230062817,21.49532710280374,15.398143343135354,-0.24898042400327033,24486.999999998967
M5,LONDON,60,INCLUDE_NEWS,1.0,0.25,3,392,19398.000000000407,1.206803910489454,57.90816326530612,11.798330424939648,0.15761781578851009,380,-5049.999999999709,0.9671805136737056,45.78947368421053,24.919559175513882,-0.07595998449986162,24448.000000000116
M15,LONDON,15,INCLUDE_NEWS,1.5,1.5,1,159,8041.999999999665,1.0537423148890648,49.685534591194966,37.41576352860812,0.1523154911383662,159,-16401.999999999563,0.9082790437578665,35.22012578616352,31.460881528833117,-0.15868333482565086,24443.99999999923
M15,LONDON,30,INCLUDE_NEWS,2.5,0.75,2,222,-8449.000000000291,0.9489572761103849,32.88288288288289,27.58061134256514,0.03558795602256803,246,-32820.9999999992,0.8538925194536975,31.70731707317073,55.14399999999932,-0.07805079956697898,24371.99999999891
M15,LONDON,30,SKIP_NEWS,2.0,1.0,1,106,-7619.999999999331,0.9238304678128816,38.67924528301887,23.978130695131583,0.00533162209889395,106,-31929.999999999825,0.739877800407333,30.18867924528302,39.13999999999972,-0.23179039539870208,24310.000000000495
M1,LONDON,15,INCLUDE_NEWS,2.5,0.25,1,159,3397.9999999991123,1.102451231645883,25.78616352201258,6.020226868935478,-0.09741299469519855,159,-20879.999999999476,0.6148241066981595,21.38364779874214,21.630777154856183,-0.2535570219528119,24277.99999999859
M1,LONDON,60,SKIP_NEWS,2.5,0.75,2,152,-4069.9999999998254,0.9681673132273824,37.5,26.543332771796347,0.01247121493313465,175,-28257.999999999884,0.835464412148314,31.428571428571427,41.57299999999993,-0.15604469955240632,24188.00000000006
M1,LONDON,15,INCLUDE_NEWS,2.5,0.5,2,295,17858.999999998443,1.152270111267412,31.52542372881356,17.337228473086615,0.0841844258179989,303,-6306.999999999243,0.959197800420513,26.4026402640264,20.76754896865674,-0.082978383589435,24165.999999997686
M5,LONDON,30,INCLUDE_NEWS,1.0,1.5,3,261,13024.99999999933,1.0560070519435816,54.02298850574713,32.57517522043864,0.06287391811800183,233,-11134.999999999825,0.952328966521107,45.06437768240343,42.28273959830614,-0.06190904848945661,24159.999999999156
M5,LONDON,15,INCLUDE_NEWS,1.0,0.5,1,159,10114.99999999952,1.2363870063098747,54.71698113207547,9.914087669627879,0.09490524459988943,159,-13954.999999999622,0.8202138624066005,42.138364779874216,22.1171252715421,-0.15758860210864944,24069.99999999914
M1,LONDON,60,SKIP_NEWS,1.5,0.75,1,106,915.0000000001455,1.009862358127555,43.39622641509434,17.30515516294743,0.02935229492908496,106,-23045.000000000116,0.7918980666251266,31.132075471698112,31.332999999999856,-0.2301559424405894,23960.000000000262
M5,LONDON,15,INCLUDE_NEWS,2.5,0.25,3,425,10615.99999999885,1.1231768869292669,31.294117647058822,7.676684480967465,0.09068151195148702,428,-13249.999999999476,0.9229722816482214,24.299065420560748,28.903139391937554,-0.1711508326391108,23865.999999998327
M15,LONDON,30,INCLUDE_NEWS,1.0,0.75,2,270,16920.000000000175,1.1191633213606595,55.18518518518518,16.483683233361678,0.1033573162129909,256,-6936.9999999991705,0.9641909540475567,45.703125,27.18871769205978,-0.08124839223016851,23856.999999999345
M15,LONDON,30,SKIP_NEWS,1.0,1.0,1,106,8850.000000000844,1.1189196452566637,56.60377358490566,18.82069194943445,0.10998933350300304,106,-14930.000000000204,0.8590578684036617,42.45283018867924,32.40273240273251,-0.13301150672221657,23780.000000001048
M5,LONDON,30,SKIP_NEWS,2.5,0.25,2,196,18294.000000000262,1.381681619027756,36.734693877551024,7.52532193210176,0.2855831726105098,198,-5466.999999999898,0.9392832154240855,24.747474747474747,13.937999999999723,-0.1613567930162458,23761.00000000016
M1,LONDON,60,SKIP_NEWS,3.0,0.75,3,152,-7598.9999999998545,0.9400799564734005,36.84210526315789,26.701820524444443,-0.022191197419485966,206,-31350.99999999971,0.8391530536857664,31.55339805825243,52.6519999999997,-0.1575432206088827,23751.999999999854
M15,LONDON,60,SKIP_NEWS,3.0,0.5,2,147,7425.00000000032,1.0805314533622596,32.6530612244898,14.558685845603817,0.13570411553909775,160,-16249.999999999985,0.8830177812972427,27.500000000000004,25.235000000000014,-0.20777412198071823,23675.000000000306
M1,LONDON,15,SKIP_NEWS,1.0,0.75,2,202,11058.999999999942,1.134711428362607,52.97029702970298,10.063310626178566,0.05994381720255128,202,-12483.999999998923,0.8812517835061452,47.524752475247524,18.91030216511991,-0.046001966473408006,23542.999999998865
M1,LONDON,15,INCLUDE_NEWS,2.5,0.5,3,412,7881.999999998647,1.0475779434400676,30.097087378640776,20.61348388468987,0.03007030159406654,423,-15632.999999999156,0.9257339667458474,26.713947990543733,28.146245382178314,-0.09451313212680708,23514.999999997803
M15,LONDON,15,INCLUDE_NEWS,1.0,0.75,1,159,14855.000000000116,1.231004882903619,58.490566037735846,11.654489447824915,0.17018708282126885,159,-8564.999999998952,0.9232031418119305,41.509433962264154,21.37871411020568,-0.17036741475640071,23419.99999999907
M15,LONDON,15,SKIP_NEWS,2.0,2.0,1,107,3810.0000000001746,1.0326310380267227,48.598130841121495,32.289562289562,0.13995406505065713,107,-19429.999999999898,0.8590496916938707,33.64485981308411,32.389999999999795,-0.17752172647240816,23240.000000000073
M15,LONDON,60,SKIP_NEWS,2.5,0.5,2,153,8350.000000000087,1.0900803711095532,34.64052287581699,15.9983923791934,0.12775911975706958,161,-14801.999999999825,0.8930838961320395,28.57142857142857,26.46621687689435,-0.2126842294968028,23151.999999999913
M5,LONDON,15,INCLUDE_NEWS,1.5,0.5,3,414,11548.999999999287,1.0834344747868758,42.51207729468599,10.265179953470588,0.061109048781425576,404,-11478.999999999374,0.9450542086494538,35.396039603960396,29.49964701729621,-0.12240851852426289,23027.99999999866
M1,LONDON,30,SKIP_NEWS,3.0,1.0,2,148,-12730.00000000019,0.9001803497216326,37.83783783783784,27.6393380254896,-0.01706878265068385,178,-35429.99999999978,0.8058842866535182,26.96629213483146,46.15997609323627,-0.15272076176718402,22699.999999999593
M1,LONDON,60,SKIP_NEWS,2.0,1.0,2,136,-13719.999999999578,0.8980683506686507,42.64705882352941,30.929654287318375,-0.009345671056918936,161,-36290.00000000005,0.7997240618101542,34.78260869565217,49.54000000000022,-0.15559085543068474,22570.000000000473
M1,LONDON,60,INCLUDE_NEWS,1.5,1.0,3,233,-3744.9999999995343,0.982515523600543,46.78111587982833,24.916565236169173,0.03297978979220034,273,-26270.00000000038,0.9044657793294045,39.56043956043956,51.27000000000014,-0.0855413004306531,22525.000000000844
M5,LONDON,60,SKIP_NEWS,2.0,0.25,2,186,21954.99999999987,1.3944555238146563,44.086021505376344,6.701146096238897,0.308997847662103,185,-555.9999999994761,0.9942026567680913,28.10810810810811,17.680420697452593,-0.15795482258958485,22510.999999999345
M15,LONDON,30,INCLUDE_NEWS,2.0,0.5,2,268,20500.00000000029,1.1648440012865895,38.059701492537314,10.434539350988567,0.12148367154609734,263,-1959.9999999999272,0.9896411394746581,31.93916349809886,29.02251282900183,-0.10038334324836579,22460.00000000022
M5,LONDON,15,INCLUDE_NEWS,1.0,0.5,2,305,9054.999999998807,1.1075415676959475,53.77049180327869,11.236594856220778,0.07583488120070953,301,-13279.999999998821,0.9029948867786786,44.85049833887043,21.447209020593856,-0.10635462770131744,22334.999999997628
M15,LONDON,30,SKIP_NEWS,1.0,1.5,1,106,8940.000000000146,1.0886772801666433,55.660377358490564,24.93811621564927,0.0884102715265021,106,-13385.000000000116,0.8915447879107071,43.39622641509434,25.939985538684045,-0.09370147644563707,22325.000000000262
M15,LONDON,60,SKIP_NEWS,2.5,0.5,3,166,10488.000000000058,1.1072118579095327,34.33734939759036,16.56526136043388,0.11355240245779145,183,-11803.999999999753,0.9202647932991099,30.05464480874317,26.10999999999997,-0.1826790654919818,22291.99999999981
M1,LONDON,15,INCLUDE_NEWS,2.0,1.0,1,159,1429.9999999997963,1.0118191586081482,33.9622641509434,28.66805928578534,-0.031669722144416296,159,-20849.999999999593,0.8503337879549234,30.18867924528302,39.214579469397535,-0.13489365136075654,22279.99999999939
M15,LONDON,30,INCLUDE_NEWS,1.5,0.5,3,329,25647.000000000146,1.1948934230023955,45.2887537993921,11.366686516224677,0.12230281112155193,317,3464.0000000003492,1.0170631988572005,38.48580441640379,29.39308507342449,-0.060745368400963624,22182.999999999796
M1,LONDON,30,SKIP_NEWS,1.5,1.0,1,106,6484.999999999447,1.0733016841867233,48.113207547169814,20.9971681908918,0.13636417969137882,106,-15674.999999999825,0.8460669743690477,33.0188679245283,25.295953241864478,-0.1841734356431437,22159.999999999272
M15,LONDON,15,INCLUDE_NEWS,1.0,1.0,1,159,14869.999999999563,1.1696326716860557,57.861635220125784,13.67278366502972,0.16295025728987453,159,-7210.000000000102,0.945436658089903,42.76729559748428,24.35941828254849,-0.14301536714188448,22079.999999999665
M15,LONDON,60,SKIP_NEWS,1.5,0.25,3,211,13993.000000000407,1.248142434076369,49.763033175355446,9.253330948761555,0.24139915953783295,205,-7925.999999999898,0.9264715432070141,33.65853658536586,24.80090700459892,-0.16078447985474437,21919.000000000306
M15,LONDON,30,SKIP_NEWS,3.0,1.0,2,134,-17129.999999999476,0.8592902907836413,34.32835820895522,29.507003820265094,-0.06970122894446724,154,-38839.99999999941,0.7729717091419248,29.87012987012987,46.29999999999935,-0.1603758550392476,21709.999999999935
M1,LONDON,15,INCLUDE_NEWS,1.5,1.5,1,159,2320.999999999316,1.0152406592684962,44.0251572327044,39.564597768932295,0.010055012932403923,159,-19358.999999999374,0.8847163912460954,36.477987421383645,43.78120123362728,-0.10929423317181358,21679.99999999869
M5,LONDON,15,INCLUDE_NEWS,3.0,1.0,1,159,1489.999999999738,1.0114703618167804,28.930817610062892,32.34000000000022,-0.007250539597304796,159,-20139.99999999952,0.8715069541916575,27.044025157232703,34.39129241745169,-0.1062579659296447,21629.999999999258
M5,LONDON,15,SKIP_NEWS,2.5,0.25,3,287,13961.999999999345,1.2503182315291137,32.752613240418114,5.826838116446633,0.13949358161275974,288,-7659.999999999825,0.9330261512769636,24.305555555555554,17.28011853296719,-0.1753504986299732,21621.99999999917
M1,LONDON,60,SKIP_NEWS,2.0,1.0,3,143,-15129.999999999607,0.8905447442668043,42.65734265734265,32.29957637279182,-0.021714354530577823,184,-36740.00000000015,0.8145568342418729,36.41304347826087,52.20000000000016,-0.14369719768432496,21610.000000000546
M5,LONDON,30,INCLUDE_NEWS,1.5,0.75,1,158,8937.99999999968,1.0857995833853271,44.303797468354425,14.877204723369534,0.09278464844991284,158,-12631.999999999985,0.9067976064869813,31.645569620253166,29.181819733989002,-0.22017855478334958,21569.999999999665
M5,LONDON,15,SKIP_NEWS,2.0,0.25,1,107,8895.99999999952,1.4951024042742345,36.44859813084112,4.607110845533621,0.09596236811955947,107,-12586.999999999418,0.702877511035582,25.233644859813083,15.179774622580517,-0.24432576769024858,21482.999999998938
M5,LONDON,30,INCLUDE_NEWS,1.0,1.0,3,334,9659.999999999447,1.0431173004820542,52.69461077844312,27.717346855320287,0.040072124023353695,304,-11729.999999999622,0.9522238514174015,45.723684210526315,43.72735116479676,-0.06221712772997841,21389.99999999907
M15,LONDON,60,SKIP_NEWS,2.0,1.0,2,115,-5559.999999999462,0.9513049570853079,46.08695652173913,20.581297388373663,0.016699280134286138,139,-26810.00000000006,0.8262926007515865,35.25179856115108,33.5300000000001,-0.1620764980720092,21250.000000000597
M1,LONDON,30,INCLUDE_NEWS,3.0,0.5,2,275,3579.999999999869,1.023796071654092,29.454545454545457,20.271299381246756,0.11127404511836841,292,-17634.999999999665,0.9048890327104088,22.945205479452056,35.8008817046294,-0.15720591864374958,21214.999999999534
M15,LONDON,60,SKIP_NEWS,3.0,0.25,3,200,22077.00000000054,1.3274013435956855,33.0,8.45721944800872,0.2886061673646926,202,932.0000000001164,1.0077589077589086,24.752475247524753,22.537371614521255,-0.13787067700780367,21145.000000000422
M1,LONDON,30,SKIP_NEWS,1.0,0.5,3,288,10584.999999999505,1.1066015408630794,53.81944444444444,11.543588376432902,0.0850654921644808,285,-10370.000000000087,0.9171493628410494,47.01754385964912,19.95135003648701,-0.06553577887313794,20954.999999999593
M5,LONDON,60,INCLUDE_NEWS,2.0,0.5,1,157,-7014.999999999825,0.9361489100259424,35.6687898089172,17.7463077210693,0.04419552312854813,157,-27844.99999999968,0.8012278259628105,26.751592356687897,40.28584189370241,-0.2620510733930158,20829.999999999854
M15,LONDON,15,SKIP_NEWS,2.0,0.25,2,194,2306.000000000262,1.06162479957243,37.628865979381445,9.880363632857872,0.1293454807000585,190,-18480.99999999888,0.8050794722242829,26.842105263157894,25.390999999999707,-0.2257842275865672,20786.99999999914
M15,LONDON,60,INCLUDE_NEWS,1.0,0.25,3,326,22580.99999999962,1.3080837710621396,57.05521472392638,7.160701808122622,0.14193015570408346,318,1895.0000000000437,1.0130093914762752,45.28301886792453,15.73099832364366,-0.09784682733743735,20685.999999999578
M15,LONDON,30,SKIP_NEWS,2.5,0.5,1,106,15227.999999999985,1.2882453151618405,36.79245283018868,15.546068705276895,0.26997151610019876,106,-5440.00000000048,0.9371497891514019,22.641509433962266,24.122593938988075,-0.2802274468872982,20668.000000000466
M1,LONDON,30,INCLUDE_NEWS,3.0,0.5,3,357,-870.0000000004657,0.9953580194216173,29.69187675070028,26.18313253012035,0.0884934692637889,393,-21534.999999999825,0.91110790060266,23.918575063613233,44.79927421183994,-0.13214203758764453,20664.99999999936
M5,LONDON,15,INCLUDE_NEWS,1.0,0.5,3,424,11479.999999998385,1.098388755570778,54.48113207547169,11.334931317415114,0.09212200792171699,412,-9184.999999998894,0.9494190208712003,45.87378640776699,19.645370109765597,-0.0840392501178367,20664.99999999728
M1,LONDON,30,INCLUDE_NEWS,1.5,0.75,3,360,9522.99999999997,1.043586915229102,43.611111111111114,23.635035869238187,0.0569617129112988,371,-11069.999999999098,0.9580984969207919,37.46630727762803,41.16583252723173,-0.07776118955285762,20592.99999999907
M15,LONDON,30,SKIP_NEWS,3.0,1.0,3,138,-19229.999999999505,0.8447189922480655,33.33333333333333,31.417136619974045,-0.09004115191502104,168,-39799.99999999925,0.7802804460638212,31.547619047619047,49.01999999999923,-0.12232601143344267,20569.999999999745
M1,LONDON,15,SKIP_NEWS,1.0,0.75,3,287,7506.999999999447,1.0623686287542005,51.91637630662021,19.167302036815016,0.04053317820242922,284,-12993.999999998967,0.9110816100291586,47.183098591549296,22.089737278710516,-0.05245118537505205,20500.999999998414
M15,LONDON,60,SKIP_NEWS,2.0,0.25,3,206,15858.000000000247,1.2566102462862923,41.74757281553398,9.359588433563998,0.2422366087191995,203,-4584.000000000378,0.9594379357944263,29.55665024630542,24.906064527645132,-0.15789304702184262,20442.000000000626
M15,LONDON,15,INCLUDE_NEWS,1.0,2.0,2,208,19749.99999999933,1.103576672959929,58.17307692307693,43.919716646989656,0.13653277090506707,193,-659.9999999993743,0.9968891402714962,43.523316062176164,34.271911663215704,-0.09174554182303234,20409.999999998705
M1,LONDON,30,INCLUDE_NEWS,2.5,0.5,2,284,12875.000000000058,1.0866944986869578,33.098591549295776,15.366694535514085,0.12726923590679537,293,-7519.999999999447,0.9581128502200215,25.25597269624573,31.105419972548535,-0.1498205747597055,20394.999999999505
M15,LONDON,60,INCLUDE_NEWS,2.5,0.75,1,156,-15592.99999999997,0.8946675133075743,36.53846153846153,26.32028175594334,-0.014141141914135753,156,-35846.00000000004,0.8024088416062612,32.69230769230769,45.68699999999988,-0.19312331287269735,20253.000000000065
M1,LONDON,30,INCLUDE_NEWS,2.0,0.5,3,397,15649.999999999942,1.0833821727316317,37.02770780856423,15.649843680214437,0.08903422865896882,400,-4519.999999999709,0.9798286326312046,31.0,30.81682654374869,-0.10086032230337359,20169.99999999965
M1,LONDON,30,INCLUDE_NEWS,1.0,0.25,3,442,2373.999999998501,1.0283276654137372,50.452488687782804,7.353507353507349,0.009519379731822798,438,-17786.999999999854,0.8502651738361826,46.34703196347032,27.684727252670722,-0.0731906547622404,20160.999999998356
M5,LONDON,60,SKIP_NEWS,1.5,0.25,2,187,14592.000000000116,1.2853846003403062,50.26737967914438,7.062237707552978,0.24853215521544644,188,-5560.999999999694,0.938861892301945,34.04255319148936,18.068160243022096,-0.13878075328435363,20152.99999999981
M1,LONDON,60,INCLUDE_NEWS,3.0,0.75,1,158,-12987.999999999898,0.9141709180301879,36.075949367088604,28.276826284515828,-0.019504623070817285,158,-33079.00000000009,0.8189079402619013,26.582278481012654,43.22400000000001,-0.22441966495371918,20091.00000000019
M15,LONDON,30,SKIP_NEWS,1.5,1.0,1,106,55.00000000066939,1.0006039973643823,45.28301886792453,23.40193599023289,0.06135021846073364,106,-19989.999999999854,0.8311227506969687,33.9622641509434,34.300000000000004,-0.20062639561972717,20045.000000000524
M1,LONDON,15,SKIP_NEWS,1.5,0.5,1,107,5814.999999999593,1.1646842254318739,39.25233644859813,8.489501909643328,-0.018614084664162107,107,-14228.999999999127,0.7229016553067352,33.64485981308411,18.806152414735084,-0.1590444267725456,20043.99999999872
M15,LONDON,60,INCLUDE_NEWS,2.0,0.25,3,310,13796.99999999981,1.1373669590497701,40.32258064516129,10.873435352501161,0.19756137089756248,309,-6237.00000000048,0.9650864023376475,31.3915857605178,28.842390486226186,-0.11746078339208184,20034.00000000029
M1,LONDON,60,SKIP_NEWS,1.5,0.25,1,106,11760.000000000713,1.4034997426660074,46.22641509433962,5.14380188670914,0.15557630424761376,106,-8269.00000000003,0.8200200243775027,35.84905660377358,15.864723125087304,-0.10378365320777158,20029.000000000742
M15,LONDON,15,SKIP_NEWS,2.5,1.5,1,107,-6783.999999999636,0.9377500458799809,42.05607476635514,34.103455512669214,0.12035298258123633,107,-26782.00000000006,0.7972059213266187,28.971962616822427,32.52900000000004,-0.23200047582007036,19998.000000000422
M15,LONDON,30,SKIP_NEWS,1.5,1.5,3,129,-7311.999999999767,0.9443827489161047,46.51162790697674,27.757044869468654,0.011742714487585921,137,-27293.000000000044,0.8277174599166768,40.14598540145985,38.77700000000005,-0.07409115970081007,19981.000000000276
M15,LONDON,60,INCLUDE_NEWS,3.0,0.5,2,217,-3304.99999999952,0.9771738379722386,31.797235023041477,16.18122977346257,0.08554275484722076,243,-23239.99999999997,0.8912035953372969,30.45267489711934,40.240000000000116,-0.12288673130649377,19935.00000000045
M5,LONDON,30,INCLUDE_NEWS,2.0,1.0,3,245,-23279.999999999825,0.8906734291349684,39.183673469387756,41.35558069381587,0.005245035315859288,280,-43049.99999999961,0.8415415194346304,33.92857142857143,70.37999999999947,-0.10643619836090432,19769.99999999978
M15,LONDON,60,SKIP_NEWS,2.0,0.5,1,105,16740.000000000262,1.262012834559403,39.04761904761905,8.403295409964393,0.1437182483740861,105,-2994.99999999984,0.9676932204303996,27.61904761904762,22.466259778217097,-0.2475088461163633,19735.000000000102
M1,LONDON,15,INCLUDE_NEWS,1.0,0.25,3,463,10363.999999999287,1.160217663518157,52.26781857451404,3.845911468414424,0.046453075922009056,462,-9364.999999999694,0.9071586481744043,47.4025974025974,16.09933192357338,-0.05072908779273965,19728.99999999898
M5,LONDON,30,INCLUDE_NEWS,2.5,0.5,2,278,-9914.000000000218,0.9339682962568258,29.496402877697843,22.654007726456133,-0.0041135322288028565,282,-29570.999999999607,0.8502620452186258,25.886524822695034,44.7894988066828,-0.16917717799241275,19656.99999999939
M15,LONDON,15,INCLUDE_NEWS,1.5,0.25,1,159,13052.999999999767,1.556417579606971,45.911949685534594,2.3339855800589806,0.14801542068380122,159,-6599.999999999563,0.9122876963559577,34.59119496855346,15.375003445455917,-0.14127252504518015,19652.99999999933
M1,LONDON,15,INCLUDE_NEWS,1.0,1.5,2,268,10484.999999999272,1.0494342291371963,54.1044776119403,27.08181774091869,0.06347262584978448,260,-9124.999999999549,0.9589998202731866,45.38461538461539,31.021134938453184,-0.06497048042914783,19609.99999999882
M15,LONDON,30,SKIP_NEWS,1.5,0.25,2,189,11702.000000001004,1.3060066420857481,50.264550264550266,8.913950989435063,0.2568171399513032,186,-7872.000000000495,0.9104956168775735,33.33333333333333,20.52100000000022,-0.16372032865621033,19574.0000000015
M5,LONDON,15,INCLUDE_NEWS,2.5,0.25,2,305,17190.999999999214,1.2869422977416358,33.77049180327869,7.177358418379641,0.18189864405120368,308,-2318.9999999993306,0.9810684604960292,23.7012987012987,17.142532035571406,-0.1888637829824832,19509.999999998545
M15,LONDON,30,INCLUDE_NEWS,1.5,0.75,2,255,-178.00000000059663,0.9989253349272144,42.745098039215684,22.00252456151177,0.044694852609183815,249,-19661.99999999968,0.9080351170959651,36.54618473895582,36.91115808292879,-0.11940449765661872,19483.999999999083
M1,LONDON,60,INCLUDE_NEWS,1.5,0.5,1,158,1697.0000000007858,1.0169108121574566,44.936708860759495,18.29180457187907,0.11579628577234186,158,-17776.999999999825,0.8576359413790358,33.54430379746836,30.544000000000143,-0.15554130957474874,19474.00000000061
M1,LONDON,15,INCLUDE_NEWS,1.0,1.0,1,159,14099.999999999418,1.1592320722755436,54.088050314465406,22.59224219489128,0.08184163844541359,159,-5279.999999999622,0.950769230769234,49.056603773584904,29.619215938303366,-0.021788623253039072,19379.99999999904
M1,LONDON,30,INCLUDE_NEWS,2.0,0.75,2,264,8622.999999999607,1.0478070199754934,39.015151515151516,23.15275896159076,0.10823956040477078,282,-10640.999999999127,0.9511331542329717,31.560283687943265,39.03987304106291,-0.1064115651928631,19263.999999998734
M1,LONDON,15,INCLUDE_NEWS,1.0,0.25,2,313,7856.999999999185,1.1812498558213298,52.39616613418531,3.1189986778996457,0.049659780454241284,313,-11404.999999999243,0.8403264871827266,47.284345047923324,16.752851711026164,-0.053623488789158964,19261.99999999843
M15,LONDON,30,INCLUDE_NEWS,2.0,0.75,1,157,-8683.000000000116,0.9279161858588528,36.94267515923567,26.774422833722618,0.0613347606923246,157,-27941.99999999971,0.8200262791776182,28.02547770700637,40.16005483360018,-0.23189119446633338,19258.999999999593
M1,LONDON,30,SKIP_NEWS,1.0,0.25,3,296,1921.9999999985594,1.0349817083158634,49.66216216216216,7.067856977658534,-0.006106906672999243,295,-17326.00000000006,0.786151567514194,45.76271186440678,21.774377372328026,-0.08481817697473576,19247.999999998618
M5,LONDON,60,SKIP_NEWS,1.0,0.25,2,191,13676.000000000044,1.317058468957206,60.20942408376963,7.3548503425891605,0.2028624181096947,189,-5536.999999999636,0.9290601137703115,43.386243386243386,13.048833790280867,-0.12383489114431469,19212.99999999968
M1,LONDON,15,INCLUDE_NEWS,1.5,0.5,1,159,8459.999999999243,1.156739231125506,40.88050314465409,11.57048576471505,0.022093383307204523,159,-10747.999999999418,0.8537786545133077,37.10691823899371,20.125541289979694,-0.07271139733001651,19207.99999999866
M15,LONDON,60,SKIP_NEWS,1.0,0.5,3,201,15069.999999999447,1.1776494164800133,54.72636815920397,8.688567905584007,0.10123932657372677,189,-4114.999999999563,0.9673865662769996,43.91534391534391,17.76318965101113,-0.11469190221338112,19184.99999999901
M1,LONDON,60,SKIP_NEWS,1.0,0.25,3,290,9871.000000000538,1.1399050386223581,54.137931034482754,11.146259936015362,0.08403730766699567,286,-9258.000000000087,0.9036197257878117,47.2027972027972,16.825231851615005,-0.05562862501712791,19129.000000000626
M5,LONDON,30,INCLUDE_NEWS,1.0,1.5,2,232,10569.999999999942,1.0498749587127822,55.172413793103445,33.74312664848698,0.08315187053780497,220,-8540.000000000058,0.9620545632275834,45.0,40.44672617907369,-0.07098552012177108,19110.0
M15,LONDON,30,INCLUDE_NEWS,3.0,0.75,3,223,-12834.0,0.9233008026104266,30.94170403587444,32.07264918044826,0.026940094445328314,276,-31862.99999999914,0.8720047883216401,31.521739130434785,50.519456448575475,-0.06677318862680542,19028.99999999914
M5,LONDON,60,SKIP_NEWS,1.5,0.25,3,254,17285.99999999952,1.2496317476821708,49.60629921259843,10.778081055868215,0.23416753635941198,247,-1728.9999999991705,0.9845707656612604,36.84210526315789,21.003360537685264,-0.07611794548248432,19014.99999999869
M5,LONDON,30,SKIP_NEWS,2.0,1.5,3,130,-16465.000000000233,0.8826234182855087,43.84615384615385,32.61798672365167,-0.026511988804542086,152,-35449.999999999796,0.8033505297609146,35.526315789473685,52.824999999999754,-0.11185203682300142,18984.999999999563
M15,LONDON,15,INCLUDE_NEWS,2.0,0.5,1,159,10619.999999999869,1.1763826606875933,40.25157232704403,9.204498125781011,0.20709905660376401,159,-8364.999999999593,0.9247108590972534,25.157232704402517,25.660454638541726,-0.26751452158444144,18984.99999999946
M15,LONDON,60,SKIP_NEWS,3.0,0.25,2,174,25108.000000000422,1.4243725175357147,34.48275862068966,8.195043320572251,0.3476163425915306,169,6160.000000000407,1.060950270120519,24.85207100591716,17.984107068171962,-0.1370973383531292,18948.000000000015
M5,LONDON,60,SKIP_NEWS,2.0,0.25,3,249,20403.99999999955,1.2678322963429631,42.168674698795186,10.884545537468844,0.25344907546560735,240,1501.0000000009022,1.0125919649673325,30.416666666666664,20.71903161423465,-0.09943322938710393,18902.999999998647
M1,LONDON,15,INCLUDE_NEWS,2.0,0.25,2,313,-1689.0000000010768,0.9734212472657868,30.35143769968051,10.311061514855918,-0.08895094860299446,313,-20550.999999999825,0.7810998796374236,28.115015974440894,22.741257107251243,-0.15625790664013037,18861.99999999875
M15,LONDON,15,SKIP_NEWS,1.5,0.25,2,194,5472.9999999997235,1.170042875784495,43.81443298969072,4.650310888321019,0.09608619987987253,191,-13234.999999999418,0.8507605741799487,32.98429319371728,21.56299999999975,-0.17172751050856638,18707.99999999914
M5,LONDON,60,INCLUDE_NEWS,1.5,0.25,3,380,21805.999999999738,1.2016273693943593,48.68421052631579,12.718537549040276,0.2131831022330118,374,3300.0000000008586,1.0189361335858202,36.898395721925134,30.528262718808165,-0.08257867712705386,18505.99999999888
M1,LONDON,15,INCLUDE_NEWS,3.0,0.75,3,340,305.0000000001746,1.0015697779150274,27.058823529411764,37.04466619380318,-0.05353819310617549,387,-18170.999999998967,0.9333286857998321,23.25581395348837,45.00011477278793,-0.14676671121802243,18475.99999999914
M1,LONDON,15,INCLUDE_NEWS,3.0,0.25,2,312,810.999999999025,1.0115243061969634,24.358974358974358,8.651361650710909,-0.026252112932877002,313,-17565.999999999825,0.828386642959029,20.447284345047922,24.525169532063792,-0.18206275486418133,18376.99999999885
M15,LONDON,30,INCLUDE_NEWS,2.5,0.5,3,291,15534.999999999563,1.1087656654764375,33.33333333333333,19.84424836660733,0.1133777289592176,312,-2798.0000000000728,0.9875064187001849,29.807692307692307,39.19948476620525,-0.0914406593647501,18332.999999999636
M5,LONDON,15,INCLUDE_NEWS,1.5,0.25,1,159,3250.999999999287,1.1187146247945723,40.25157232704403,7.068841592461089,0.006893819066789543,159,-15074.999999999418,0.7573128129175658,30.18867924528302,21.283379832602094,-0.2461902498768355,18325.999999998705
M1,LONDON,30,SKIP_NEWS,2.5,1.5,2,128,-9522.999999999942,0.9290440354668065,45.3125,28.23114247904705,0.02045539745251153,152,-27821.99999999962,0.8387784667091633,34.21052631578947,42.56004853172553,-0.12585166531086994,18298.99999999968
M1,LONDON,60,SKIP_NEWS,1.0,0.25,1,106,8550.000000000553,1.356919223544169,55.660377358490564,5.292940320232995,0.11445354218584884,106,-9633.00000000016,0.7613822145157259,43.39622641509434,14.847951696423317,-0.1318363008238105,18183.000000000713
M1,LONDON,15,SKIP_NEWS,3.0,0.25,1,107,4987.999999999272,1.2239482781843118,22.429906542056074,4.256980479367513,-0.10280373831778644,107,-13180.999999999534,0.642345471319272,16.822429906542055,17.335549981527677,-0.3298195452764495,18168.999999998807
M15,LONDON,60,SKIP_NEWS,1.0,0.25,3,214,21363.999999999927,1.4905287810254164,59.345794392523366,3.4401530666204856,0.19002984767915188,209,3278.0000000000873,1.035739985608061,44.49760765550239,14.22188120599374,-0.11295694600550325,18085.99999999984
M15,LONDON,60,SKIP_NEWS,1.0,0.5,2,173,10089.999999999854,1.1309624245570757,53.75722543352601,8.428934232419738,0.08454956948300293,166,-7889.999999999622,0.9321261129510978,42.77108433734939,19.215064610654643,-0.13194044861827012,17979.999999999476
M5,LONDON,60,INCLUDE_NEWS,3.0,0.75,2,196,-15396.999999999665,0.9129291478400551,35.714285714285715,25.97155076236485,-0.0023198023724868523,242,-33345.999999999534,0.866475532259939,33.47107438016529,54.92699999999996,-0.11637567095453756,17948.99999999987
M15,LONDON,60,INCLUDE_NEWS,3.0,0.5,3,228,-2119.9999999993743,0.9858151282994921,31.57894736842105,17.308201642093913,0.07252455940549545,273,-20039.99999999994,0.9121495736799419,31.868131868131865,38.76500000000003,-0.09026802919712874,17920.000000000568
M15,LONDON,60,SKIP_NEWS,2.0,1.0,3,117,-7159.999999999534,0.9381585766108167,45.2991452991453,21.929233361415005,-0.0006801947398042336,147,-24970.00000000003,0.8422814552804445,36.054421768707485,35.93000000000012,-0.12655688222311168,17810.000000000495
M5,LONDON,60,SKIP_NEWS,1.0,0.25,3,261,16302.999999999694,1.277961535838501,59.77011494252874,11.278120914295869,0.19443188451705126,253,-1323.9999999994034,0.9865385593004997,45.8498023715415,13.250904873691299,-0.07279431023463069,17626.999999999098
M1,LONDON,60,SKIP_NEWS,3.0,0.75,2,145,-5004.9999999998545,0.9592476489028231,37.24137931034483,24.374067186514612,0.0009684920158376003,175,-22570.999999999884,0.8690063027404735,30.857142857142854,41.632999999999896,-0.15809107368359293,17566.00000000003
M15,LONDON,30,SKIP_NEWS,1.5,1.5,2,126,-6726.999999999738,0.9480139103554895,46.82539682539682,27.757044869468654,0.015990556896019772,134,-24063.00000000013,0.8436147397153433,40.298507462686565,34.4409999999999,-0.07144272102298405,17336.000000000393
M15,LONDON,15,INCLUDE_NEWS,3.0,0.25,1,159,12544.000000000306,1.3834795634496198,32.70440251572327,6.182149125658003,0.3081761006289126,159,-4745.999999999593,0.9468634190579661,18.867924528301888,23.91929641326582,-0.29263907047818527,17289.999999999898
M1,LONDON,15,INCLUDE_NEWS,2.0,1.5,1,159,5844.999999999665,1.0361885892951095,39.62264150943396,36.950416424559386,0.017015950611387363,159,-11324.999999999432,0.9343877639697605,33.33333333333333,40.57802120964909,-0.09834144192784564,17169.999999999098
M15,LONDON,30,SKIP_NEWS,1.0,0.25,3,246,11311.000000000553,1.283640102312068,56.91056910569105,6.128171410891287,0.13941103518712253,241,-5806.000000000335,0.9387326544610323,45.22821576763486,18.15102896013353,-0.09400127802829142,17117.000000000888
M15,LONDON,60,SKIP_NEWS,3.0,0.5,3,157,6640.000000000437,1.0685490115108707,31.84713375796178,15.923408488063606,0.10512140471212124,182,-10439.999999999985,0.9293640054127197,29.67032967032967,26.10999999999997,-0.15176119111579114,17080.000000000422
M15,LONDON,15,INCLUDE_NEWS,1.5,0.75,1,159,1606.9999999997963,1.01896321820091,45.911949685534594,22.39268881280348,0.14830378423510754,159,-15378.999999999418,0.8811092041993328,30.81761006289308,29.38363709192835,-0.2411025091143743,16985.999999999214
M5,LONDON,60,SKIP_NEWS,2.0,0.5,1,105,2699.9999999999127,1.039370078740155,37.142857142857146,14.197091000544962,0.0905012801277293,105,-14254.999999999898,0.841830790568656,24.761904761904763,26.118489642355346,-0.3076624470233853,16954.99999999981
M1,LONDON,30,INCLUDE_NEWS,2.5,0.5,3,372,6890.999999999651,1.0363085515569819,31.989247311827956,18.0467999733767,0.07908513931897312,397,-9907.999999999593,0.9580311758725877,26.19647355163728,37.9081636715422,-0.13323628763429793,16798.999999999243
M5,LONDON,30,SKIP_NEWS,1.5,1.0,1,106,1705.0,1.018732146780927,46.22641509433962,20.91947643494763,0.08979973516521783,106,-15079.999999999767,0.8637267305259366,33.0188679245283,28.510191983218576,-0.18447541288537114,16784.999999999767
M1,LONDON,30,SKIP_NEWS,1.5,1.5,3,147,-4495.000000000058,0.9679580853262995,49.65986394557823,23.297999999999913,0.02730462619898592,167,-21229.999999999593,0.8788380321881084,38.92215568862276,40.26284979885744,-0.06988957377906381,16734.999999999534
M5,LONDON,15,INCLUDE_NEWS,1.5,0.5,1,159,13725.999999999738,1.2644701348747545,44.0251572327044,8.359624522863616,0.10098378763545056,159,-2918.9999999995925,0.9660344426344013,34.59119496855346,19.011429048135298,-0.1355457819415805,16644.99999999933
M1,LONDON,15,SKIP_NEWS,2.5,0.25,1,107,3403.9999999993743,1.158857569535153,25.233644859813083,4.385886645054553,-0.11673768691905968,107,-13237.99999999968,0.6296337744453558,19.626168224299064,16.121309641781295,-0.31582090669720203,16641.999999999054
M1,LONDON,60,SKIP_NEWS,2.0,0.5,1,106,9314.999999999884,1.1357970697572677,38.67924528301887,10.872401141459532,0.13201706043217665,106,-7290.000000000262,0.9137073863636339,27.358490566037734,17.154999999999944,-0.19991050331687374,16605.000000000146
M5,LONDON,60,INCLUDE_NEWS,2.0,0.75,1,157,-24670.999999999636,0.8334492233121155,36.30573248407643,31.28814257366399,-0.06922891895967548,157,-41195.00000000006,0.7764797803593028,29.29936305732484,49.020999999999994,-0.24323582240591027,16524.000000000422
M1,LONDON,15,INCLUDE_NEWS,1.5,0.25,1,159,2396.999999999054,1.0864313272995678,38.9937106918239,4.912238782194906,-0.024344958758404943,159,-14047.999999999476,0.695495729830505,34.59119496855346,15.54151304244934,-0.1354616893030544,16444.99999999853
M1,LONDON,15,INCLUDE_NEWS,2.0,0.25,1,159,-2031.0000000009604,0.9376209343038502,27.67295597484277,6.092850015313749,-0.1683475896066144,159,-18343.999999999913,0.6413264508055702,25.157232704402517,18.826979472140735,-0.24704097961594512,16312.999999998952
M15,LONDON,15,INCLUDE_NEWS,2.0,0.25,1,159,11182.000000000015,1.3973420510269439,40.25157232704403,4.24020801367146,0.20813222173466162,159,-5020.999999999243,0.9376219050103825,28.30188679245283,15.62009347081507,-0.17943152330837794,16202.999999999258
M15,LONDON,15,INCLUDE_NEWS,1.5,2.0,1,159,-9299.99999999997,0.9485021319009913,50.314465408805034,43.84157292749809,0.09955629429948444,159,-25484.999999999476,0.870687030647455,37.10691823899371,35.05104521147279,-0.1339617780813625,16184.999999999505
M1,LONDON,15,INCLUDE_NEWS,3.0,0.75,2,272,7359.999999999971,1.044920504135006,27.205882352941174,35.67786588084793,-0.012314516955261985,288,-8794.999999999316,0.9577185821903679,23.26388888888889,38.397738277467006,-0.12674672937794912,16154.999999999287
M15,LONDON,60,INCLUDE_NEWS,1.5,0.5,1,156,10824.000000000728,1.1153821554205383,45.51282051282051,13.94613382970246,0.13254840232040085,156,-5320.0,0.9605998889094616,34.61538461538461,26.31177785091907,-0.16272036519592872,16144.000000000728
M15,LONDON,60,SKIP_NEWS,2.5,0.25,3,202,16672.000000000276,1.2536012534035135,36.13861386138614,8.759025232561116,0.24061738975086028,202,542.9999999998254,1.0046303797252456,26.237623762376238,24.51519055733332,-0.16576116821931564,16129.000000000451
M15,LONDON,15,INCLUDE_NEWS,1.0,0.25,2,285,6354.999999998938,1.1628318130572615,52.63157894736842,3.310575557760062,0.05388466164214388,284,-9711.999999999069,0.9132710013305899,43.66197183098591,19.453576691984725,-0.12459889036252392,16066.999999998006
M1,LONDON,15,INCLUDE_NEWS,2.5,1.0,3,315,-9594.999999999709,0.9572167476702202,31.11111111111111,40.740740740740854,-0.04247371610343532,360,-25620.000000000204,0.9162334477685135,27.22222222222222,56.05737183088051,-0.14439866590443212,16025.000000000495
M5,LONDON,60,SKIP_NEWS,3.0,0.5,3,179,-11550.000000000728,0.9025809716599134,32.402234636871505,28.24950040392922,0.04783852364753211,207,-27424.999999999185,0.8378226545637365,26.570048309178745,39.239999999999256,-0.21641552371611986,15874.999999998457
M5,LONDON,30,SKIP_NEWS,2.0,0.75,1,106,10061.99999999997,1.1367974549310702,40.56603773584906,15.043571882102945,0.14362084947191803,106,-5800.999999999956,0.9399426447598642,26.41509433962264,23.55518340903144,-0.22296372660060834,15862.999999999927
M1,LONDON,30,INCLUDE_NEWS,1.0,0.75,2,292,13466.000000000582,1.0873032338373003,54.45205479452054,20.396527147855146,0.09483334921123561,291,-2345.9999999997963,0.9868296954998659,46.735395189003434,20.28560499808733,-0.06902653056236936,15812.000000000378
M15,LONDON,15,INCLUDE_NEWS,1.5,0.5,1,159,15481.999999999927,1.3023237648896722,49.056603773584904,7.972719978604077,0.22652366533666768,159,-269.9999999993888,0.9972535855965882,35.22012578616352,18.0323839672817,-0.13604912066546154,15751.999999999316
M15,LONDON,30,SKIP_NEWS,1.5,1.5,1,106,-6471.99999999968,0.944226128921065,48.113207547169814,29.81302542993669,0.029803262322662723,106,-22168.00000000035,0.8322448825154161,37.735849056603776,29.785000000000235,-0.11398440053309122,15696.00000000067
M1,LONDON,30,INCLUDE_NEWS,3.0,0.75,3,281,-17553.99999999946,0.9126675356464138,31.672597864768683,49.88328775998219,-0.0035774219882445356,352,-33227.999999998574,0.883730776632788,27.27272727272727,62.31265191970133,-0.10112722205317083,15673.999999999112
M5,LONDON,15,SKIP_NEWS,3.0,0.25,2,204,21181.999999999593,1.5396962902568168,31.862745098039213,4.83946349679419,0.2744246883728702,208,5519.000000000364,1.0659954320972926,21.153846153846153,11.46508711545126,-0.1954754265527091,15662.999999999229
M1,LONDON,15,INCLUDE_NEWS,1.5,0.75,2,295,12831.999999999854,1.085823590786269,42.03389830508474,23.56655673812024,0.04311888185134489,298,-2805.999999999127,0.9840385895255427,38.25503355704698,23.44268838481219,-0.04310200562648968,15637.999999998981
M5,LONDON,30,SKIP_NEWS,2.0,1.5,2,127,-16840.000000000262,0.8783764264047362,44.09448818897638,33.28075709779158,-0.015028219378316419,144,-32469.999999999854,0.8134229730506236,35.41666666666667,48.80499999999975,-0.11373066814754039,15629.999999999593
M5,LONDON,60,INCLUDE_NEWS,2.5,0.75,2,202,-18618.99999999968,0.8967446761313246,36.13861386138614,28.547292669339097,-0.014307216316530567,242,-34086.99999999956,0.8635084108482135,33.47107438016529,55.61499999999994,-0.13340950814101257,15467.999999999884
M1,LONDON,60,INCLUDE_NEWS,1.5,1.0,2,215,-10429.999999999505,0.9493172651732367,46.51162790697674,29.490584737363363,0.027630930385223542,241,-25820.000000000247,0.8972338308457701,38.589211618257266,49.53000000000024,-0.08992853823232475,15390.000000000742
M5,LONDON,60,INCLUDE_NEWS,1.0,0.5,3,359,10179.999999999578,1.0599758446990877,53.760445682451255,18.33481745325018,0.07014437211529523,335,-5189.999999999403,0.9754818594104332,45.67164179104478,30.497069676578686,-0.06483052707598488,15369.999999998981
M1,LONDON,30,SKIP_NEWS,1.0,0.25,1,106,5981.999999999258,1.3482969432313923,53.77358490566038,2.7973966148346707,0.07719760128710731,106,-9375.999999999898,0.6943837804361319,44.339622641509436,11.279394965927551,-0.1131104399926082,15357.999999999156
M1,LONDON,15,INCLUDE_NEWS,2.0,1.0,2,269,-10589.999999999694,0.9461890243902455,33.82899628252788,37.293438936149464,-0.04618762690425936,279,-25809.999999999272,0.8897762213870886,30.46594982078853,50.25982461838232,-0.13841501505382234,15219.999999999578
M1,LONDON,15,SKIP_NEWS,1.5,0.5,2,203,7974.999999999185,1.118799344555327,41.87192118226601,7.42701455345824,0.0452215428788621,204,-7155.999999998472,0.9188247972321653,37.745098039215684,13.995869507017279,-0.05955253055952916,15130.999999997657
M15,LONDON,60,SKIP_NEWS,2.5,1.0,2,113,-6084.9999999991705,0.9467069539323948,44.24778761061947,22.72651842017875,-0.0025612367916707157,139,-21195.000000000073,0.862673318647142,35.25179856115108,33.050000000000104,-0.14768641530286586,15110.000000000902
M15,LONDON,15,INCLUDE_NEWS,2.0,1.5,1,159,-10669.99999999984,0.9337719570479814,44.0251572327044,42.17278493176998,0.10550908141504917,159,-25779.999999999563,0.8600738167607489,33.33333333333333,33.25399186749952,-0.14596008781320852,15109.999999999724
M5,LONDON,30,INCLUDE_NEWS,2.0,0.75,1,158,-3292.9999999996217,0.972252416222186,36.708860759493675,25.24333736120486,0.05716230652249875,158,-18401.00000000022,0.8706841420991587,27.848101265822784,33.02106014308469,-0.2045228089396193,15108.000000000597
M5,LONDON,30,INCLUDE_NEWS,3.0,1.0,3,226,-21740.0,0.8959509907150378,34.95575221238938,42.27120268327741,-0.0022204744888556505,277,-36749.99999999949,0.8657632319099989,32.12996389891697,64.77999999999928,-0.1032366014202572,15009.99999999949
M1,LONDON,30,INCLUDE_NEWS,1.5,0.5,2,296,11909.999999999302,1.090742857142851,44.932432432432435,16.832888259124065,0.12918298977832335,294,-3097.99999999968,0.9796579007846639,37.41496598639456,16.29974141646319,-0.07536093315237619,15007.999999998981
M5,LONDON,15,INCLUDE_NEWS,1.0,0.25,1,159,6714.999999999549,1.3260183521871882,54.71698113207547,4.260047422046077,0.09765535539736453,159,-8277.99999999968,0.8372970635638232,44.0251572327044,17.406260130389164,-0.12047493943840581,14992.999999999229
M5,LONDON,30,INCLUDE_NEWS,2.0,0.25,3,409,28267.999999999098,1.3049867293873825,40.34229828850856,6.967031342401037,0.20556315395616787,410,13301.00000000003,1.0773624302772629,31.70731707317073,27.763649368195203,-0.06292219039291735,14966.999999999069
M1,LONDON,15,SKIP_NEWS,1.0,0.25,3,311,9040.99999999917,1.2200077870248425,50.80385852090033,3.981277188720184,0.017508609380007114,310,-5728.999999999505,0.9126690141918644,48.70967741935484,12.957658602988886,-0.023957217903690882,14769.999999998676
M5,LONDON,30,INCLUDE_NEWS,2.5,1.0,3,232,-22604.99999999962,0.8919661632575051,36.206896551724135,36.43353903418532,-0.01870305056585021,279,-37344.99999999942,0.8633902769140742,32.97491039426524,62.034999999999194,-0.09777950398564962,14739.999999999796
M5,LONDON,30,INCLUDE_NEWS,1.5,0.5,2,290,11223.999999999622,1.0872309007538645,44.13793103448276,17.976858647785374,0.09815382749579925,286,-3510.9999999999272,0.9802647480396843,34.96503496503497,32.105838301702214,-0.12235720409895219,14734.999999999549
M5,LONDON,15,INCLUDE_NEWS,2.0,0.25,3,428,8726.99999999872,1.1064540919015677,35.51401869158878,5.286162831757101,0.06266960571115976,430,-6005.9999999993015,0.9634137426900629,29.30232558139535,27.949468521444427,-0.13684348774349162,14732.999999998021
M5,LONDON,60,SKIP_NEWS,3.0,0.5,2,162,-5790.000000000524,0.9474066672722268,32.71604938271605,24.88622346986541,0.09471254307954892,170,-20489.99999999965,0.8615634078778482,24.705882352941178,36.25999999999983,-0.22720186129722414,14699.999999999127
M1,LONDON,15,SKIP_NEWS,1.5,0.5,3,291,8852.99999999917,1.0913528015684573,42.2680412371134,9.325534022314107,0.0566319478764094,290,-5796.99999999805,0.9526929982046837,37.93103448275862,14.276325533174635,-0.06323028467870367,14649.99999999722
M15,LONDON,30,SKIP_NEWS,2.5,1.0,1,106,-12169.999999999214,0.8810129057489317,35.84905660377358,23.425975894944916,-0.042938853124619966,106,-26679.999999999956,0.7826476578411411,30.18867924528302,34.554999999999914,-0.20857551445164935,14510.000000000742
M1,LONDON,15,INCLUDE_NEWS,1.0,0.5,1,159,3474.9999999994034,1.0753959644174305,50.314465408805034,10.102739726027487,0.006995337383110578,159,-11035.00000000019,0.8253679379648662,47.79874213836478,16.545280306660597,-0.04420184682694396,14509.999999999593
M15,LONDON,15,SKIP_NEWS,2.5,2.0,1,107,-3179.999999999942,0.9733221476510069,46.728971962616825,34.14740896358524,0.09919963667348594,107,-17649.999999999796,0.8719622778382312,33.64485981308411,31.219999999999914,-0.18128945099615554,14469.999999999854
M5,LONDON,30,SKIP_NEWS,1.5,1.5,1,106,-13564.999999999709,0.8860323461457708,48.113207547169814,32.49200895365609,0.028887197396289418,106,-27982.000000000087,0.7952586522279934,33.9622641509434,36.68800000000004,-0.16816719098658794,14417.000000000378
M15,LONDON,60,INCLUDE_NEWS,3.0,0.75,1,156,-15114.999999999607,0.8988645259713788,35.256410256410255,26.66522335281782,-0.022264758022513053,156,-29488.0,0.8374555576991977,32.69230769230769,40.264999999999844,-0.17134278473238185,14373.000000000393
M15,LONDON,15,SKIP_NEWS,1.5,2.0,1,107,-10359.999999999854,0.9105044920525233,49.532710280373834,37.66233766233743,0.06767273996385442,107,-24679.999999999854,0.8165328575676486,35.51401869158878,31.25999999999988,-0.1792812466534744,14320.0
M5,LONDON,15,INCLUDE_NEWS,1.5,0.25,2,307,8809.999999999185,1.171711462373535,43.32247557003257,4.359716065593192,0.08324071874984829,308,-5471.99999999936,0.9505262015840354,34.41558441558442,14.457031761164806,-0.14326334484377307,14281.999999998545
M1,LONDON,60,SKIP_NEWS,2.0,0.25,1,106,12957.000000000175,1.3890406845818994,40.56603773584906,5.1396213747472315,0.21844502277165195,106,-1186.0000000002037,0.9751727025329665,32.075471698113205,13.225803243802522,-0.03773584905661153,14143.000000000378
M5,LONDON,15,SKIP_NEWS,1.5,0.25,1,107,3831.9999999992287,1.2217207660706608,39.25233644859813,5.123441994247689,-0.018648584319487706,107,-10230.999999999563,0.7338657232786276,34.57943925233645,11.266519714926373,-0.13674468346720978,14062.999999998792
M1,LONDON,15,INCLUDE_NEWS,1.0,0.5,2,308,1539.9999999989814,1.0171913373520776,51.298701298701296,8.160694288914042,0.026758434250825407,306,-12485.000000000087,0.890631159388551,47.385620915032675,17.0648297425379,-0.05269105097735567,14024.999999999069
M5,LONDON,30,INCLUDE_NEWS,3.0,0.25,1,158,13544.999999999403,1.3137377527621308,30.37974683544304,7.7668699708766376,0.21514264122425045,158,-465.0000000002765,0.9941439455953608,21.518987341772153,16.462999999999823,-0.15592450203467975,14009.99999999968
M1,LONDON,60,SKIP_NEWS,2.0,0.75,1,106,-588.0000000002037,0.9940201362758043,39.62264150943396,19.892988662277663,0.04995441097422977,106,-14585.999999999738,0.8731850666852161,26.41509433962264,28.89899999999994,-0.2527863968190942,13997.999999999534
M5,LONDON,15,SKIP_NEWS,1.0,0.25,1,107,6832.999999999549,1.555032085127066,53.271028037383175,1.7652755360850831,0.06999895397521351,107,-7160.999999999563,0.7776501273054799,47.66355140186916,11.258876322439857,-0.04806408544726879,13993.999999999112
M5,LONDON,30,SKIP_NEWS,1.0,0.5,2,200,6984.999999999316,1.0974809852766632,54.50000000000001,12.94508279086023,0.09367816091952978,194,-6889.99999999984,0.9333977767037227,46.391752577319586,23.25615546526951,-0.07466736735936527,13874.999999999156
M1,LONDON,30,INCLUDE_NEWS,1.0,0.25,2,305,934.999999998865,1.0160267398011442,50.81967213114754,7.267196050036138,0.01704313427248448,302,-12891.999999999462,0.8436878607110015,46.688741721854306,18.14953023185331,-0.0663535883639956,13826.999999998327
M15,LONDON,60,SKIP_NEWS,1.0,0.25,2,177,20926.99999999984,1.6048965198288763,58.75706214689266,4.613053705992766,0.17426831571158477,176,7236.000000000247,1.0950192375874928,44.88636363636363,10.23805722597692,-0.10200875776767519,13690.999999999593
M15,LONDON,15,INCLUDE_NEWS,1.5,1.0,1,159,10024.999999999462,1.091913450077927,47.16981132075472,24.016386062843456,0.173345867841903,159,-3644.9999999999563,0.9753499695678638,34.59119496855346,25.421591804570458,-0.1647783595142738,13669.999999999418
M15,LONDON,60,INCLUDE_NEWS,3.0,0.75,3,180,-13060.999999999665,0.9194401954011674,35.0,28.67266591676009,-0.018147278500206317,244,-26625.99999999952,0.8913446235462168,35.24590163934426,50.088999999999984,-0.09564430955972726,13564.999999999854
M15,LONDON,30,INCLUDE_NEWS,1.5,0.75,1,157,-1550.000000000422,0.9857471264367773,44.5859872611465,22.76564252074456,0.09899247901050301,157,-15113.000000000044,0.8957069609203011,33.12101910828025,25.148387688638117,-0.19560064998393828,13562.999999999622
M5,LONDON,15,INCLUDE_NEWS,2.5,1.0,1,159,-1240.0000000001164,0.990282893190188,31.446540880503143,34.33500000000028,-0.008410903798577299,159,-14754.999999999607,0.9047572940872722,28.30188679245283,30.39602262986459,-0.10854685036329154,13514.99999999949
M15,LONDON,30,INCLUDE_NEWS,3.0,0.75,2,215,-10627.999999999767,0.9350517605935071,31.627906976744185,31.96251904333611,0.04242756639811389,245,-24117.999999999374,0.8928560322347081,30.612244897959183,41.53199999999941,-0.06700629495388512,13489.999999999607
M15,LONDON,60,SKIP_NEWS,2.5,0.25,2,174,19152.00000000022,1.3343750545594282,37.35632183908046,8.536718467957932,0.28087393422536466,169,5669.000000000073,1.0574000384759477,26.035502958579883,18.8728167076575,-0.17634914871805463,13483.000000000146
M15,LONDON,60,SKIP_NEWS,1.5,0.5,1,105,13252.000000000407,1.228128765708392,44.761904761904766,9.932321199926614,0.11626823670376779,105,-213.0000000000582,0.9975564987954565,33.33333333333333,16.0573872258243,-0.177105890675878,13465.000000000466
M15,LONDON,15,SKIP_NEWS,1.0,0.25,3,255,7632.999999999112,1.2290060304221053,56.86274509803921,5.181632180358231,0.13805197304084904,253,-5754.999999998981,0.9400070886498306,43.47826086956522,18.41540052501779,-0.12854301160042853,13387.999999998094
M1,LONDON,30,SKIP_NEWS,2.0,1.5,2,128,-16030.000000000073,0.8805603159228073,45.3125,29.654122460630727,-0.023209358580904477,153,-29279.99999999955,0.8303297212725289,34.64052287581699,42.638761633794516,-0.13393433489042209,13249.999999999476
M1,LONDON,30,SKIP_NEWS,1.0,0.5,2,201,9459.99999999936,1.1337196975051138,55.72139303482587,13.46240635436403,0.11811175672528566,200,-3710.0000000001455,0.9580245516773195,47.5,12.122397106266332,-0.05061842880814318,13169.999999999505
M15,LONDON,30,SKIP_NEWS,1.5,0.5,1,106,10427.99999999997,1.23600769491909,49.056603773584904,13.265804789195462,0.22636376192392796,106,-2733.0000000001455,0.9633424988263676,34.90566037735849,17.483576064587414,-0.15263857900836147,13161.000000000116
M15,LONDON,15,INCLUDE_NEWS,1.0,0.25,1,159,7073.999999999607,1.3470028450897507,53.459119496855344,3.2030255084320807,0.07074232229448235,159,-6020.9999999998545,0.9077467594153188,43.39622641509434,13.134396627157582,-0.13207547169810824,13094.999999999462
M15,LONDON,30,SKIP_NEWS,1.0,2.0,3,129,8170.0000000002765,1.062044349939248,51.93798449612403,22.081563296516563,0.027329813583066447,118,-4680.000000000204,0.964564246233057,44.91525423728814,24.493641073952013,-0.036653991829318,12850.00000000048
M15,LONDON,15,SKIP_NEWS,3.0,0.25,1,107,6258.000000000233,1.285050560262385,33.64485981308411,5.938564582250564,0.34579439252336797,107,-6571.999999999709,0.8919150055917417,18.69158878504673,20.021999999999885,-0.3227066561311295,12829.999999999942
M1,LONDON,30,SKIP_NEWS,1.0,0.25,2,205,1003.9999999989959,1.0262847867633305,48.78048780487805,6.576588353938975,-0.02349782567593102,204,-11804.999999999767,0.7871131789655953,47.549019607843135,14.535886305524148,-0.049032544645162636,12808.999999998763
M15,LONDON,60,SKIP_NEWS,1.5,1.0,1,105,6830.000000000669,1.066272074519704,50.476190476190474,14.263591846984514,0.08987512439302366,105,-5925.000000000437,0.9521946102953006,37.142857142857146,29.86000000000003,-0.12789921204046384,12755.000000001106
M15,LONDON,15,SKIP_NEWS,2.0,1.5,1,107,-16194.999999999607,0.8496774492968888,42.99065420560748,35.311205295489884,0.05003491533453603,107,-28949.999999999884,0.7762232356806067,30.8411214953271,31.49000000000003,-0.21884564095173623,12755.000000000276
M15,LONDON,60,INCLUDE_NEWS,1.0,0.25,2,269,22801.999999999724,1.3816681452220272,57.249070631970255,7.281345506219418,0.14537193923811806,268,10082.00000000032,1.0835024308632701,45.52238805970149,13.545840508789317,-0.08836085636908111,12719.999999999403
M5,LONDON,30,INCLUDE_NEWS,2.0,1.0,2,227,-15639.999999999622,0.9220455564970361,40.52863436123348,36.228912293783154,0.048981485879814095,245,-28199.99999999994,0.8831233421750664,34.69387755102041,50.70999999999981,-0.08553055317637018,12560.00000000032
M15,LONDON,15,SKIP_NEWS,3.0,1.5,1,107,-13144.999999999549,0.8821710290426713,39.25233644859813,35.63287620459562,0.05585220791351907,107,-25690.0,0.8054745769128835,28.971962616822427,31.175000000000146,-0.23818526737857762,12545.000000000451
M1,LONDON,60,INCLUDE_NEWS,2.0,0.5,1,158,225.00000000043656,1.0020696316055782,39.24050632911392,18.109406608226386,0.12032496093385224,158,-12239.99999999997,0.9076156691071025,27.848101265822784,25.33874089777876,-0.178549102947287,12465.000000000407
M1,LONDON,15,SKIP_NEWS,1.0,0.25,2,211,6801.999999999156,1.2460926193921433,50.71090047393365,2.36043113237435,0.016559851024318253,211,-5653.9999999990105,0.8774227117027461,49.763033175355446,12.70226384457034,-0.0036684880611615785,12455.999999998166
M1,LONDON,15,INCLUDE_NEWS,1.5,0.25,3,460,3582.999999998545,1.0438582532590517,40.869565217391305,6.056422919137377,0.02076422125685334,459,-8870.999999999258,0.9251367134755661,37.254901960784316,16.422495710094317,-0.0670822258933652,12453.999999997803
M1,LONDON,15,INCLUDE_NEWS,2.0,0.75,2,285,-1357.00000000016,0.9918062977387303,33.68421052631579,25.013984984543146,-0.014075879237507543,294,-13769.999999998981,0.9288011499364066,30.612244897959183,31.23393089846054,-0.0847379596588515,12412.999999998821
M15,LONDON,60,INCLUDE_NEWS,3.0,0.75,2,179,-12588.999999999636,0.922124758746972,35.19553072625698,28.67266591676009,-0.012662067765570597,226,-24990.99999999949,0.8923010622939532,34.95575221238938,47.059,-0.09957101911170577,12401.999999999854
M15,LONDON,60,INCLUDE_NEWS,1.5,0.25,3,321,11342.000000000335,1.1217409971555892,47.97507788161994,12.023588719265918,0.1942841442925488,311,-1022.9999999994616,0.9938242911215914,35.69131832797427,25.94696809812796,-0.12033750353137686,12364.999999999796
M1,LONDON,15,SKIP_NEWS,1.0,0.5,2,207,174.99999999912689,1.0029382135661373,50.24154589371981,6.8866361243789,0.005933152824885986,205,-12189.99999999968,0.8424555735056594,47.3170731707317,15.381959855994372,-0.054048699210733936,12364.999999998807
M15,LONDON,30,SKIP_NEWS,1.0,2.0,2,126,9210.000000000364,1.0712186823383874,52.38095238095239,22.081563296516563,0.03407133184667222,117,-3150.0000000002037,0.975869465297992,45.2991452991453,23.05228450306176,-0.028420265263756603,12360.000000000568
M1,LONDON,15,SKIP_NEWS,1.5,0.25,2,211,4299.999999999287,1.121218955261723,38.862559241706165,4.323981864617937,-0.028675274654114506,211,-8029.9999999988795,0.8543733338169621,37.44075829383886,14.480308243256918,-0.0623666542051592,12329.999999998166
M1,LONDON,15,INCLUDE_NEWS,2.0,0.5,3,425,9014.999999998297,1.056313833276063,35.05882352941177,15.272448196470423,0.04183792967018338,429,-3264.999999998967,0.9835279872865369,32.400932400932405,22.727470329956837,-0.050476748915061896,12279.999999997264
M5,LONDON,30,SKIP_NEWS,1.0,0.75,1,106,3587.9999999999127,1.0618492725642956,53.77358490566038,12.476599201723786,0.06471974368427366,106,-8568.999999999796,0.8901621483048153,41.509433962264154,15.851013122440566,-0.15755832225632446,12156.999999999709
M15,LONDON,60,SKIP_NEWS,2.5,0.75,2,126,-10429.0,0.9071872274531442,36.507936507936506,29.74037869336562,-0.0032784547060076344,152,-22579.999999999665,0.8527580158197117,31.57894736842105,30.55899999999994,-0.18896684677758965,12150.999999999665
M5,LONDON,60,SKIP_NEWS,2.0,0.75,2,145,-7006.000000000116,0.9418077312822889,40.689655172413794,24.252789585547223,0.025539205885563805,161,-19148.99999999978,0.8791914552669606,33.54037267080746,35.599999999999724,-0.16127106786175477,12142.999999999665
M1,LONDON,60,INCLUDE_NEWS,2.0,1.0,3,205,-22499.99999999914,0.8917853020392494,42.4390243902439,38.8724035608304,-0.010339577962914221,267,-34570.000000000684,0.8744871655229982,37.82771535580524,57.67000000000046,-0.10618088254228536,12070.000000001543
M15,LONDON,30,INCLUDE_NEWS,3.0,0.5,1,157,-3635.000000000029,0.9597786998616871,28.02547770700637,21.689334287759582,0.06883757929359068,157,-15690.000000000058,0.8746604888959885,22.929936305732486,32.96127253829839,-0.21877379646222697,12055.00000000003
M5,LONDON,30,INCLUDE_NEWS,3.0,0.75,1,158,-12876.99999999965,0.900901178227044,29.746835443037973,25.420909609600518,0.03204132454075055,158,-24929.99999999987,0.835608308605342,22.78481012658228,34.52599999999998,-0.22337589402372857,12053.000000000218
M1,LONDON,60,SKIP_NEWS,1.5,0.5,1,106,8153.000000000058,1.1311298753518293,45.28301886792453,9.781009625488723,0.12591627853977397,106,-3738.000000000058,0.9517864052624785,34.90566037735849,17.963999999999942,-0.11845002766925387,11891.000000000116
M5,LONDON,30,SKIP_NEWS,1.0,1.0,1,106,2970.000000000233,1.038411795137095,56.60377358490566,17.000541418516526,0.10944996581089486,106,-8899.999999999942,0.9075612796011642,42.45283018867924,22.871640669047153,-0.11444729339257105,11870.000000000175
M5,LONDON,60,INCLUDE_NEWS,2.0,0.75,3,223,-17339.999999999985,0.9064311076096225,39.91031390134529,26.278978460751812,-0.0013922909215034575,275,-29205.999999999316,0.8907320942204686,35.63636363636364,52.10699999999978,-0.10121540028691263,11865.99999999933
M5,LONDON,60,SKIP_NEWS,1.0,0.25,1,105,9465.000000000335,1.4208162902365515,60.0,4.0007725629775965,0.19974712938741573,105,-2389.000000000058,0.9461451758340831,43.80952380952381,10.928750532710865,-0.12380952380952902,11854.000000000393
M1,LONDON,15,INCLUDE_NEWS,2.5,0.25,2,313,-2572.0000000011496,0.9622851780162875,27.15654952076677,10.203713205252708,-0.04969804384878606,313,-14420.999999999418,0.8517898068879112,25.559105431309902,20.382737156297086,-0.10529502836899045,11848.999999998268
M15,LONDON,15,SKIP_NEWS,3.0,2.0,1,107,1010.0000000000873,1.0084138620459848,45.794392523364486,33.05314994056694,0.10048680079266104,107,-10659.999999999927,0.9226695683714188,33.64485981308411,31.219999999999914,-0.16008876962789542,11670.000000000015
M1,LONDON,15,SKIP_NEWS,1.0,0.5,1,107,959.999999999578,1.031072989156809,48.598130841121495,8.620000000000262,-0.027487630566239832,107,-10649.999999999942,0.754466858789628,46.728971962616825,15.154269313561436,-0.06527677929545646,11609.99999999952
M15,LONDON,30,SKIP_NEWS,1.0,0.25,2,189,9576.000000000538,1.3087836966335804,57.14285714285714,5.083036830930642,0.1444185960636658,187,-2012.0000000004948,0.9726986539296523,44.38502673796791,16.068116675097073,-0.10410416454649193,11588.000000001033
M5,LONDON,15,INCLUDE_NEWS,1.0,0.25,2,308,10887.999999998516,1.2677223437999032,56.16883116883117,4.585859775121964,0.1250435543619321,308,-677.9999999997672,0.9925555043151746,46.75324675324675,10.811534025374833,-0.06855414027257938,11565.999999998283
M15,LONDON,15,SKIP_NEWS,2.5,0.25,1,107,6502.000000000087,1.3165376563945403,38.31775700934579,4.158223859614874,0.34114836958167916,107,-5041.999999999782,0.9130539748232488,22.429906542056074,20.25699999999981,-0.27134390718598367,11543.999999999869
M15,LONDON,60,SKIP_NEWS,2.5,1.0,3,114,-6714.999999999185,0.9415120634091176,43.859649122807014,23.249253235976965,-0.011310699626831499,147,-18250.000000000015,0.8847271349166247,36.054421768707485,35.93000000000012,-0.10614721212167681,11535.00000000083
M15,LONDON,30,INCLUDE_NEWS,3.0,0.25,2,275,23140.000000000437,1.3151043085135419,31.636363636363633,8.26524981755397,0.26545454545455177,275,11616.999999999112,1.0785675639118022,24.727272727272727,29.741593077566847,-0.10393230210244074,11523.000000001324
M1,LONDON,30,SKIP_NEWS,3.0,0.25,1,106,5064.999999999214,1.1749084881552316,30.18867924528302,8.66456072883768,0.20802686280782012,106,-6345.00000000016,0.8435997929453491,19.81132075471698,11.562057574327648,-0.20802154823604563,11409.999999999374
M5,LONDON,60,INCLUDE_NEWS,3.0,0.75,1,157,-23323.999999999432,0.8482735291821742,33.12101910828025,32.05001859427249,-0.06169222746153945,157,-34694.00000000009,0.8117535987325079,29.29936305732484,44.167742187805516,-0.22315743349863487,11370.000000000655
M15,LONDON,60,SKIP_NEWS,2.5,0.75,3,128,-11628.000000000087,0.8976092986395452,35.9375,30.687112107764886,-0.018852228851226265,167,-22984.999999999694,0.8598714853561605,32.33532934131736,34.05400000000003,-0.17133350915739873,11356.999999999607
M5,LONDON,60,INCLUDE_NEWS,1.0,0.25,1,157,13798.00000000048,1.3901928623946813,58.59872611464968,4.755445466698042,0.1718278325633138,157,2733.0,1.0415950079902578,43.94904458598726,15.119824194150805,-0.12560316541208438,11065.00000000048
M5,LONDON,30,INCLUDE_NEWS,2.5,0.25,1,158,9484.000000000058,1.2278055342044576,34.177215189873415,8.200884810748924,0.19609644129457768,158,-1470.0000000005093,0.9806795031872172,24.68354430379747,14.866999999999914,-0.14860784441799088,10954.000000000568
M1,LONDON,60,INCLUDE_NEWS,2.0,1.0,2,196,-21919.999999999083,0.8920622414811936,42.3469387755102,38.18913480885263,-9.839284645952989e-05,239,-32740.000000000568,0.871411177879893,36.82008368200837,54.53000000000038,-0.10907126405693601,10820.000000001484
M15,LONDON,30,INCLUDE_NEWS,2.5,0.75,1,157,-14014.000000000262,0.8911034959709675,31.210191082802545,28.453950367412652,0.01271144150847583,157,-24792.999999999563,0.8403089091564925,28.02547770700637,38.399899716506035,-0.16303742330220886,10778.999999999302
M15,LONDON,15,INCLUDE_NEWS,1.0,0.5,1,159,14249.99999999997,1.350208896534779,57.23270440251572,5.621017718425761,0.1446759639048426,159,3500.0000000006985,1.0417461832061152,44.65408805031446,18.621780611992644,-0.10438332577564596,10749.999999999272
M1,LONDON,30,INCLUDE_NEWS,2.0,1.0,3,270,-8389.99999999984,0.9630981703026045,41.48148148148148,37.63301563801157,0.061965610626263344,320,-19069.999999999796,0.9349102327803951,33.4375,52.368976147979865,-0.08379458402412199,10679.999999999956
M1,LONDON,15,SKIP_NEWS,2.0,0.25,1,107,285.99999999937427,1.0137367915465572,28.037383177570092,4.514672686230312,-0.15773232234175974,107,-10369.999999999942,0.6884763278058185,24.299065420560748,14.661610606148445,-0.2735459322321108,10655.999999999316
M1,LONDON,30,INCLUDE_NEWS,1.0,0.25,1,158,2975.999999999316,1.1006561591016437,52.53164556962025,3.5701481835564373,0.05179079580021221,158,-7608.999999999869,0.8268438659172151,44.936708860759495,12.727100770794811,-0.10120067493175054,10584.999999999185
M15,LONDON,15,INCLUDE_NEWS,2.5,0.25,1,159,11027.000000000044,1.3558244595030744,36.477987421383645,5.3880347688210835,0.2767940101606155,159,487.000000000553,1.0057976190476252,23.89937106918239,15.811987748746475,-0.20148371392073985,10539.99999999949
M1,LONDON,15,INCLUDE_NEWS,1.0,0.25,1,159,3978.9999999991123,1.1813665162495535,51.57232704402516,3.054422642031183,0.033921810270899695,159,-6446.999999999593,0.8256955146402886,47.16981132075472,11.245083192853121,-0.056780283534317556,10425.999999998705
M1,LONDON,30,SKIP_NEWS,2.0,0.25,2,204,2859.999999999447,1.056685297498702,36.27450980392157,9.817164010653979,0.08823529411765656,204,-7497.0,0.8902422955859736,29.901960784313726,11.380741775294851,-0.10306930701602217,10356.999999999447
M1,LONDON,15,INCLUDE_NEWS,1.0,0.75,2,302,8380.000000000582,1.0649884447753357,52.64900662251656,18.106348741954058,0.05331117313022336,302,-1872.9999999996217,0.9875979155492899,49.00662251655629,16.53698084152376,-0.015472302303779065,10253.000000000204
M15,LONDON,60,SKIP_NEWS,2.0,0.25,2,176,11269.000000000247,1.2030121241600522,40.909090909090914,9.047148742314667,0.21375723450723638,170,1074.0,1.011238541710268,29.411764705882355,18.423083826960827,-0.16544043541016962,10195.000000000247
M15,LONDON,60,SKIP_NEWS,3.0,1.0,2,112,-5219.999999999229,0.9542867151239225,43.75,23.988274570474232,-0.0016667187920671217,139,-15400.00000000003,0.9002202928599194,35.25179856115108,33.050000000000104,-0.13124577029253423,10180.0000000008
M5,LONDON,30,SKIP_NEWS,3.0,0.25,1,106,14720.999999999665,1.5545259351339056,33.9622641509434,5.324950563531539,0.35849056603772195,106,4552.999999999898,1.0903086321802584,19.81132075471698,10.95776521449979,-0.20918543331493245,10167.999999999767
M5,LONDON,60,SKIP_NEWS,1.0,0.5,3,240,2569.999999999156,1.0229454042230188,52.916666666666664,15.890565383281277,0.05597559754341727,220,-7464.999999999272,0.9454452442723039,45.45454545454545,20.514201762977173,-0.06897440084742203,10034.999999998428
M1,LONDON,30,INCLUDE_NEWS,2.5,0.75,3,301,-7514.99999999952,0.9639846449504246,34.21926910299003,42.28808244949111,0.0370093787119959,356,-17525.999999998632,0.9376267856761592,29.775280898876407,51.03539964490895,-0.07256925932930262,10010.999999999112
M5,LONDON,30,INCLUDE_NEWS,2.0,0.25,2,297,20425.999999999258,1.2934770114942409,40.4040404040404,7.809636830073127,0.21178560140188443,297,10424.000000000058,1.081695350951441,30.303030303030305,20.14356894183798,-0.1055462115407384,10001.9999999992
M1,LONDON,30,SKIP_NEWS,1.0,1.0,1,106,4259.999999999942,1.0553966189856943,57.54716981132076,17.362455073265068,0.13240361296243,106,-5690.000000000116,0.9347925739170291,43.39622641509434,17.628502505103096,-0.10800486565241767,9950.000000000058
M5,LONDON,30,SKIP_NEWS,2.0,1.0,1,106,-10659.999999999884,0.8928643216080414,40.56603773584906,23.060915626182446,0.04091961148125175,106,-20599.99999999965,0.8254237288135614,28.30188679245283,30.18999999999962,-0.20036928825950365,9939.999999999767
M1,LONDON,15,INCLUDE_NEWS,3.0,1.0,1,159,-6590.000000000058,0.9507179180376907,25.78616352201258,32.62920023580278,-0.11050455283233847,159,-16229.99999999965,0.8892830343133933,24.528301886792452,37.217222087083385,-0.15374783863254068,9639.999999999593
M15,LONDON,30,INCLUDE_NEWS,1.5,0.5,2,273,20550.000000000175,1.1816735181010496,45.05494505494506,10.466604709884454,0.12803769192762143,265,10918.000000000087,1.062418889174742,38.113207547169814,22.111147283251825,-0.06371286404726763,9632.000000000087
M15,LONDON,15,SKIP_NEWS,1.5,0.25,1,107,6753.999999999942,1.4190866219905727,45.794392523364486,2.402683516654727,0.14521363334811133,107,-2863.9999999997963,0.9433723505219895,35.51401869158878,16.72199999999993,-0.12116916329010863,9617.999999999738
M15,LONDON,60,INCLUDE_NEWS,1.5,1.0,1,156,-6834.999999999112,0.9575571286636909,48.07692307692308,23.813555545653006,0.04248361277249744,156,-16445.00000000067,0.9078246735048445,38.46153846153847,29.763900196351006,-0.1285708889040201,9610.000000001557
M1,LONDON,30,SKIP_NEWS,2.0,0.75,1,106,-2438.0000000003492,0.968507802004749,38.67924528301887,21.439707055325886,0.09036407433320623,106,-11970.999999999825,0.8648154212731372,25.471698113207548,20.442516906792118,-0.24950683796450032,9532.999999999476
M15,LONDON,30,INCLUDE_NEWS,1.5,0.25,3,355,10407.000000001222,1.1374242364219935,45.91549295774648,10.930219124273014,0.14845204343335835,345,901.9999999994907,1.00572233359555,37.10144927536232,23.78948959540547,-0.08132662128079135,9505.000000001732
M1,LONDON,15,SKIP_NEWS,1.5,0.25,1,107,4385.999999999258,1.2570624780212798,40.18691588785047,3.139993017804533,0.00476524565282955,107,-5081.999999999505,0.823969518531367,36.44859813084112,11.944848285888346,-0.08897242757506657,9467.999999998763
M1,LONDON,60,INCLUDE_NEWS,1.0,0.25,1,158,8367.000000000771,1.214093805173891,55.06329113924051,5.238845617036686,0.10210174349177713,158,-1086.000000000029,0.9805453047185672,44.303797468354425,9.712045860066207,-0.11376359422357162,9453.0000000008
M5,LONDON,30,SKIP_NEWS,3.0,0.75,1,106,-1457.9999999999127,0.9821260006620012,33.0188679245283,16.42045348162304,0.08730844236704942,106,-10910.999999999767,0.8939248111529167,21.69811320754717,21.154170492663425,-0.23577225108674274,9452.999999999854
M15,LONDON,60,SKIP_NEWS,1.5,0.25,2,177,9381.000000000247,1.187867985741185,48.58757062146893,9.552322126379876,0.20686522689581754,172,-13.999999999665306,0.9998450418940337,34.30232558139535,16.83349330408128,-0.14817987182794368,9394.999999999913
M5,LONDON,60,INCLUDE_NEWS,3.0,0.5,2,239,-34864.99999999993,0.7995573186156143,28.870292887029287,42.169060470222284,-0.05746076718627464,259,-44224.99999999952,0.8097972173838263,25.096525096525095,60.76999999999971,-0.20001078812129355,9359.999999999593
M1,LONDON,15,SKIP_NEWS,1.0,0.25,1,107,5802.999999999083,1.4529701038169378,53.271028037383175,1.182732670271994,0.06909876479508573,107,-3483.9999999996217,0.8554776620898633,49.532710280373834,9.253277779901396,-0.009513682914535842,9286.999999998705
M1,LONDON,15,SKIP_NEWS,3.0,0.25,2,210,-248.00000000093132,0.9946381856311826,22.380952380952383,7.6866512151765685,-0.1051160960251826,211,-9448.999999999156,0.8599380401108886,20.85308056872038,20.341810598848216,-0.16576085906345497,9200.999999998225
M15,LONDON,15,SKIP_NEWS,1.0,0.5,1,107,4770.000000000291,1.1645678799379067,57.943925233644855,7.376253639598912,0.15928484355953326,107,-4369.999999999505,0.9281427279454156,42.05607476635514,17.981432755796106,-0.158985927596942,9139.999999999796
M1,LONDON,15,INCLUDE_NEWS,1.0,0.75,3,428,3072.000000000029,1.0165953584856724,51.63551401869159,26.2023217247096,0.03325521449863112,422,-6004.9999999994325,0.9717234786949034,48.1042654028436,24.121142386096505,-0.03255055507689935,9076.999999999462
M5,LONDON,60,INCLUDE_NEWS,3.0,0.5,3,265,-36225.000000000146,0.8050899895079486,29.81132075471698,44.71963907559178,-0.03344896251855202,314,-45254.999999999025,0.8278983095967023,27.70700636942675,64.85999999999916,-0.17522440161786862,9029.99999999888
M5,LONDON,15,SKIP_NEWS,2.5,0.25,2,205,18324.99999999939,1.4911025352414493,35.609756097560975,3.881300781326373,0.24625237060317579,208,9333.000000000276,1.1164645103324387,24.03846153846154,10.676970053649319,-0.17771959709332003,8991.999999999112
M15,LONDON,60,INCLUDE_NEWS,3.0,0.25,1,156,14450.000000000262,1.248619259820037,31.41025641025641,6.927554553430891,0.24646202405257361,156,5476.999999999796,1.0556673578078617,25.0,25.874966907454304,-0.16081830103227931,8973.000000000466
M15,LONDON,60,SKIP_NEWS,2.0,0.75,1,105,-3974.9999999999127,0.9589193993447788,40.0,17.359461599366316,0.04284260106892321,105,-12937.000000000015,0.8893128791314093,31.428571428571427,25.167,-0.2293986097374116,8962.000000000102
M15,LONDON,15,SKIP_NEWS,2.0,0.25,1,107,2369.0000000001455,1.1177376869937001,40.18691588785047,4.868215246810928,0.20647685285805203,107,-6576.999999999476,0.8809829717160472,28.037383177570092,20.939999999999927,-0.20121132902834266,8945.999999999622
M5,LONDON,30,SKIP_NEWS,2.5,1.5,3,128,-19521.999999999505,0.8608305114952801,42.96875,34.12498390330909,-0.031076009231795182,152,-28389.999999999796,0.8425140067676272,35.526315789473685,45.778999999999726,-0.08943104421991466,8868.000000000291
M5,LONDON,60,SKIP_NEWS,2.0,0.75,3,155,-7140.000000000175,0.9422787757279816,41.29032258064516,22.498806462690453,0.018260680618093654,184,-15866.999999999403,0.9084457061745945,34.23913043478261,37.213999999999466,-0.13470664309767355,8726.999999999229
M1,LONDON,15,INCLUDE_NEWS,2.0,0.5,2,303,11654.999999998865,1.102511104270186,35.973597359735976,17.153416261042448,0.06886976852446891,304,2935.0000000010186,1.0205223228332763,31.57894736842105,19.109446170873863,-0.0565834206436025,8719.999999997846
M1,LONDON,60,SKIP_NEWS,2.5,0.75,1,106,-11324.00000000003,0.8905237920300084,35.84905660377358,28.243471787277695,-0.018476709261096343,106,-19842.00000000003,0.8298868312757192,25.471698113207548,29.336999999999914,-0.26543477659992754,8518.0
M15,LONDON,30,INCLUDE_NEWS,3.0,0.25,3,340,19391.00000000064,1.2133481499411447,29.705882352941178,10.221497659337926,0.18389830508475224,344,10954.9999999992,1.060788165312731,26.744186046511626,32.212167776450286,-0.05785485478289691,8436.00000000144
M15,LONDON,30,INCLUDE_NEWS,3.0,0.75,1,157,-10510.999999999942,0.9188063898158455,30.573248407643312,27.671530609401607,0.05187952424299753,157,-18603.99999999971,0.8812551062091524,26.751592356687897,33.50500794109802,-0.15204493957114648,8092.999999999767
M1,LONDON,15,SKIP_NEWS,2.0,0.25,2,211,-3912.0000000006257,0.90824224797109,28.436018957345972,9.215820238366783,-0.1466907045301152,211,-11766.999999999418,0.8092899628855375,28.436018957345972,18.770813844714382,-0.146438975205026,7854.999999998792
M1,LONDON,30,SKIP_NEWS,1.5,0.25,2,204,-3252.0000000001455,0.9316418977150884,41.17647058823529,11.005264952085298,0.02965628202287689,204,-11087.000000000204,0.8258431378709088,36.76470588235294,13.008082119049519,-0.08107486075370444,7835.000000000058
M15,LONDON,60,INCLUDE_NEWS,1.0,0.5,3,300,12419.99999999933,1.090442381212448,53.666666666666664,11.14239556889009,0.07859581996883361,285,4605.000000000422,1.024003753029792,45.96491228070175,26.182978723404233,-0.07308434335682262,7814.999999998909
M1,LONDON,60,SKIP_NEWS,1.5,1.0,1,106,1769.9999999997817,1.0162938414802525,48.113207547169814,18.099146949943766,0.06977741134124343,106,-6000.000000000218,0.9508840864440058,35.84905660377358,31.180000000000085,-0.12748616529441745,7770.0
M1,LONDON,15,INCLUDE_NEWS,1.5,0.5,3,434,6497.9999999988795,1.0437104802905894,42.16589861751152,13.828922571252782,0.052659475409947455,432,-1248.9999999987922,0.993153913615442,38.657407407407405,17.700090412020224,-0.044452643095918766,7746.999999997672
M15,LONDON,30,SKIP_NEWS,2.0,1.5,3,117,-11959.999999999622,0.9059156702328539,43.58974358974359,34.166595690315596,-0.026767643882700885,137,-19690.00000000006,0.8757101376088876,40.14598540145985,33.475,-0.05275816820509618,7730.000000000437
M1,LONDON,15,INCLUDE_NEWS,1.5,1.0,2,281,-21439.999999999854,0.8937719863251257,38.79003558718861,32.71770381560333,-0.04662178550359618,286,-29069.999999999447,0.8694832308175838,36.01398601398601,45.300894008806566,-0.11829390852570144,7629.999999999593
M15,LONDON,60,INCLUDE_NEWS,2.0,0.25,2,265,8052.999999999782,1.0891341162407147,39.24528301886793,10.82818760311117,0.1683821632953715,260,484.0000000001455,1.003193496879084,31.153846153846153,24.513163976314225,-0.1289078193024552,7568.999999999636
M5,LONDON,30,SKIP_NEWS,2.5,0.75,1,106,-4540.999999999593,0.9438613408498117,33.9622641509434,17.296253379683318,0.04450652994728718,106,-12016.999999999738,0.8818828756216964,23.58490566037736,21.34457000574608,-0.21996541243424947,7476.0000000001455
M5,LONDON,30,SKIP_NEWS,1.0,0.25,3,285,12930.999999999462,1.277102753669761,57.19298245614035,6.3000695028718,0.1443283772024993,281,5492.000000000437,1.063488393600302,49.8220640569395,13.695909104452287,-0.004472364644915682,7438.999999999025
M1,LONDON,15,SKIP_NEWS,1.5,0.25,3,310,2317.9999999989814,1.0432874563483698,39.03225806451613,5.471326215098475,-0.026413726949540046,307,-5118.99999999885,0.9334278357219163,37.45928338762215,12.924918026712785,-0.061185461273131334,7436.999999997832
M5,LONDON,60,INCLUDE_NEWS,3.0,0.25,1,157,2279.0000000007713,1.0364780075549136,28.02547770700637,7.629624085474103,0.12483783228346018,157,-5131.000000000073,0.9454317285092884,21.656050955414013,26.390960560714717,-0.2129328667293152,7410.000000000844
M5,LONDON,15,SKIP_NEWS,1.5,0.25,2,207,7314.9999999993015,1.2203977101536343,43.47826086956522,4.892630913205639,0.08680076723820686,208,-70.99999999975262,0.9989993939991857,36.05769230769231,10.81771064141311,-0.10388820014785197,7385.999999999054
M1,LONDON,60,INCLUDE_NEWS,2.0,0.25,1,158,3099.0000000000437,1.0547168811907424,37.34177215189873,10.110519099283167,0.12123526844174519,158,-4238.000000000058,0.9435595567867027,29.746835443037973,16.459892035230627,-0.10759493670886944,7337.000000000102
M1,LONDON,30,INCLUDE_NEWS,2.5,1.0,3,250,-19694.999999999738,0.9101136415499077,38.0,49.3513208611446,0.029765271845115834,315,-26999.999999999985,0.908783783783784,31.746031746031743,53.31961345740886,-0.08868085761228463,7305.000000000247
M1,LONDON,30,SKIP_NEWS,1.5,1.5,1,106,-12120.000000000058,0.8974749397284608,47.16981132075472,28.635887197404454,0.014365625925112419,106,-19356.999999999796,0.8486078523384969,36.79245283018868,31.234490469308323,-0.13373497237156473,7236.999999999738
M1,LONDON,30,SKIP_NEWS,3.0,0.25,2,203,-1335.0000000010623,0.9769310523587172,26.60098522167488,12.846637323624938,0.06428988895384588,204,-8522.000000000204,0.8886566150147617,20.588235294117645,13.053830128359317,-0.1769925175434862,7186.999999999141
M5,LONDON,60,INCLUDE_NEWS,2.5,0.75,1,157,-23317.999999999563,0.8462725139105012,34.394904458598724,31.568231858422962,-0.05665241897768518,157,-30457.000000000116,0.8347431647142439,29.29936305732484,41.107056537604834,-0.22373289354994608,7139.000000000553
M1,LONDON,30,INCLUDE_NEWS,2.0,0.25,2,301,1109.9999999993743,1.014469327632497,35.548172757475086,11.432019681567287,0.06988188370074921,302,-6023.000000000029,0.9415815559499903,30.4635761589404,11.974813750330698,-0.08634211575873282,7132.999999999403
M5,LONDON,30,SKIP_NEWS,1.5,0.25,2,201,13236.999999999622,1.328983994432836,48.756218905472636,6.87888799863187,0.21908006226193455,201,6123.000000000407,1.0801135694566264,38.308457711442784,15.455237229342778,-0.04977907326168531,7113.999999999214
M1,LONDON,30,INCLUDE_NEWS,3.0,0.25,3,427,505.9999999982683,1.004154521942594,26.697892271662766,14.260756025121221,0.06328452362448159,432,-6461.000000000335,0.9599205979963388,22.22222222222222,22.321460501377477,-0.13041643216035487,6966.999999998603
M15,LONDON,60,SKIP_NEWS,3.0,1.0,3,113,-5849.999999999258,0.9490506880334493,43.36283185840708,24.476834134027676,-0.010501526590367405,147,-12810.0,0.9190879231935322,36.054421768707485,35.93000000000012,-0.09562235213296402,6960.000000000742
M1,LONDON,60,SKIP_NEWS,2.5,1.0,2,130,-20239.999999999898,0.8478881707500389,41.53846153846154,36.75306409483619,-0.03827860619744143,160,-27180.000000000116,0.8499999999999996,34.375,49.54000000000022,-0.13341303616345512,6940.000000000218
M5,LONDON,30,SKIP_NEWS,2.0,0.5,1,106,-1754.9999999999854,0.9676884838442423,35.84905660377358,12.12433292762862,0.07547169811320616,106,-8684.999999999709,0.8825795984587333,24.528301886792452,21.118706160925793,-0.26236032658102665,6929.9999999997235
M1,LONDON,15,INCLUDE_NEWS,1.5,2.0,3,220,740.0000000002474,1.0033666969972717,45.909090909090914,48.25547586741626,0.010826955482874923,234,-6024.999999999156,0.976314961868075,41.88034188034188,53.42117347839872,-0.0370723375707505,6764.999999999403
M15,LONDON,30,INCLUDE_NEWS,2.5,0.5,2,256,8050.999999999534,1.0617289630055549,32.421875,20.57997608919319,0.08646127041834098,263,1685.9999999997817,1.0085755703059418,28.13688212927757,33.083506086217014,-0.1187485485048255,6364.999999999753
M1,LONDON,30,SKIP_NEWS,3.0,1.5,2,126,-14204.999999999956,0.894898449927861,43.65079365079365,28.285646724993875,-0.044772463579742225,151,-20509.999999999854,0.8811014492753632,33.77483443708609,37.67791970802908,-0.10825609802111981,6304.999999999898
M5,LONDON,30,SKIP_NEWS,2.0,0.25,1,106,9409.999999999709,1.3965110399460545,42.45283018867924,4.150939888068888,0.2735849056603761,106,3278.000000000029,1.0733038150185614,29.245283018867923,8.444658700065967,-0.12280371081459733,6131.99999999968
M5,LONDON,60,INCLUDE_NEWS,3.0,0.75,3,200,-14945.999999999665,0.9161994258544925,35.5,25.113425065079582,-0.009242307394657453,274,-21004.999999999185,0.92159680489717,35.03649635036496,53.26399999999958,-0.08172301521663372,6058.99999999952
M1,LONDON,15,SKIP_NEWS,2.5,0.25,2,211,-2315.0000000007713,0.9484799928784274,25.118483412322274,9.101478316760959,-0.12119431124230402,211,-8358.999999999243,0.869937294807775,25.59241706161137,16.36252022992342,-0.10397744299404571,6043.999999998472
M1,LONDON,30,INCLUDE_NEWS,1.5,0.25,2,301,-2384.000000000364,0.9662843485270567,42.524916943521596,12.097481152475336,0.0635846972534303,302,-8413.00000000035,0.9109113243111563,36.75496688741722,17.596819186320708,-0.08095879732956594,6028.999999999985
M1,LONDON,30,SKIP_NEWS,2.0,0.25,1,106,2902.9999999997235,1.1120979264007296,40.56603773584906,8.501510977225763,0.21698113207548922,106,-3113.999999999898,0.912738889200249,30.18867924528302,9.179409295437077,-0.09446420908370398,6016.999999999622
M5,LONDON,15,SKIP_NEWS,2.0,0.25,2,206,12856.999999999302,1.3610198523011048,38.83495145631068,4.323494017161132,0.1663759482767827,208,6884.000000000597,1.0916156507852095,30.76923076923077,9.893517272110888,-0.09118662015240163,5972.999999998705
M15,LONDON,30,SKIP_NEWS,3.0,0.25,1,106,10259.000000000451,1.3708429728166807,35.84905660377358,7.96234333352228,0.43396226415092254,106,4326.999999999636,1.0705400955315314,22.641509433962266,13.992757212893686,-0.1803700062848185,5932.000000000815
M1,LONDON,60,SKIP_NEWS,2.5,1.0,3,134,-22459.999999999927,0.8345122310639558,41.04477611940299,38.52961198093936,-0.05393303661541526,183,-28330.000000000116,0.8570058550373506,36.0655737704918,52.20000000000016,-0.12772402916770012,5870.000000000189
M1,LONDON,15,SKIP_NEWS,1.0,0.5,3,297,-1855.000000000844,0.97858585858585,50.505050505050505,9.984361255009746,0.01351564809170536,294,-7599.999999999447,0.9282274057984767,48.97959183673469,12.333075285465396,-0.022644804645342426,5744.999999998603
M5,LONDON,30,INCLUDE_NEWS,1.0,0.25,3,423,15650.999999999302,1.2161710473612148,55.7919621749409,7.289602165611335,0.11533979861530522,414,9942.999999999738,1.075220904194152,49.75845410628019,14.198652264571654,-0.0035393129361183813,5707.999999999563
M5,LONDON,60,INCLUDE_NEWS,2.5,0.75,3,211,-17684.999999999884,0.9040922796589967,36.492890995260666,27.26326267819778,-0.013913160600622565,274,-23379.999999999127,0.9127318875741883,35.03649635036496,53.95199999999958,-0.10224195170979747,5694.999999999243
M15,LONDON,30,SKIP_NEWS,1.0,2.0,1,106,4600.000000000378,1.039542680306029,53.77358490566038,21.863180397960868,0.031086637914421462,106,-1090.0000000001164,0.9911049453239753,44.339622641509436,19.958886189497274,-0.030744422358099998,5690.000000000495
M5,LONDON,30,SKIP_NEWS,2.5,1.5,2,125,-19896.999999999534,0.8562978477538671,43.2,34.82652448182599,-0.019518035985003936,144,-25409.999999999854,0.8539906912601279,35.41666666666667,41.75899999999972,-0.09006406484428216,5513.00000000032
M1,LONDON,15,INCLUDE_NEWS,2.0,1.5,3,249,470.0000000000873,1.0021157828396507,40.16064257028113,44.935102956963156,0.011182006515991471,279,-4919.99999999904,0.981936999779723,34.05017921146953,40.51452697867436,-0.10268738727296478,5389.999999999127
M1,LONDON,15,INCLUDE_NEWS,3.0,0.5,3,399,-15345.00000000083,0.9103496626062534,25.062656641604008,29.923160279776123,-0.0506277029401708,420,-20684.999999999432,0.9054010793012012,23.095238095238095,36.457642847673355,-0.124349048431793,5339.999999998603
M1,LONDON,60,SKIP_NEWS,1.0,1.5,2,139,3805.0000000003056,1.026594443473705,56.83453237410072,24.759342075343103,0.07085658170519665,133,-1530.0000000007858,0.9895054530489008,42.857142857142854,34.32500000000017,-0.06564542520587689,5335.000000001091
M15,LONDON,30,SKIP_NEWS,2.0,1.5,2,116,-11179.999999999622,0.9115086275130633,43.96551724137931,34.166595690315596,-0.018377709778241408,134,-16460.000000000146,0.8930265808799631,40.298507462686565,31.19010972642865,-0.04963212524005263,5280.000000000524
M15,LONDON,15,INCLUDE_NEWS,3.0,0.5,1,159,9025.000000000015,1.1311392037198504,30.81761006289308,15.89363881903707,0.20891201443958038,159,3865.00000000032,1.0334024716964856,22.641509433962266,23.360166390632727,-0.16898307565709764,5159.999999999694
M15,LONDON,15,INCLUDE_NEWS,2.5,0.5,1,159,7885.000000000306,1.1197418375094983,33.9622641509434,13.298888939691764,0.17904402961714286,159,2777.00000000032,1.0241583297085726,23.270440251572328,23.86219733609984,-0.21722881509474767,5107.999999999985
M1,LONDON,15,INCLUDE_NEWS,1.5,0.5,2,304,7306.999999998981,1.0701113030128484,42.43421052631579,13.131871676481824,0.05968906902603617,304,2333.0000000009604,1.0182102017718544,39.473684210526315,13.972417113157867,-0.015440379579088196,4973.999999998021
M1,LONDON,30,SKIP_NEWS,3.0,0.5,1,106,4364.99999999952,1.076277850589768,31.132075471698112,14.17336988271237,0.17773245421260145,106,-589.999999999709,0.991310111201123,18.867924528301888,15.469531211325924,-0.25359338265359316,4954.999999999229
M15,LONDON,60,INCLUDE_NEWS,2.5,0.5,1,156,-9510.999999999869,0.9160176600441505,32.69230769230769,17.479162354889063,0.04816120761915478,156,-14290.999999999796,0.9003937968287169,28.846153846153843,33.9168978033836,-0.2072745627719896,4779.999999999927
M5,LONDON,60,SKIP_NEWS,3.0,0.25,1,105,8958.000000000451,1.2341777115520485,31.428571428571427,9.62193140022205,0.2628527587476491,105,4196.000000000029,1.0685217845711672,21.904761904761905,15.601802979272502,-0.17094729325607147,4762.000000000422
M1,LONDON,30,SKIP_NEWS,1.5,0.25,1,106,908.0000000000291,1.0381272307369296,46.22641509433962,7.02960449332998,0.15567651222746262,106,-3843.0000000000146,0.88254531006449,38.67924528301887,7.258103637298754,-0.0333697382460824,4751.000000000044
M5,LONDON,15,INCLUDE_NEWS,1.5,0.25,3,432,3670.999999998923,1.0484895716380074,41.66666666666667,5.462566244717602,0.039854034839403626,431,-1053.999999999418,0.9930891137149002,35.96287703016242,20.929961124428694,-0.10511373909298952,4724.999999998341
M1,LONDON,30,SKIP_NEWS,2.0,1.0,1,106,1729.999999999418,1.018235480130699,42.45283018867924,21.322378716744964,0.10006712997446077,106,-2909.9999999996508,0.9723147179145685,30.18867924528302,24.066758838633344,-0.14867105941956238,4639.999999999069
M1,LONDON,30,SKIP_NEWS,2.5,1.5,1,106,-11400.000000000058,0.9064039408866996,44.339622641509436,28.969926183322436,0.028874620656749155,106,-16021.999999999796,0.8772025292201586,33.9622641509434,30.805968513715932,-0.1509081803543099,4621.999999999738
M5,LONDON,30,SKIP_NEWS,2.0,1.5,1,106,-16794.99999999997,0.8640356203197734,44.339622641509436,38.13813813813784,-0.0004241748956778824,106,-21410.00000000019,0.8439049285505963,33.0188679245283,35.12328508792629,-0.15590933622129594,4615.000000000218
M5,LONDON,15,SKIP_NEWS,1.0,0.25,2,208,8210.999999998778,1.310916732931902,55.28846153846154,4.077945541360329,0.10805817937808704,208,3684.0000000002765,1.064210269460039,49.03846153846153,7.661117827583111,-0.024528927769742248,4526.999999998501
M5,LONDON,30,INCLUDE_NEWS,2.5,0.75,1,158,-21797.999999999418,0.831361839407705,30.37974683544304,29.5615915661939,-0.03147865457158982,158,-26290.999999999927,0.8244973431951088,24.68354430379747,38.6890000000001,-0.20884611248890803,4493.000000000509
M1,LONDON,30,INCLUDE_NEWS,2.0,0.5,2,292,10690.000000000044,1.074907154369,38.013698630136986,16.54122100444542,0.12531949419612642,294,6370.000000000291,1.0384221002473022,30.952380952380953,20.11594202898612,-0.09241286691109046,4319.999999999753
M5,LONDON,30,SKIP_NEWS,2.5,0.25,1,106,11161.000000000146,1.4359935934997514,37.735849056603776,5.642718271013316,0.32072974882656763,106,6954.999999999869,1.1476770851027658,24.528301886792452,7.214999999999694,-0.1417021070669125,4206.0000000002765
M5,LONDON,60,SKIP_NEWS,1.5,1.0,2,136,-12630.00000000016,0.9021461222592372,46.32352941176471,26.619913492630136,0.004389960762871812,146,-16820.000000000262,0.8922761624183404,37.67123287671233,33.82999999999991,-0.1375083142959014,4190.000000000102
M15,LONDON,60,INCLUDE_NEWS,2.5,0.25,1,156,9133.999999999942,1.1615093538918577,34.61538461538461,7.552225559803505,0.2006618481879718,156,4949.999999999593,1.0509573810994404,25.64102564102564,24.504882723373235,-0.20627878341851263,4184.000000000349
M1,LONDON,30,INCLUDE_NEWS,1.0,0.5,2,298,6094.999999998981,1.054959422903507,54.36241610738255,13.799604956006437,0.09317078574846328,297,1979.9999999996944,1.0152056214721783,47.81144781144781,13.380872483221559,-0.047473500717723834,4114.999999999287
M5,LONDON,30,SKIP_NEWS,1.5,0.25,3,282,15116.99999999933,1.2667690190057599,46.45390070921986,5.933077896323806,0.16068510473227,279,11165.000000000146,1.1095789576994826,40.14336917562724,13.600909232560443,-0.0027531151467584205,3951.999999999185
M5,LONDON,30,SKIP_NEWS,2.5,1.0,1,106,-13764.999999999738,0.8659035557720429,36.79245283018868,22.408293460925112,-0.010068873875436818,106,-17684.99999999971,0.8507468984724467,27.358490566037734,27.182094611434966,-0.19749963704550424,3919.999999999971
M1,LONDON,60,SKIP_NEWS,3.0,0.25,1,106,11578.00000000035,1.2962640736949942,32.075471698113205,6.637485712260638,0.28909315701771054,106,7678.999999999825,1.1494492234634652,25.471698113207548,12.216000000000173,0.018718855147149282,3899.000000000524
M15,LONDON,60,INCLUDE_NEWS,2.0,1.0,2,171,-16809.999999999185,0.9049476957873944,43.859649122807014,26.88838268792642,-0.0015986892865899485,208,-20660.000000000306,0.9042720785840035,39.42307692307692,33.420000000000364,-0.09561417558118611,3850.0000000011205
M1,LONDON,15,INCLUDE_NEWS,1.5,1.5,3,274,-5283.000000000786,0.9771169922467152,43.43065693430657,47.55110960035001,-0.004825150866776447,285,-9052.999999999069,0.9662169978542811,37.19298245614035,41.267563022844904,-0.1009611828865739,3769.999999998283
M1,LONDON,15,INCLUDE_NEWS,3.0,1.0,2,257,-16629.999999999432,0.9169538077403276,28.01556420233463,44.407708293973165,-0.07819038693843727,277,-20189.999999999593,0.9171216288329722,25.992779783393498,44.703230653643814,-0.13462625445375492,3560.00000000016
M5,LONDON,30,INCLUDE_NEWS,1.5,1.5,3,203,-30575.99999999994,0.8606698564593306,45.812807881773395,44.480438803964525,-0.0067826108132346356,218,-33930.99999999988,0.8570664307679349,39.908256880733944,55.90999999999989,-0.07362069391505748,3354.999999999942
M5,LONDON,30,SKIP_NEWS,3.0,1.5,3,126,-16374.999999999825,0.8828390512646235,42.857142857142854,32.66769537986718,-0.02891892295414117,152,-19724.99999999971,0.8905807954734573,35.526315789473685,38.45014807502432,-0.07062665847487834,3349.9999999998836
M1,LONDON,60,SKIP_NEWS,2.5,0.25,1,106,9800.00000000051,1.2613472718545133,33.9622641509434,6.281698635644818,0.1886432464542413,106,6510.000000000073,1.1331342795206352,29.245283018867923,12.69923134143332,0.023570523671850464,3290.0000000004366
M5,LONDON,30,INCLUDE_NEWS,2.5,1.0,2,220,-20139.99999999968,0.900400573661047,36.81818181818181,34.55882352941171,0.002392253874913171,244,-23374.999999999694,0.9037947071654943,33.60655737704918,43.9699999999997,-0.08374316229161499,3235.0000000000146
M5,LONDON,15,INCLUDE_NEWS,1.5,0.5,2,301,15137.99999999904,1.1523474060282703,43.85382059800664,9.264138109425927,0.09519500509166376,298,12173.000000000742,1.0810236954206662,37.58389261744966,16.999328620512568,-0.06716716925747813,2964.9999999982974
M5,LONDON,30,SKIP_NEWS,1.0,0.25,2,202,7520.999999999491,1.2175711640823712,56.43564356435643,6.9518227618937045,0.12933819486676973,201,4618.00000000048,1.0727519062322861,49.25373134328358,14.912636737118012,-0.019512052109806177,2902.9999999990105
M15,LONDON,30,INCLUDE_NEWS,2.5,0.25,2,275,14189.99999999997,1.1987506302874094,33.81818181818182,9.88662131519281,0.18367547426948685,275,11309.999999999243,1.0790671336591038,27.27272727272727,21.53735875194327,-0.09823676544082341,2880.0000000007276
M1,LONDON,30,SKIP_NEWS,2.5,0.5,1,106,7283.999999999563,1.1318013209083415,33.9622641509434,14.098609807339777,0.17388925179863082,106,4439.000000000451,1.0695114312558776,22.641509433962266,13.877620013522614,-0.19580703591848236,2844.9999999991123
M1,LONDON,30,SKIP_NEWS,2.5,0.25,1,106,3419.999999999607,1.1229861910241503,34.90566037735849,9.539140063085584,0.2218328075073338,106,713.0000000000146,1.019313072214095,26.41509433962264,6.9122921421586225,-0.07578714993036062,2706.9999999995925
M5,LONDON,30,INCLUDE_NEWS,1.0,0.5,3,406,6869.999999998894,1.046508479165953,52.70935960591133,13.794996112152974,0.05868933152328735,387,4230.0000000002765,1.0214939024390262,47.80361757105943,24.824896195948728,-0.03717915040739904,2639.9999999986176
M15,LONDON,30,INCLUDE_NEWS,2.5,0.25,3,345,12428.000000000407,1.1401743720463375,32.463768115942024,12.625297435032817,0.13344372640227953,344,9825.99999999965,1.056020843904466,28.77906976744186,25.433383054201116,-0.06230807480692058,2602.0000000007567
M15,LONDON,30,INCLUDE_NEWS,1.0,0.25,3,357,10185.000000000524,1.164192097499645,54.621848739495796,8.091501477408652,0.09403798730150936,350,7781.9999999990105,1.0580611947982106,48.57142857142857,16.83684386206721,-0.02891140085316361,2403.0000000015134
M15,LONDON,30,INCLUDE_NEWS,2.0,0.25,3,351,10537.000000000437,1.1254419695472615,38.17663817663818,11.278560548362476,0.14454337907236267,344,8137.999999999243,1.0484093558902565,32.26744186046512,27.09823874755411,-0.07247247036257856,2399.0000000011933
M1,LONDON,15,INCLUDE_NEWS,3.0,0.5,2,291,-7610.00000000096,0.9407551576488836,25.42955326460481,27.44743276283672,-0.015945886915970948,303,-9794.999999999418,0.9396599519497365,22.442244224422442,26.477417093792422,-0.12158777212092459,2184.9999999984575
M5,LONDON,30,INCLUDE_NEWS,1.5,0.25,3,414,19588.999999998952,1.228862173308552,45.893719806763286,7.164984700762211,0.14485666495453078,412,17486.99999999997,1.1118967481027398,38.83495145631068,22.427552476054856,-0.03281593910264114,2101.9999999989814
M5,LONDON,60,SKIP_NEWS,2.5,0.75,2,140,-10461.999999999913,0.9141396318394088,37.142857142857146,24.987153574731813,-0.0018260757377984366,160,-12500.999999999665,0.9214410949606943,32.5,34.97999999999967,-0.1707537167401689,2038.9999999997526
M1,LONDON,15,INCLUDE_NEWS,1.5,2.0,2,208,2890.000000000189,1.0135084603159776,45.67307692307692,47.56944444444456,0.021281228660951106,215,865.0000000006112,1.0036157672532742,42.32558139534884,47.15852795470611,-0.02972889698025741,2024.999999999578
M15,LONDON,60,INCLUDE_NEWS,2.0,1.0,3,173,-18409.999999999243,0.8968338470159745,43.35260115606936,27.990888382687334,-0.013140900971138042,217,-20430.000000000393,0.907727744907636,39.63133640552996,36.39000000000026,-0.07696547965791058,2020.0000000011496
M5,LONDON,15,INCLUDE_NEWS,1.0,0.25,3,438,6439.99999999837,1.103143969120847,53.65296803652968,5.953056234718751,0.07424814356872603,433,4488.000000000204,1.0357592465698868,48.03695150115473,12.534505302920357,-0.04102921051414012,1951.9999999981665
M5,LONDON,60,INCLUDE_NEWS,2.5,0.25,1,157,2181.0000000005384,1.036505146874226,32.48407643312102,8.087597989175215,0.1368818495607739,157,241.00000000004366,1.0027017331449968,24.840764331210192,17.77455795264044,-0.1782804400836615,1940.0000000004948
M1,LONDON,30,SKIP_NEWS,2.5,0.25,2,203,-448.0000000007276,0.991843422849326,31.03448275862069,12.32795659772807,0.08628739750795855,204,-2313.000000000233,0.9674747588379181,25.98039215686275,9.786349762971938,-0.09100919571668993,1864.9999999995052
M5,LONDON,60,SKIP_NEWS,3.0,0.75,2,134,-12992.999999999913,0.890226592994374,36.56716417910448,24.947598253274865,-0.02116948566323317,160,-14808.999999999534,0.9069371390507096,32.5,33.836999999999605,-0.15852843066907277,1815.9999999996217
M1,LONDON,60,SKIP_NEWS,1.0,1.5,3,148,6035.0000000002765,1.0408101163105237,56.08108108108109,24.28624535315997,0.061884956794602326,138,4224.999999999214,1.0289800397832451,44.927536231884055,31.96500000000023,-0.04000176318162397,1810.0000000010623
M1,LONDON,30,SKIP_NEWS,2.5,1.5,3,133,-13373.000000000087,0.9031573611412844,44.3609022556391,29.584997630492094,-0.006248070523739479,163,-15115.999999999389,0.9147169172614208,36.19631901840491,37.99600676331956,-0.07202346934828431,1742.9999999993015
M1,LONDON,30,SKIP_NEWS,1.5,0.25,3,295,-5352.0000000008295,0.9224976830398396,40.33898305084746,13.017791726992739,0.008630323869987511,294,-6876.000000000189,0.9227571951740079,37.755102040816325,11.970401732392567,-0.05659525812795108,1523.9999999993597
M5,LONDON,30,INCLUDE_NEWS,1.5,1.5,2,197,-31945.99999999994,0.852820713644008,45.68527918781726,46.331438405697426,-0.003775689472768284,208,-33432.999999999985,0.8553623188405798,39.42307692307692,55.02500000000003,-0.0828235975223112,1487.0000000000437
M15,LONDON,60,SKIP_NEWS,3.0,0.5,1,105,645.000000000291,1.0086786867599598,30.476190476190478,11.581222977146334,0.07312062162164401,105,-825.0000000002328,0.9911008036243978,27.61904761904762,21.221522914635244,-0.2071948566860348,1470.0000000005239
M15,LONDON,30,INCLUDE_NEWS,1.5,0.25,2,278,9635.00000000064,1.1599887086329252,46.76258992805755,7.230446040353695,0.16955786720018381,276,8294.999999999345,1.0654417217602543,36.594202898550726,17.01277152051534,-0.08836527936419576,1340.0000000012951
M15,LONDON,15,SKIP_NEWS,1.0,0.25,2,194,1066.9999999996362,1.037943174140308,52.0618556701031,4.31436293133824,0.042284809924836526,193,-255.9999999992724,0.9965891679435168,44.04145077720207,17.359398615861767,-0.11568350731743043,1322.9999999989086
M15,LONDON,30,SKIP_NEWS,2.0,1.5,1,106,-14499.999999999563,0.8809816958056343,43.39622641509434,36.172335994445945,-0.028938830536181737,106,-15735.000000000407,0.880926255249912,37.735849056603776,29.785000000000235,-0.09644163656655683,1235.000000000844
M15,LONDON,15,SKIP_NEWS,1.0,0.25,1,107,2686.9999999999127,1.1872082491465143,52.336448598130836,2.7843666033481598,0.04862853388242731,107,1459.0000000001164,1.0345628124037647,45.794392523364486,12.161920292737205,-0.08411214953270428,1227.9999999997963
M5,LONDON,60,SKIP_NEWS,1.5,1.0,3,143,-16030.000000000204,0.8795189778278821,46.15384615384615,28.624250924391298,-0.020363196090023135,161,-17195.000000000146,0.8958951383423125,38.50931677018634,35.32999999999991,-0.12479899786622381,1164.9999999999418
M1,LONDON,30,SKIP_NEWS,2.0,0.5,1,106,4064.99999999968,1.077613365155125,38.67924528301887,12.011315679636265,0.1603773584905634,106,2915.0000000003056,1.048733595252031,27.358490566037734,11.69438440160604,-0.1674800978184546,1149.9999999993743
M15,LONDON,60,INCLUDE_NEWS,1.0,0.5,2,260,4484.99999999968,1.0353622959867514,52.307692307692314,13.29243353783217,0.054291708883134594,252,3405.000000000364,1.0195319222164885,45.63492063492063,25.455720749838502,-0.07660233330491777,1079.999999999316
M15,LONDON,30,SKIP_NEWS,2.0,0.25,1,106,5238.000000000335,1.208485909886979,43.39622641509434,6.704190601025524,0.30188679245283884,106,4158.999999999796,1.0747013920071797,31.132075471698112,13.186725786889026,-0.10886218843000423,1079.0000000005384
M5,LONDON,30,INCLUDE_NEWS,3.0,1.0,2,216,-19060.0,0.9058811910522936,35.648148148148145,40.83285687059286,0.02339039723181098,243,-20079.99999999981,0.9174918847844846,32.92181069958848,43.58999999999979,-0.08406509284324253,1019.9999999998108
M5,LONDON,30,INCLUDE_NEWS,1.0,1.0,2,273,3020.000000000189,1.0156088484597896,52.38095238095239,27.235772357723633,0.03976769541322229,260,2010.0000000003492,1.0094927741569866,46.92307692307692,29.644990046449653,-0.04504191193994695,1009.9999999998399
M5,LONDON,15,SKIP_NEWS,2.0,0.25,3,288,8045.999999999258,1.1509625126646272,36.45833333333333,4.684038598730904,0.08968768726021781,289,7098.000000000393,1.0667456556082189,31.141868512110726,13.705724430588049,-0.08248857014402705,947.999999998865
M5,LONDON,60,SKIP_NEWS,2.0,1.0,2,125,-19850.000000000276,0.8453929433756496,41.6,29.365009273160947,-0.040458123275987766,144,-20720.000000000146,0.8679581952587292,36.11111111111111,37.28999999999996,-0.1569978017890655,869.999999999869
M1,LONDON,30,SKIP_NEWS,2.0,0.25,3,294,591.9999999988795,1.0080121264616562,35.034013605442176,10.8767798872738,0.051016836999651885,294,-277.99999999986903,0.9971009051849995,31.63265306122449,12.821828443678942,-0.051434642204508454,869.9999999987485
M5,LONDON,15,SKIP_NEWS,1.5,0.25,3,290,2994.9999999991123,1.0603064655779755,41.37931034482759,4.885547005032409,0.031479014258220195,289,2176.0000000002474,1.0221097766668723,37.71626297577855,12.77294176265387,-0.06310464982916215,818.999999998865
M15,LONDON,30,INCLUDE_NEWS,1.0,0.75,1,157,7576.999999999869,1.0858632217122768,56.68789808917197,16.134154130002816,0.13375796178343943,157,6782.000000000407,1.056191225817146,44.5859872611465,16.703530036273392,-0.10539114451607778,794.9999999994616
M5,LONDON,60,SKIP_NEWS,2.5,0.75,3,147,-10036.00000000003,0.9193655945943775,37.41496598639456,23.269847582325344,-0.0016742443454709302,183,-10700.999999999229,0.9384748949283945,33.33333333333333,37.30399999999931,-0.14793507528993408,664.9999999991996
M5,LONDON,30,INCLUDE_NEWS,1.5,1.0,1,158,-20909.99999999971,0.858352526757894,41.77215189873418,37.60007579705357,0.00629657762075184,158,-21539.99999999997,0.8630990212279137,35.44303797468354,35.01112742080591,-0.15544622535979258,630.0000000002619
M5,LONDON,30,INCLUDE_NEWS,1.0,0.75,1,158,5011.999999999942,1.055712411907248,53.16455696202531,14.752582356225638,0.05607780272489289,158,4420.999999999942,1.038895340653153,43.67088607594937,18.276847426994493,-0.12293174719921324,591.0
M15,LONDON,30,INCLUDE_NEWS,2.0,0.25,2,277,10541.0,1.1565595805670665,38.98916967509025,9.01565164375597,0.16967509025271843,275,10035.999999999214,1.0730890235376311,30.909090909090907,23.500967117988647,-0.10187705908482712,505.0000000007858
M15,LONDON,60,SKIP_NEWS,1.0,0.5,1,105,3404.9999999998254,1.065632228218964,53.333333333333336,8.825993034430875,0.06107217632137824,105,2974.9999999998254,1.0387495929664585,43.80952380952381,14.289035617967189,-0.11100302668229804,430.0
M1,LONDON,30,INCLUDE_NEWS,1.0,0.5,3,426,2929.9999999992433,1.0186826500031838,52.58215962441315,16.37153670046267,0.059824400222031025,421,2539.999999999738,1.0141804376953987,48.45605700712589,15.604705882352748,-0.036133214969513994,389.99999999950523
M1,LONDON,30,INCLUDE_NEWS,3.0,0.25,1,158,1496.9999999990978,1.0324124193478341,28.48101265822785,12.835621087563345,0.1397033644315808,158,1128.9999999998108,1.0188377021006758,20.253164556962027,12.675125561724125,-0.1905029394993009,367.99999999928696
M15,LONDON,60,INCLUDE_NEWS,2.5,1.0,2,169,-11524.99999999885,0.9348317783432349,42.60355029585799,23.8123624358025,0.010324599612603307,208,-11725.000000000364,0.9456723195255289,39.42307692307692,30.72000000000013,-0.0763295096393594,200.0000000015134
M5,LONDON,30,SKIP_NEWS,2.5,1.5,1,106,-17656.99999999939,0.8570572758550946,44.339622641509436,38.58897508750945,0.009814319302840963,106,-17845.000000000116,0.8698964712744228,33.0188679245283,32.26887044228904,-0.14734257377748236,188.0000000007276
M5,LONDON,30,INCLUDE_NEWS,2.0,0.5,1,158,-11639.999999999985,0.8641773628938169,32.91139240506329,16.859735495704467,-0.00641732457107416,158,-11765.000000000146,0.8908373927163058,26.582278481012654,25.068474698038195,-0.2237276129547758,125.00000000016007
M15,LONDON,60,INCLUDE_NEWS,3.0,0.5,1,156,-12164.999999999447,0.8956421034571537,30.128205128205128,20.7901166274831,0.0342823690473227,156,-12210.00000000003,0.9148980658651329,28.846153846153843,34.530738450345616,-0.1660198371173712,45.00000000058208
M1,LONDON,15,INCLUDE_NEWS,1.0,1.0,2,300,3459.999999999156,1.0201291523648803,52.33333333333333,27.640235457063817,0.03997382351896043,293,3450.000000000262,1.0187714239077226,49.829351535836174,27.29607721046109,-0.0045603420641486345,9.999999998894054
M5,LONDON,30,SKIP_NEWS,3.0,1.5,2,123,-16749.999999999825,0.8785791953606388,43.08943089430895,33.33024634191489,-0.017120403322581287,144,-16744.999999999854,0.903780957306212,35.41666666666667,37.09170555185189,-0.07021499100229936,-4.999999999970896
M1,LONDON,30,INCLUDE_NEWS,3.0,0.75,2,244,-7754.999999999665,0.9569852512937721,32.78688524590164,42.57296700787683,0.049976325764396236,278,-7704.999999998923,0.9659540810915953,27.697841726618705,45.503278321774445,-0.07837114464920912,-50.00000000074215
M1,LONDON,15,SKIP_NEWS,3.0,0.25,3,305,-1612.0000000011205,0.9758794571381374,23.60655737704918,10.442381212453185,-0.06294037259789947,306,-1505.9999999994761,0.9838373865075519,22.54901960784314,12.614401107357104,-0.11456511975368606,-106.00000000164437
M1,LONDON,60,INCLUDE_NEWS,1.5,0.25,1,158,3718.000000001033,1.0737669140113704,44.303797468354425,6.064375094225867,0.10748598788996418,158,4019.0000000000728,1.0621184253234204,36.075949367088604,11.418828708548215,-0.09812776127954317,-300.9999999990396
M15,LONDON,60,SKIP_NEWS,2.5,0.5,1,105,691.0000000000291,1.0095336644591604,32.38095238095238,14.138020383486104,0.06101148137827024,105,1047.9999999999563,1.0113046761231865,27.61904761904762,20.565552699228746,-0.23037788691506572,-356.99999999992724
M1,LONDON,30,SKIP_NEWS,2.0,1.5,3,134,-19440.000000000247,0.8592222463610673,44.776119402985074,30.879120879120826,-0.04527364550235932,164,-19024.999999999403,0.8926626985246441,36.58536585365854,39.062139062138925,-0.08904331238632802,-415.000000000844
M15,LONDON,60,SKIP_NEWS,2.5,0.75,1,105,-16051.000000000087,0.8433269236400542,35.23809523809524,29.70920447789929,-0.050481953431346635,105,-15511.000000000175,0.8672901034403085,31.428571428571427,25.167,-0.21993882708936816,-539.9999999999127
M5,LONDON,15,SKIP_NEWS,1.0,0.25,3,294,5033.999999998909,1.123442864149065,53.06122448979592,4.813907271990585,0.06286861717778647,291,5632.000000000233,1.0697340399187785,49.48453608247423,7.263869556571651,-0.012896872593729227,-598.0000000013242
M5,LONDON,30,SKIP_NEWS,1.0,0.25,1,106,5040.999999999563,1.285673807095062,56.60377358490566,3.674086470347854,0.13328088040227964,106,5803.000000000233,1.1844623160303955,50.0,7.217623787772465,0.0003569025939549362,-762.0000000006694
M1,LONDON,60,INCLUDE_NEWS,2.5,0.25,1,158,32.00000000062573,1.000518075995283,31.645569620253166,17.91813305393604,0.10758815747328992,158,796.0000000002037,1.0101130733070784,25.949367088607595,17.8354155350353,-0.09177809511993813,-763.999999999578
M1,LONDON,60,INCLUDE_NEWS,1.5,1.0,1,158,-9715.000000000015,0.9415040944123316,46.835443037974684,30.514272234017486,0.03459737871050767,158,-8950.000000000407,0.9492371391299395,36.075949367088604,29.66500000000023,-0.11830487837505234,-764.9999999996071
M1,LONDON,30,INCLUDE_NEWS,2.5,0.25,2,300,-1966.0000000006112,0.9762697952877477,30.666666666666664,13.860584573295363,0.07629839085674767,302,-1035.0000000005675,0.990451324821015,26.158940397350992,14.904055253040369,-0.08483174967907908,-931.0000000000437
M5,LONDON,30,INCLUDE_NEWS,1.0,1.5,1,158,-4134.999999999738,0.9738464944182685,53.79746835443038,32.80740947593792,0.06633135748495583,158,-3180.0000000003783,0.9813719172866232,44.303797468354425,30.774119235810726,-0.07936998290418763,-954.9999999993597
M5,LONDON,60,SKIP_NEWS,2.0,1.0,3,128,-20990.000000000262,0.8385260404646487,41.40625,30.371809591097875,-0.051926180654564086,159,-19990.000000000087,0.8795420307321474,37.10691823899371,38.78999999999996,-0.1328560265841881,-1000.0000000001746
M5,LONDON,30,SKIP_NEWS,1.5,0.5,1,106,-2209.000000000029,0.9551380991064162,40.56603773584906,11.909466827679399,0.014124656960696431,106,-1085.999999999709,0.9832961624240592,33.9622641509434,13.293375143888609,-0.13733640931363214,-1123.0000000003201
M1,LONDON,30,INCLUDE_NEWS,3.0,0.25,2,300,-4397.000000001106,0.9497715330134673,26.333333333333332,16.239769073370617,0.05610313047995877,302,-3271.0000000003783,0.9714948017882175,21.52317880794702,14.95976591075379,-0.13958825796933286,-1126.0000000007276
M15,LONDON,30,INCLUDE_NEWS,2.0,1.0,2,210,-30879.999999999374,0.8420944978523244,37.61904761904762,48.44297207761489,-0.007756840123993657,225,-29599.9999999992,0.868039766394725,36.44444444444444,47.59999999999908,-0.07290706578074643,-1280.0000000001746
M1,LONDON,60,SKIP_NEWS,1.0,0.5,1,106,-1724.9999999997963,0.9698926607906473,50.943396226415096,11.789785477066566,0.019578007709480094,106,-420.00000000059663,0.9934333958724113,47.16981132075472,16.03057248476379,-0.05677611264220206,-1304.9999999991996
M15,LONDON,60,SKIP_NEWS,1.0,1.5,2,124,6570.000000000189,1.0503660546590536,58.87096774193549,25.19594092896623,0.09311419736643285,116,7889.999999999374,1.0626265031551325,42.241379310344826,28.720000000000162,-0.05280375577534656,-1319.999999999185
M15,LONDON,60,SKIP_NEWS,1.0,0.25,1,105,8025.999999999956,1.3483506944444428,53.333333333333336,6.261110186782471,0.06486675354599747,105,9368.000000000073,1.1974746516579204,45.714285714285715,10.767646442784246,-0.08028213492939144,-1342.0000000001164
M1,LONDON,30,INCLUDE_NEWS,1.5,0.25,1,158,-1153.0000000001164,0.9694205012597769,44.936708860759495,10.628496866412352,0.12343644034190229,158,195.00000000010186,1.0040533798952371,37.9746835443038,7.4317020667228455,-0.05029887036664104,-1348.0000000002183
M15,LONDON,30,INCLUDE_NEWS,1.0,0.25,2,279,10396.000000000233,1.2140768502121049,55.55555555555556,5.722111258330835,0.11315971851841958,277,11758.999999999098,1.1113425684824407,48.014440433213,13.642838197589416,-0.03296392655734622,-1362.999999998865
M5,LONDON,30,INCLUDE_NEWS,1.5,0.25,2,298,13775.999999999418,1.2169448818897532,46.644295302013425,6.951162212211182,0.16595644043658475,299,15191.000000000102,1.1304217177787708,37.45819397993311,13.79595892679711,-0.07003369411094798,-1415.000000000684
M15,LONDON,60,INCLUDE_NEWS,1.0,0.25,1,156,13932.999999999985,1.4007997008313429,56.41025641025641,5.995692317967053,0.12701621954545253,156,15413.000000000058,1.2202927136037531,44.230769230769226,12.429937882247653,-0.11440127139312518,-1480.0000000000728
M1,LONDON,15,INCLUDE_NEWS,1.0,0.5,3,442,-8620.000000001033,0.9353677738621812,50.2262443438914,16.805411030177282,0.0068497343840252635,438,-7109.999999999927,0.9549529572021425,48.63013698630137,13.462994510694957,-0.028997832937445234,-1510.000000001106
M15,LONDON,60,INCLUDE_NEWS,1.5,0.25,2,268,8478.00000000032,1.1044281579109492,47.76119402985074,12.031330496670565,0.18919276878940186,262,9990.000000000611,1.0720956078691783,36.25954198473282,19.107877254033152,-0.10915705594897927,-1512.000000000291
M15,LONDON,30,SKIP_NEWS,2.5,0.25,1,106,6631.000000000451,1.2465514036066363,38.67924528301887,8.619394826651973,0.35380220771496823,106,8175.999999999578,1.1397821887127861,26.41509433962264,13.649000000000086,-0.13252103654652606,-1544.9999999991269
M15,LONDON,15,INCLUDE_NEWS,1.0,2.0,1,159,8479.999999999913,1.0525695865104447,58.490566037735846,41.23546640631958,0.13886378669617022,159,10050.000000000786,1.0554850107657525,43.39622641509434,25.571092343901284,-0.09423972929177186,-1570.0000000008731
M5,LONDON,30,INCLUDE_NEWS,2.5,0.5,1,158,-7115.999999999927,0.9200179835899749,29.746835443037973,16.807538161457362,0.029836391729619906,158,-5524.999999999971,0.9503214494447685,24.050632911392405,24.276545532129937,-0.1907259895743585,-1590.9999999999563
M15,LONDON,60,INCLUDE_NEWS,2.5,1.0,3,170,-12154.999999998865,0.931513409961692,42.35294117647059,23.8123624358025,0.004381513732529175,217,-10390.000000000335,0.9530734835824926,39.63133640552996,35.21000000000022,-0.05387234363993847,-1764.9999999985303
M5,LONDON,60,SKIP_NEWS,1.5,0.25,1,105,1192.0000000004075,1.0370312839790112,45.714285714285715,6.286548339710872,0.1424897476640835,105,3030.9999999996944,1.0599130262897756,36.19047619047619,11.452845730924691,-0.09536292314173142,-1838.999999999287
M15,LONDON,60,SKIP_NEWS,2.0,1.0,1,105,-9229.999999999302,0.9145607701564439,45.714285714285715,24.124383515839998,-0.005184569012251453,105,-7340.000000000407,0.940777795707597,37.142857142857146,29.86000000000003,-0.08757359690267748,-1889.999999998894
M15,LONDON,30,SKIP_NEWS,3.0,1.0,1,106,-21039.99999999939,0.8024413145539953,32.075471698113205,31.991506679642185,-0.10178880820098968,106,-19090.0,0.8444806517311614,30.18867924528302,32.48000000000003,-0.17322205131823523,-1949.9999999993888
M15,LONDON,30,SKIP_NEWS,1.0,0.25,1,106,3452.0000000004657,1.1869482805307627,53.77358490566038,4.386050792034627,0.07825579864180805,106,5405.9999999997235,1.125011562297653,47.16981132075472,10.823075782292777,-0.056677724016995785,-1953.9999999992579
M1,LONDON,30,SKIP_NEWS,2.0,1.5,1,106,-18870.00000000032,0.845073891625614,44.339622641509436,30.360954783621096,-0.029049896280500007,106,-16884.999999999796,0.8705882352941188,33.9622641509434,30.54923626909336,-0.15462896936832474,-1985.0000000005239
M5,LONDON,60,SKIP_NEWS,2.0,0.75,1,105,-16152.999999999913,0.8384005122202558,37.142857142857146,25.962260152407357,-0.04718085373777094,105,-14080.000000000131,0.8793756318215292,28.57142857142857,24.188344136375303,-0.23737212825555604,-2072.9999999997817
M5,LONDON,60,SKIP_NEWS,2.5,0.5,1,105,-7403.999999999767,0.9006907652068964,29.523809523809526,18.37231238484777,-0.04276026263694152,105,-5250.000000000073,0.9421615071058719,23.809523809523807,22.266074803322823,-0.27119457642991257,-2153.9999999996944
M1,LONDON,30,INCLUDE_NEWS,2.0,0.25,1,158,-675.0000000003783,0.9837845629038751,37.9746835443038,12.51087115845034,0.14025544531874196,158,1585.0000000002765,1.0299096107033043,29.746835443037973,8.58947671956235,-0.10798978791608231,-2260.000000000655
M5,LONDON,60,SKIP_NEWS,3.0,0.75,3,137,-14511.999999999884,0.878946622066884,35.76642335766424,26.255895196506284,-0.037776170930639195,183,-12044.999999999185,0.9307476039073457,33.33333333333333,36.16099999999929,-0.1317818197086483,-2467.0000000006985
M5,LONDON,60,INCLUDE_NEWS,2.5,0.5,1,157,-24552.999999999403,0.7932553048164402,28.662420382165603,29.194112852964633,-0.08042475577719878,157,-22075.999999999753,0.8453303440061677,24.840764331210192,38.232883789706165,-0.2578269545637127,-2476.9999999996508
M15,LONDON,60,INCLUDE_NEWS,3.0,1.0,2,168,-11109.999999999069,0.9371819518263085,42.26190476190476,23.792026455997807,0.010097878420854972,208,-8610.000000000393,0.9604628736740586,38.94230769230769,36.49000000000014,-0.07015042475264724,-2499.999999998676
M1,LONDON,30,SKIP_NEWS,2.5,0.25,3,292,4896.999999998647,1.0631170572010222,31.506849315068493,10.417328913310092,0.1027090502670702,293,7417.999999999927,1.0742468221399242,27.303754266211605,10.018644908571877,-0.044902682744834055,-2521.0000000012806
M15,LONDON,30,INCLUDE_NEWS,2.0,1.0,3,216,-32519.99999999949,0.8361877896433632,37.03703703703704,48.61334595362058,-0.017197456998856945,243,-29919.9999999992,0.8736806552393852,37.4485596707819,50.33999999999905,-0.05163328642654074,-2600.000000000291
M1,LONDON,60,SKIP_NEWS,2.0,1.0,1,106,-7999.999999999985,0.929384764762998,44.339622641509436,25.233644859813115,0.019848637103028324,106,-5290.000000000291,0.9574416733708744,34.90566037735849,32.740000000000116,-0.1109092533112453,-2709.9999999996944
M5,LONDON,30,INCLUDE_NEWS,1.0,0.5,2,297,2929.9999999987485,1.0259728747451358,52.861952861952865,15.931405818741428,0.05964814126504189,289,5699.999999999956,1.0381577185700903,47.40484429065744,18.644953409388147,-0.04741947644779466,-2770.000000001208
M1,LONDON,60,SKIP_NEWS,3.0,0.75,1,106,-17353.0,0.8334085345365533,34.90566037735849,30.5539917149122,-0.07643499947496975,106,-14575.999999999956,0.8750342935528117,25.471698113207548,27.563999999999854,-0.25133735441978605,-2777.0000000000437
M15,LONDON,60,INCLUDE_NEWS,2.0,1.0,1,156,-19279.99999999898,0.8848061181812804,44.230769230769226,29.509379509378704,-0.007849097023583372,156,-16440.000000000582,0.9078526988397476,38.46153846153847,31.190000000000396,-0.09567775415114319,-2839.9999999983993
M1,LONDON,30,INCLUDE_NEWS,1.0,1.0,2,282,1510.0000000004948,1.0075466040281895,53.54609929078015,36.16688610928222,0.05565234571210568,275,4369.999999999942,1.0209090909090905,46.54545454545455,26.455280646969538,-0.05614010090843158,-2859.999999999447
M1,LONDON,15,INCLUDE_NEWS,3.0,0.25,3,452,-2226.000000001528,0.978206383395324,25.0,11.10138584974522,-0.00513337822286124,456,640.9999999998108,1.0045222691773135,22.36842105263158,17.049069943607805,-0.11637506064633801,-2867.000000001339
M1,LONDON,30,SKIP_NEWS,1.5,0.5,1,106,1331.9999999994907,1.0278457196613244,43.39622641509434,12.383810021930376,0.0853409376148472,106,4269.000000000247,1.080547169811325,35.84905660377358,10.611729119818305,-0.09203778371258291,-2937.0000000007567
M15,LONDON,30,INCLUDE_NEWS,2.0,0.5,1,157,2365.0000000001746,1.029347893528574,37.57961783439491,17.047846218605383,0.12177702126149115,157,5419.999999999767,1.0466076188838231,29.29936305732484,21.395386094200795,-0.15812204636785784,-3054.9999999995925
M1,LONDON,30,SKIP_NEWS,2.5,1.0,1,106,-14615.000000000553,0.8574841540711797,36.79245283018868,22.78292027470925,-0.009060896275359906,106,-11519.99999999968,0.8944861696281391,28.30188679245283,23.017694882830906,-0.14021402867925495,-3095.000000000873
M1,LONDON,30,SKIP_NEWS,1.0,0.75,1,106,905.9999999998545,1.0151563310303262,54.71698113207547,14.803562921883461,0.09097889112221565,106,4086.0,1.0639616793462956,46.22641509433962,8.870485475599603,-0.07084359241069052,-3180.0000000001455
M15,LONDON,60,SKIP_NEWS,3.0,0.25,1,105,11566.000000000218,1.3140801086218667,30.476190476190478,5.878482123272677,0.2039728373061778,105,14871.000000000058,1.2286509425259085,25.71428571428571,18.7430885445057,-0.09292621665100291,-3304.99999999984
M5,LONDON,60,SKIP_NEWS,2.0,0.25,1,105,1940.0000000003638,1.0544210053860061,38.095238095238095,8.216429209916267,0.14243490499645645,105,5518.999999999825,1.1013795257076688,29.523809523809526,11.065644110819038,-0.12696358797100102,-3578.9999999994616
M5,LONDON,30,SKIP_NEWS,3.0,0.5,1,106,1964.999999999869,1.0335954864079302,29.245283018867923,14.607938492890671,0.12107689719920889,106,5675.000000000087,1.0726074718526102,19.81132075471698,15.195911413969554,-0.22595042317758576,-3710.0000000002183
M15,LONDON,60,INCLUDE_NEWS,3.0,1.0,3,169,-11739.999999999098,0.9338554284748485,42.01183431952663,23.792026455997807,0.0041209678976546465,217,-7630.000000000364,0.9658398997134656,39.1705069124424,40.98000000000016,-0.0513508947074923,-4109.999999998734
M15,LONDON,30,SKIP_NEWS,1.0,0.5,1,106,2334.999999999811,1.0596728852542758,55.660377358490564,9.744973938942831,0.11320754716981253,106,6530.000000000015,1.1045803971812949,46.22641509433962,14.351809852127584,-0.0696459445237908,-4195.000000000204
M15,LONDON,30,SKIP_NEWS,1.5,0.25,1,106,2355.0000000006403,1.1012990364762842,48.113207547169814,5.991647654769581,0.20311027293919534,106,6633.999999999709,1.1317106099110474,37.735849056603776,11.395042772537904,-0.06595831041070062,-4278.999999999069
M1,LONDON,15,INCLUDE_NEWS,2.5,1.0,1,159,-5775.000000000204,0.9557810107197537,28.30188679245283,36.374419294257336,-0.09103380320661066,159,-1455.0,0.9897027600849255,28.30188679245283,31.801670904467898,-0.08344189544479949,-4320.000000000204
M1,LONDON,30,INCLUDE_NEWS,2.0,0.75,1,158,-17711.000000000146,0.8560467516845064,36.075949367088604,33.53697304768464,0.020593806077855638,158,-13350.999999999403,0.8975859714796408,26.582278481012654,24.59631860359571,-0.2245206096485929,-4360.000000000742
M5,LONDON,30,INCLUDE_NEWS,3.0,0.5,1,158,-7734.999999999985,0.9158232669496139,26.582278481012654,16.336681946747422,0.0260880299755761,158,-3160.0000000002037,0.9726193570747739,20.88607594936709,21.943418325975617,-0.21412952456803505,-4574.999999999782
M5,LONDON,60,SKIP_NEWS,1.5,0.5,1,105,-3843.0,0.9405430494314229,41.904761904761905,17.672702883970402,0.04221945377436997,105,744.9999999998545,1.0092730893701747,33.33333333333333,12.615054008824078,-0.1499022678993937,-4587.9999999998545
M15,LONDON,30,INCLUDE_NEWS,1.0,0.5,3,347,4155.000000000029,1.033634192738899,52.1613832853026,11.828256132053777,0.047489635577385184,322,8770.000000000437,1.0497264196410885,48.13664596273292,24.245657462336254,-0.027743430532525155,-4615.000000000407
M1,LONDON,15,INCLUDE_NEWS,2.0,1.5,2,229,4249.999999999971,1.0200812700812696,40.61135371179039,41.67902415690032,0.022801653359223472,241,9005.000000000757,1.0374109387009025,34.024896265560166,31.099763790468018,-0.08464675737989899,-4755.000000000786
M15,LONDON,60,SKIP_NEWS,3.0,0.75,2,121,-18572.999999999825,0.8349184058022562,33.88429752066116,33.6128552544611,-0.08298649471249336,152,-13798.99999999965,0.91001806290063,31.57894736842105,29.716999999999942,-0.15455491688829043,-4774.000000000175
M1,LONDON,30,SKIP_NEWS,3.0,1.5,1,106,-15475.000000000247,0.8744778359086656,42.45283018867924,29.311001141986974,-0.03361563281932312,106,-10665.000000000058,0.9183353114590908,33.0188679245283,26.881436493266424,-0.14031907871921132,-4810.000000000189
M5,LONDON,30,INCLUDE_NEWS,1.0,0.25,2,301,5965.999999999549,1.107870613123103,54.48504983388705,7.351767522651744,0.09016365727504073,299,10789.999999999956,1.1111088228025363,49.163879598662206,11.647371503220985,-0.01961645050329878,-4824.000000000407
M1,LONDON,15,SKIP_NEWS,2.0,0.25,3,308,-9082.000000001004,0.8561836896278577,28.246753246753247,13.683530964294466,-0.15608497445754047,307,-4238.999999999563,0.9499096033180947,30.618892508143325,12.948801036940688,-0.08178483018183898,-4843.000000001441
M15,LONDON,60,INCLUDE_NEWS,2.5,1.0,1,156,-11199.999999998734,0.9334679814660876,43.58974358974359,23.531814468548234,0.02218231239438725,156,-6305.00000000064,0.964660052687626,38.46153846153847,31.340000000000305,-0.06683018040171414,-4894.999999998094
M1,LONDON,15,SKIP_NEWS,2.5,0.25,3,306,-5879.000000001441,0.9098879538940036,25.816993464052292,12.496252997602774,-0.10182074346633964,306,-843.9999999990687,0.9905074680583159,26.797385620915033,8.366918477140132,-0.06732631076234814,-5035.000000002372
M15,LONDON,30,SKIP_NEWS,3.0,1.5,3,115,-14414.999999999389,0.8866032095657694,42.608695652173914,37.347580138277316,-0.03016452414476139,137,-9245.0,0.9416424693851787,40.14598540145985,33.790000000000184,-0.03708628644445385,-5169.999999999389
M15,LONDON,60,SKIP_NEWS,2.5,1.0,1,105,-6959.999999999083,0.9361467889908339,44.761904761904766,23.392342527788635,-0.0008338100240144407,105,-1725.000000000422,0.9860819751492624,37.142857142857146,29.86000000000003,-0.06852386828447819,-5234.999999998661
M1,LONDON,30,INCLUDE_NEWS,2.5,0.25,1,158,-362.000000000422,0.9918547352788859,32.91139240506329,14.070802434014535,0.15199199853210874,158,4921.999999999898,1.0879918479718238,25.31645569620253,9.081298417705097,-0.11445120272935758,-5284.00000000032
M1,LONDON,30,SKIP_NEWS,1.5,0.75,1,106,-2159.0000000001746,0.9701296365472655,44.339622641509436,21.620859375710666,0.08461681328968212,106,3181.0000000001164,1.0412292298519867,33.9622641509434,16.674028643754053,-0.13713943928700714,-5340.000000000291
M5,LONDON,60,SKIP_NEWS,2.5,0.25,1,105,7162.0000000002765,1.1943924218983364,35.23809523809524,7.518643465908842,0.23327583566630658,105,12507.999999999985,1.221737665975287,26.666666666666668,8.319524993095758,-0.0810514162367996,-5345.999999999709
M15,LONDON,60,SKIP_NEWS,3.0,0.75,3,122,-19044.999999999854,0.8314303416533919,33.60655737704918,33.98545935228003,-0.09050299885419423,167,-13633.99999999968,0.9168800448703902,32.33532934131736,34.05400000000003,-0.13701845919827627,-5411.000000000175
M5,LONDON,30,SKIP_NEWS,2.5,0.5,1,106,1559.0000000000728,1.0273989455184545,32.075471698113205,14.389079993065614,0.10779360396620566,106,6991.000000000131,1.0945176772797955,24.528301886792452,16.166561596843135,-0.14863594716240805,-5432.000000000058
M15,LONDON,60,SKIP_NEWS,1.5,0.25,1,105,1750.0000000001019,1.0554675118858996,43.80952380952381,5.925911968646424,0.08830183178210746,105,7204.99999999984,1.1241449420197434,36.19047619047619,13.618820392266842,-0.09853604363183048,-5454.999999999738
M1,LONDON,60,INCLUDE_NEWS,2.0,1.0,1,158,-16939.999999999593,0.9023068050749733,43.037974683544306,34.780847443895176,0.007429973208921581,158,-11320.000000000611,0.9372922667848409,34.810126582278485,34.12000000000026,-0.11244846775923786,-5619.999999998981
M1,LONDON,30,INCLUDE_NEWS,2.5,1.0,2,226,-17439.99999999981,0.915813863680248,38.49557522123894,49.135352402317764,0.0504887626773791,261,-11735.000000000131,0.9528070457653017,31.417624521072796,40.99045608479589,-0.0804389737373988,-5704.99999999968
M1,LONDON,30,INCLUDE_NEWS,2.0,1.0,2,237,-13249.999999999738,0.9371740161213858,40.92827004219409,41.395306530834226,0.054324271907198886,262,-7479.9999999998545,0.9694706338516801,33.20610687022901,39.808839147128495,-0.09044801229943761,-5769.999999999884
M15,LONDON,30,INCLUDE_NEWS,1.0,1.0,3,291,-6810.000000000102,0.9673067690830526,50.51546391752577,28.624469589816055,0.010720962871264799,255,-939.9999999995198,0.9956515705232013,47.45098039215686,33.15494173500186,-0.038934582226995834,-5870.000000000582
M5,LONDON,30,SKIP_NEWS,1.0,2.0,3,140,59.999999999956344,1.0004222675768877,55.00000000000001,29.27960705839558,0.03701018199063026,129,6010.000000000058,1.0450828895056645,46.51162790697674,20.26807820370542,0.001759462662466081,-5950.000000000102
M15,LONDON,60,SKIP_NEWS,1.0,1.5,3,129,1435.0000000002183,1.0105297916055203,57.36434108527132,25.659553016299753,0.06236233395381047,119,7594.999999999505,1.0589880004659975,42.857142857142854,31.490000000000144,-0.03974921848886024,-6159.999999999287
M5,LONDON,30,SKIP_NEWS,3.0,1.0,1,106,-20369.99999999994,0.808246258119175,33.9622641509434,30.662460567823153,-0.04538442447473112,106,-14119.999999999738,0.8808338256392961,27.358490566037734,29.702409069437724,-0.19482005073248587,-6250.000000000204
M5,LONDON,60,INCLUDE_NEWS,1.5,0.5,1,157,-12146.999999999767,0.8832468281430242,40.76433121019109,18.390405169336994,0.015482536916045776,157,-5881.999999999956,0.9540719918794415,33.75796178343949,25.06472831601418,-0.15932141978364012,-6264.999999999811
M1,LONDON,60,INCLUDE_NEWS,2.5,1.0,3,195,-25584.999999999753,0.8754442334842524,41.02564102564102,40.12883511582759,-0.017196736074079018,266,-19295.000000000568,0.929945902770212,37.59398496240601,52.23000000000021,-0.08040480876252025,-6289.999999999185
M5,LONDON,60,INCLUDE_NEWS,2.0,0.25,1,157,-3323.99999999952,0.9421409921671093,35.6687898089172,10.56223880014028,0.06978130588935218,157,2988.9999999996653,1.0348218134370908,28.02547770700637,19.165016368265793,-0.18724938879860176,-6312.999999999185
M5,LONDON,30,SKIP_NEWS,3.0,1.5,1,106,-16339.999999999709,0.868469773806651,43.39622641509434,37.28746190875733,-0.004426147244199865,106,-9825.000000000204,0.9283683289588786,33.0188679245283,28.74901168409024,-0.12206460119691502,-6514.999999999505
M15,LONDON,30,SKIP_NEWS,2.5,1.5,3,116,-16369.99999999936,0.8712240402769088,43.103448275862064,37.8995977446481,-0.03213405051411189,137,-9815.99999999997,0.9380381264991798,40.14598540145985,33.790000000000184,-0.0340183062969166,-6553.999999999389
M5,LONDON,30,SKIP_NEWS,1.0,2.0,2,134,1450.000000000131,1.0104376619637212,55.970149253731336,28.664495114006584,0.047059979042399044,127,8060.000000000087,1.061404845345118,47.24409448818898,18.910612140356957,0.011027996764712581,-6609.999999999956
M1,LONDON,30,INCLUDE_NEWS,2.5,0.75,2,253,-4249.9999999997235,0.9768579020735337,33.99209486166008,36.581113188967265,0.052973847701222536,279,2367.0000000010477,1.0106987886458194,29.749103942652326,36.374147857297565,-0.07457179960509737,-6617.000000000771
M1,LONDON,60,INCLUDE_NEWS,3.0,0.25,1,158,165.00000000074215,1.0025585362071756,28.48101265822785,19.49672179014134,0.1435127109111619,158,6783.999999999898,1.0835529718944732,23.417721518987342,17.07319223985889,-0.06339114781267527,-6618.999999999156
M1,LONDON,30,SKIP_NEWS,2.5,0.75,1,106,-7510.000000000218,0.9085718459721681,33.0188679245283,22.45725298825577,0.025937779709755675,106,-878.9999999997672,0.990178002748821,24.528301886792452,18.277712716212616,-0.19090600612176384,-6631.000000000451
M1,LONDON,30,INCLUDE_NEWS,1.5,0.25,3,436,-8619.000000000873,0.9166666666666576,40.36697247706422,16.454916228984075,0.01155040515655833,437,-1932.000000000713,0.9854278861383842,38.215102974828376,16.831439543733712,-0.04669621530998043,-6687.00000000016
M15,LONDON,30,INCLUDE_NEWS,1.0,0.25,1,157,5825.000000000422,1.2094645618325177,54.77707006369427,5.330757326341316,0.09755110075984139,157,12526.999999999403,1.2056978653530261,48.40764331210191,10.177761998728759,-0.03153652848545733,-6701.999999998981
M5,LONDON,30,INCLUDE_NEWS,1.5,1.5,1,158,-24531.99999999962,0.8639869154215087,46.20253164556962,42.73994229919799,0.0185158336572583,158,-17710.000000000276,0.904241801616695,38.607594936708864,36.314000000000235,-0.08784115414372848,-6821.999999999345
M1,LONDON,60,SKIP_NEWS,2.5,0.5,1,106,-2023.9999999998545,0.9731956032313609,32.075471698113205,13.528970477913546,0.05452087501947119,106,5037.999999999476,1.0584692160389895,25.471698113207548,14.418000000000058,-0.14306337270618788,-7061.999999999331
M15,LONDON,15,INCLUDE_NEWS,2.0,0.75,1,159,6038.999999999796,1.0654627050113248,40.25157232704403,23.590412319920937,0.19743107345198804,159,13159.000000000582,1.0997279251832193,29.559748427672954,19.5487897276388,-0.1373429267326174,-7120.000000000786
M1,LONDON,30,INCLUDE_NEWS,3.0,1.0,3,241,-24769.99999999949,0.8864646835036917,36.09958506224066,53.554982501380735,0.005655827972263651,315,-17609.999999999665,0.9407310177705989,30.793650793650794,49.96921994547541,-0.08369592840809247,-7159.999999999825
M1,LONDON,60,SKIP_NEWS,3.0,1.0,2,129,-28369.99999999987,0.7874110153615602,40.310077519379846,42.22800032501817,-0.08004069329083136,159,-21159.999999999956,0.8832229580573953,33.9622641509434,49.54000000000022,-0.12593452380140713,-7209.999999999913
M1,LONDON,60,INCLUDE_NEWS,2.5,1.0,2,189,-24194.999999999724,0.8799493896993166,41.269841269841265,39.57892991835527,-0.004425229541203458,238,-16765.000000000597,0.9341541966144282,36.554621848739494,48.67000000000034,-0.07759731386423174,-7429.999999999127
M1,LONDON,30,SKIP_NEWS,1.0,2.0,2,142,6239.9999999997235,1.0421536175099624,57.04225352112676,30.767772511848246,0.06650688055099314,134,13700.000000000073,1.100116924875768,46.26865671641791,17.657033323503516,-0.0005105709733977468,-7460.000000000349
M15,LONDON,30,SKIP_NEWS,1.5,2.0,3,111,-7189.999999999549,0.9435635792778686,47.74774774774775,26.189856957086764,-0.02142952545208962,118,379.9999999996071,1.0028772620579964,44.91525423728814,24.66813146571468,-0.024642394879875212,-7569.999999999156
M15,LONDON,60,SKIP_NEWS,2.5,0.25,1,105,6845.000000000102,1.1888640565074677,32.38095238095238,6.3289030719595365,0.11717944967059526,105,14594.999999999753,1.2287976171813728,26.666666666666668,16.010603672070324,-0.14183678597958468,-7749.999999999651
M15,LONDON,60,INCLUDE_NEWS,3.0,1.0,1,156,-11689.99999999901,0.9306807400379563,42.94871794871795,26.08141335033193,0.017191463099611292,156,-3790.0000000006403,0.9789864715014382,37.82051282051282,37.110000000000305,-0.06179652875789282,-7899.99999999837
M5,LONDON,30,INCLUDE_NEWS,2.0,1.5,3,190,-27830.00000000035,0.8711216078540323,43.15789473684211,46.03500583430574,-0.007029799524624489,215,-19895.0,0.9166963257615409,38.604651162790695,48.010000000000076,-0.052150067885159766,-7935.000000000349
M15,LONDON,30,SKIP_NEWS,1.5,2.0,2,110,-6149.999999999578,0.9513295346628714,48.18181818181818,26.189856957086764,-0.012533430228926798,117,1909.999999999607,1.014631530565341,45.2991452991453,23.267417376178834,-0.016306005092523702,-8059.999999999185
M1,LONDON,15,INCLUDE_NEWS,2.0,0.25,3,456,-10329.000000001688,0.8913663087262285,29.82456140350877,14.60849983779092,-0.1073931461280932,459,-2206.0000000000728,0.9827483733733731,31.372549019607842,13.913547753936637,-0.05908070561203937,-8123.000000001615
M5,LONDON,30,INCLUDE_NEWS,2.0,1.0,1,158,-35899.99999999974,0.77622639157265,36.075949367088604,41.08647235402321,-0.03599008763558106,158,-27740.000000000102,0.8346250149040176,31.0126582278481,42.41000000000009,-0.16611820649047324,-8159.999999999636
M1,LONDON,30,INCLUDE_NEWS,3.0,0.5,1,158,-11450.000000000437,0.8765831312314695,27.21518987341772,22.579999999999913,0.02447794120883354,158,-3224.9999999998545,0.96836839782257,18.9873417721519,18.135333219703515,-0.2608753403000738,-8225.000000000582
M15,LONDON,30,SKIP_NEWS,3.0,1.5,2,115,-14414.999999999389,0.8866032095657694,42.608695652173914,37.347580138277316,-0.03016452414476139,134,-6015.000000000058,0.9609085591733278,40.298507462686565,31.020000000000202,-0.03360938045491834,-8399.99999999933
M15,LONDON,60,SKIP_NEWS,2.0,0.25,1,105,3903.9999999999854,1.1134290196989949,37.142857142857146,6.413342817019588,0.10260260260259542,105,12513.99999999968,1.2049929561314372,31.428571428571427,13.304066774403031,-0.09769283995718207,-8609.999999999694
M5,LONDON,30,INCLUDE_NEWS,2.0,1.5,2,187,-28205.00000000035,0.86827787507297,43.31550802139038,48.079346557759706,0.0010818864912600953,206,-19545.00000000006,0.9159662059032179,38.349514563106794,48.38835519578695,-0.06110665636630593,-8660.000000000291
M15,LONDON,30,INCLUDE_NEWS,3.0,0.25,1,157,10049.000000000218,1.23097432597054,31.84713375796178,6.701661166217651,0.2738853503184604,157,18804.999999999476,1.2188791247162822,24.203821656050955,19.01200551072644,-0.1056155162820839,-8755.999999999258
M15,LONDON,30,SKIP_NEWS,2.5,1.5,2,115,-15589.99999999933,0.8766028177932615,43.47826086956522,37.8995977446481,-0.023717824866408513,134,-6586.000000000058,0.9571976343666732,40.298507462686565,31.020000000000202,-0.030472714184675002,-9003.999999999272
M5,LONDON,30,SKIP_NEWS,1.5,0.25,1,106,3354.0000000001455,1.146789793864068,45.28301886792453,4.835301429459446,0.13262727638000196,106,12391.000000000204,1.341594530517732,42.45283018867924,6.092360420339178,0.06115415266451761,-9037.000000000058
M15,LONDON,30,INCLUDE_NEWS,2.5,0.5,1,157,-2952.000000000233,0.9662667123757255,31.210191082802545,20.629193750059866,0.07134349153880884,157,6116.999999999738,1.0499530439753355,24.840764331210192,26.666372091995804,-0.1941986562707766,-9068.99999999997
M1,LONDON,60,SKIP_NEWS,3.0,1.0,3,132,-31029.99999999987,0.7720226287561543,39.39393939393939,43.95872267815056,-0.0988573925370102,182,-21850.000000000044,0.8897133050676355,35.714285714285715,52.20000000000016,-0.11841209250527543,-9179.999999999825
M1,LONDON,60,SKIP_NEWS,1.0,1.5,1,106,-6774.9999999997235,0.946114690209181,56.60377358490566,27.813524341386646,0.057103019932725575,106,2524.999999999389,1.0202380475293504,41.509433962264154,26.915000000000134,-0.08444651673848684,-9299.999999999112
M1,LONDON,30,INCLUDE_NEWS,2.0,0.25,3,433,-3489.0000000012224,0.9686542625351383,34.41108545034642,11.506970568709953,0.03457412272390718,437,6032.999999999985,1.041840336775525,32.494279176201374,13.961437942434573,-0.02869210167553331,-9522.000000001208
M5,LONDON,30,INCLUDE_NEWS,1.0,0.25,1,158,4129.9999999997235,1.1424481771461954,54.43037974683544,5.298211628905623,0.089498220248992,158,13660.999999999607,1.2820597526479751,50.0,6.184132569705043,0.00023944098074760764,-9530.999999999884
M5,LONDON,60,SKIP_NEWS,3.0,0.75,1,105,-22582.99999999965,0.7839608923583237,33.33333333333333,31.050667521663993,-0.09305456264055922,105,-12980.0,0.888799410585473,28.57142857142857,24.648389633666824,-0.24149163235902069,-9602.99999999965
M5,LONDON,30,INCLUDE_NEWS,2.5,1.0,1,158,-32364.99999999971,0.8021457390879098,33.54430379746836,37.57486499754527,-0.03655331531991475,158,-22664.999999999884,0.8660144242137623,29.746835443037973,35.92499999999978,-0.15985893030452528,-9699.999999999825
M5,LONDON,60,SKIP_NEWS,2.5,0.75,1,105,-17157.999999999796,0.8325918120438686,35.23809523809524,27.175069227725906,-0.04265488914061623,105,-7218.000000000102,0.9381628771653262,28.57142857142857,23.74999999999991,-0.23599891620257563,-9939.999999999694
M15,LONDON,30,INCLUDE_NEWS,1.0,0.5,2,276,2059.999999999942,1.02031658365797,52.17391304347826,10.709717259935553,0.05003440308831323,268,12095.000000000378,1.080625270806255,48.507462686567166,22.88604122916045,-0.024119455870716178,-10035.000000000437
M1,LONDON,30,SKIP_NEWS,3.0,0.75,1,106,-20186.000000000262,0.765287257421251,29.245283018867923,31.341310699874793,-0.08063172067517906,106,-10012.999999999767,0.8925805136567494,21.69811320754717,20.798697795213524,-0.21504074566589845,-10173.000000000495
M5,LONDON,60,SKIP_NEWS,1.0,0.5,1,105,-10929.999999999884,0.8137196420962941,50.476190476190474,17.539230662407736,0.001072098633069864,105,-390.0000000001164,0.9943313953488346,43.80952380952381,14.041988531349345,-0.10818985606578099,-10539.999999999767
M15,LONDON,60,SKIP_NEWS,3.0,0.75,1,105,-21249.999999999825,0.7954094698939038,33.33333333333333,32.51234060057568,-0.11017078153539954,105,-10333.000000000044,0.9115923305298637,31.428571428571427,25.167,-0.1939323512283521,-10916.999999999782
M1,LONDON,15,INCLUDE_NEWS,1.5,1.5,2,242,-8641.000000000582,0.9601567723342913,42.561983471074385,47.326169710403526,-0.016676699881953614,242,2278.0000000006257,1.009682698233909,37.1900826446281,32.24342683500146,-0.09487112189840398,-10919.000000001208
M15,LONDON,60,SKIP_NEWS,3.0,1.0,1,105,-6999.9999999992,0.9359560841720104,43.80952380952381,24.842411508000104,-0.006809157427933058,105,4069.9999999996217,1.0328384702275264,37.142857142857146,29.86000000000003,-0.046759585842229646,-11069.999999998821
M5,LONDON,30,SKIP_NEWS,1.0,0.5,1,106,-4555.000000000422,0.8930123311802611,50.943396226415096,10.449609449418787,0.018867924528297206,106,6565.00000000016,1.1291433067768304,49.056603773584904,11.23954746679731,-0.011954931728901854,-11120.000000000582
M15,LONDON,60,INCLUDE_NEWS,2.0,0.25,1,156,1672.999999999971,1.030568802645763,37.82051282051282,8.994856736234409,0.1267517517517522,156,13190.999999999505,1.1421244868714475,30.128205128205128,19.43686942672774,-0.15147936427460598,-11517.999999999534
M1,LONDON,30,SKIP_NEWS,1.0,0.5,1,106,-5315.000000000291,0.8762658596205275,51.886792452830186,13.65834969589573,0.037735849056599095,106,6629.999999999927,1.1548522714002087,50.0,9.124392280115686,-9.725734292135113e-05,-11945.000000000218
M15,LONDON,30,SKIP_NEWS,1.5,2.0,1,106,-7419.999999999636,0.9402191427650689,48.113207547169814,26.05981794538326,-0.013292267504575735,106,4629.999999999636,1.0377835808715492,44.339622641509436,23.010000000000293,-0.013329895295782743,-12049.999999999272
M15,LONDON,30,INCLUDE_NEWS,2.5,0.25,1,157,4621.000000000073,1.1087089489037356,34.394904458598724,7.881690457037021,0.20384963929418626,157,16733.999999999563,1.2014566905435435,26.751592356687897,12.329238366804116,-0.11469228150578904,-12112.99999999949
M1,LONDON,30,SKIP_NEWS,3.0,1.0,1,106,-21250.000000000582,0.7962803182820392,33.9622641509434,30.709876543210022,-0.09404999777112849,106,-9039.999999999854,0.9182270465852567,26.41509433962264,22.420577790574807,-0.16482995205824322,-12210.000000000728
M1,LONDON,30,INCLUDE_NEWS,1.5,1.0,1,158,-19395.000000000146,0.867980396160914,43.67088607594937,38.594270173957916,0.032220024894405785,158,-7049.999999999942,0.9507922105116212,34.810126582278485,21.87622319836477,-0.1425845294914044,-12345.000000000204
M1,LONDON,30,SKIP_NEWS,3.0,1.5,3,131,-18055.000000000102,0.870140612076095,42.74809160305343,29.907478061808558,-0.06939400507348352,162,-5354.999999999593,0.9697756455481891,35.80246913580247,32.029371350051456,-0.04603593082908832,-12700.00000000051
M15,LONDON,30,INCLUDE_NEWS,1.5,1.0,3,245,-27649.999999999636,0.8661146620182086,41.224489795918366,46.98170025480663,-0.027759951422504578,247,-14119.999999999083,0.9402024308643585,39.67611336032389,36.768839512782094,-0.07136028335785904,-13530.000000000553
M15,LONDON,30,SKIP_NEWS,3.0,1.5,1,106,-17914.99999999936,0.8538863061740527,42.45283018867924,38.56186863305006,-0.044316521435246524,106,-4260.00000000032,0.9677626849294311,37.735849056603776,29.785000000000235,-0.06557310073355484,-13654.99999999904
M5,LONDON,30,INCLUDE_NEWS,1.0,1.0,1,158,-4929.99999999968,0.9596496971681152,52.53164556962025,27.45559038662499,0.052513076740651074,158,8749.999999999767,1.066012825348924,46.835443037974684,19.05651185449838,-0.057982022364032076,-13679.999999999447
M15,LONDON,30,SKIP_NEWS,2.5,1.5,1,106,-18474.999999999243,0.8483542641385595,43.39622641509434,39.14179653361195,-0.03260547976533506,106,-4756.000000000262,0.9640092322827174,37.735849056603776,29.785000000000235,-0.06012804389100155,-13718.999999998981
M15,LONDON,30,INCLUDE_NEWS,1.0,1.0,2,255,-14459.999999999694,0.9243407283382181,50.19607843137255,33.11101360245697,0.0018680926610109198,234,-499.9999999996944,0.9975382797498908,46.58119658119658,30.035806478474292,-0.049183334182097915,-13960.0
M5,LONDON,60,SKIP_NEWS,1.5,1.0,1,105,-16104.999999999927,0.856691582132052,44.761904761904766,26.34005004609489,-0.02992046786348158,105,-2140.0000000004366,0.9823140495867733,37.142857142857146,24.359999999999943,-0.10149347069666155,-13964.99999999949
M1,LONDON,30,INCLUDE_NEWS,1.5,0.75,2,282,3047.0000000000873,1.0169141524882737,43.262411347517734,24.922774625821926,0.06007991481510698,286,17039.00000000048,1.0859024063160148,38.46153846153847,24.271154845215914,-0.056858788865285996,-13992.000000000393
M5,LONDON,60,SKIP_NEWS,2.5,1.0,2,121,-28824.999999999753,0.7780301863545371,38.84297520661157,38.17303469477362,-0.10356722060698476,144,-14735.00000000016,0.9060986489931161,36.11111111111111,37.28999999999996,-0.14311954108044989,-14089.999999999593
M1,LONDON,30,INCLUDE_NEWS,1.0,1.5,2,239,-2420.000000000233,0.9894145178575325,55.64853556485355,43.92669054139468,0.08080420872809216,230,12059.999999999738,1.055185668199601,45.21739130434783,27.234876316434303,-0.041442802840031344,-14479.99999999997
M5,LONDON,60,INCLUDE_NEWS,2.0,1.0,3,185,-32079.99999999994,0.8356473179978481,40.54054054054054,39.21696270808147,-0.04644299292636997,235,-17400.00000000032,0.9264985426435165,39.57446808510638,42.55000000000012,-0.09601013417117679,-14679.999999999622
M1,LONDON,30,INCLUDE_NEWS,2.5,0.25,3,430,-3142.0000000014697,0.9733455492496405,30.23255813953488,15.108664973186672,0.05475501317525488,435,11588.999999999403,1.0763393474695135,27.816091954022987,15.03606870677516,-0.03626679767651442,-14731.000000000873
M1,LONDON,30,INCLUDE_NEWS,2.5,0.5,1,158,-5618.000000000087,0.9369083047897115,31.0126582278481,17.933570028907653,0.05987891245896907,158,9192.000000000466,1.094655545257959,22.151898734177212,17.672265106973338,-0.21599217377289712,-14810.000000000553
M5,LONDON,30,INCLUDE_NEWS,2.0,1.5,1,158,-19455.0,0.8947610418413441,43.67088607594937,42.28329809725141,0.030620811729142935,158,-4520.000000000466,0.9758004068958105,37.34177215189873,32.57067778180496,-0.0628910657340824,-14934.999999999534
M1,LONDON,30,INCLUDE_NEWS,1.0,0.75,1,158,-3518.0,0.9628358035516199,53.79746835443038,21.92125694859177,0.073747637792547,158,11436.000000000233,1.1189663781624521,46.835443037974684,11.526885540325663,-0.060186207566663624,-14954.000000000233
M1,LONDON,15,INCLUDE_NEWS,2.5,0.25,3,454,-9156.000000002212,0.908377696833825,27.312775330396477,15.388754117859287,-0.04763801354217727,456,5878.000000000597,1.0439815334425808,27.850877192982455,11.099912881570344,-0.0287753802664993,-15034.000000002809
M5,LONDON,60,INCLUDE_NEWS,1.5,1.0,1,157,-31064.999999999665,0.8177043600727671,43.31210191082803,37.181289838769786,-0.04596036486761663,157,-15920.000000000786,0.9106471347589341,38.21656050955414,29.453095328522927,-0.1239641913347067,-15144.99999999888
M5,LONDON,60,INCLUDE_NEWS,2.0,1.0,2,182,-30939.99999999994,0.8401776951288803,40.65934065934066,38.51948293499476,-0.038476197676333576,218,-15790.000000000466,0.9299343272985426,39.44954128440367,37.600000000000136,-0.10112824202278016,-15149.999999999476
M15,LONDON,30,INCLUDE_NEWS,2.5,1.0,2,201,-36904.9999999993,0.8099150141643092,34.82587064676617,49.65294514605218,-0.038499908424954016,225,-21589.999999999505,0.9044563437624484,35.55555555555556,37.41297892020789,-0.060666149831156,-15314.999999999796
M15,LONDON,30,INCLUDE_NEWS,1.5,1.0,2,229,-29174.999999999665,0.8535538600542131,41.04803493449782,45.54505881263321,-0.028708620840930815,227,-13689.999999999141,0.9387691206726935,38.32599118942731,36.866617792918454,-0.09273065134394971,-15485.000000000524
M5,LONDON,60,INCLUDE_NEWS,1.5,1.0,2,198,-27850.000000000087,0.8582841441074691,44.94949494949495,35.20022144307069,-0.009876316974681297,220,-11745.000000000684,0.9477023777718379,40.45454545454545,30.190000000000172,-0.09019963332962809,-16104.999999999403
M1,LONDON,30,INCLUDE_NEWS,3.0,0.75,1,158,-28058.999999999884,0.7896122008277864,28.48101265822785,50.990433206033025,-0.05615020829485944,158,-11852.999999999447,0.914353842263091,22.151898734177212,25.250303531522945,-0.21257598214762788,-16206.000000000437
M1,LONDON,60,INCLUDE_NEWS,2.5,0.5,1,158,-12870.99999999917,0.8909976287262932,32.91139240506329,26.73283591122472,0.05569573411728879,158,3386.9999999997526,1.0249053274017406,25.31645569620253,23.902463583271963,-0.1424447109694144,-16257.999999998923
M1,LONDON,30,SKIP_NEWS,1.0,2.0,3,151,-170.0000000003056,0.9989087874703102,54.966887417218544,31.738880368098123,0.03685273653911274,139,16090.000000000102,1.1170096720238543,46.76258992805755,17.929274516952347,0.010656887976454567,-16260.000000000407
M1,LONDON,60,SKIP_NEWS,3.0,0.5,1,106,-6155.000000000058,0.9210137953160081,29.245283018867923,18.24636292359972,0.018812806706859846,106,10274.999999999738,1.1173950299914284,22.641509433962266,16.325000000000028,-0.17490163102675085,-16429.999999999796
M5,LONDON,30,INCLUDE_NEWS,2.0,0.25,1,158,5843.999999999476,1.148181956488655,37.9746835443038,6.92861993510932,0.13919327413565413,158,22407.999999999636,1.33837697441937,29.11392405063291,8.624523506988487,-0.1269924835061182,-16564.00000000016
M5,LONDON,60,INCLUDE_NEWS,1.5,0.25,1,157,-2168.9999999994907,0.9579455560726018,44.5859872611465,9.489622118354987,0.11440321650786449,157,14418.999999999622,1.1954774073722545,36.30573248407643,16.417638050197215,-0.10562817908924212,-16587.999999999112
M5,LONDON,30,SKIP_NEWS,1.0,2.0,1,106,-7459.999999999956,0.9406665075956424,55.660377358490564,27.810650887574024,0.034009744507721026,106,9170.000000000015,1.0767043078209961,45.28301886792453,14.512100594264169,0.0038404114088849413,-16629.99999999997
M1,LONDON,30,INCLUDE_NEWS,1.0,1.5,3,271,1969.9999999993015,1.0080368798955586,55.35055350553506,36.9075169280881,0.07378122874628626,254,18760.00000000006,1.082027065433638,46.45669291338583,26.264888526926818,-0.021825175597383988,-16790.000000000757
M5,LONDON,60,SKIP_NEWS,2.5,1.0,3,122,-29454.999999999767,0.7742738907195967,38.52459016393443,38.726394378568095,-0.1109150302741406,159,-12450.000000000015,0.9249774028321779,37.10691823899371,38.78999999999996,-0.11085307348959245,-17004.999999999753
M15,LONDON,30,INCLUDE_NEWS,1.5,0.25,1,157,2947.0000000005675,1.082678711704649,46.496815286624205,5.467745078931638,0.16263255202770707,157,20042.999999999665,1.2843745122799002,38.21656050955414,10.225676281572182,-0.0503466943602529,-17095.999999999098
M15,LONDON,30,INCLUDE_NEWS,2.0,1.0,1,157,-38389.99999999942,0.7636520347226528,35.03184713375796,48.8522769344684,-0.06613814753808768,157,-21199.999999999796,0.8725961538461556,35.03184713375796,33.73999999999971,-0.12027875781440203,-17189.99999999962
M15,LONDON,30,INCLUDE_NEWS,1.5,0.5,1,157,5062.999999999753,1.070712290502789,45.22292993630573,14.630912169729449,0.1305274386563819,157,22511.99999999997,1.2212155456198095,38.21656050955414,14.645406181759716,-0.05888317906865973,-17449.00000000022
M5,LONDON,60,SKIP_NEWS,1.0,1.5,2,130,-3595.0000000000437,0.9735194460813195,56.15384615384615,25.869218500797263,0.06446008951331259,124,14314.999999999141,1.1103871067242375,44.354838709677416,25.66000000000007,-0.03616690814262556,-17909.999999999185
M5,LONDON,60,INCLUDE_NEWS,1.5,1.0,3,206,-32380.000000000146,0.8394088181322212,44.66019417475729,39.40232429441073,-0.029339658471349336,237,-14460.00000000048,0.9387158296249183,40.50632911392405,35.140000000000136,-0.0922377388260701,-17919.999999999665
M15,LONDON,30,INCLUDE_NEWS,2.5,1.0,3,206,-38694.9999999993,0.8028280254777106,34.46601941747573,49.826472573026074,-0.050264557812781815,243,-20629.999999999476,0.9135083011906779,36.62551440329218,37.23999999999933,-0.03206865231683723,-18064.999999999825
M1,LONDON,60,SKIP_NEWS,1.5,1.5,2,119,-16354.999999999636,0.8830532713621767,51.26050420168067,39.896747887277826,0.016969076719596847,129,1822.9999999995925,1.0125051447386442,41.86046511627907,35.50500000000017,-0.051867906745906286,-18177.99999999923
M1,LONDON,60,SKIP_NEWS,2.5,1.0,1,106,-14830.000000000044,0.8722212648630023,42.45283018867924,30.17421602787457,-0.022575528558248632,106,3359.9999999997526,1.0270313757039402,34.90566037735849,32.740000000000116,-0.08241034572461982,-18189.999999999796
M5,LONDON,30,INCLUDE_NEWS,3.0,1.0,1,158,-34039.99999999977,0.7963627662120135,31.645569620253166,44.55397699816358,-0.03245726065868069,158,-15650.000000000116,0.9074840387798525,29.746835443037973,33.09359605911322,-0.1454030053097159,-18389.99999999965
M1,LONDON,30,INCLUDE_NEWS,2.5,0.75,1,158,-19524.999999999884,0.8485060093262898,31.645569620253166,40.2404439545113,-0.0004790643480496203,158,-1027.9999999994616,0.9922657919287406,25.31645569620253,22.45585835308379,-0.17308156738553993,-18497.000000000422
M15,LONDON,60,INCLUDE_NEWS,1.0,1.5,2,182,-5644.999999999869,0.9706081432885565,54.94505494505495,31.28847378475906,0.044931308714420665,171,12944.99999999936,1.0721230186366508,45.614035087719294,24.685000000000276,-0.027856072575708463,-18589.99999999923
M15,LONDON,60,INCLUDE_NEWS,1.5,0.25,1,156,1595.0000000003347,1.032404209499825,46.15384615384615,8.685482312004702,0.14915427062527567,156,20312.99999999978,1.245394252026527,35.8974358974359,16.210182944244877,-0.11510596867875751,-18717.999999999447
M1,LONDON,15,INCLUDE_NEWS,2.5,1.0,2,263,-21044.999999999767,0.895997034840624,28.89733840304182,51.046830630023834,-0.10412785992787621,277,-1599.9999999999418,0.9933020763563296,27.79783393501805,39.17650836693182,-0.12199592739333998,-19444.999999999825
M1,LONDON,30,INCLUDE_NEWS,1.5,0.5,1,158,-9601.000000000582,0.8774522943391337,40.50632911392405,19.67371929008756,0.013022037461407553,158,9886.000000000233,1.1223363445118206,36.075949367088604,9.388808436374545,-0.09040895770493872,-19487.000000000815
M1,LONDON,60,INCLUDE_NEWS,2.5,1.0,1,158,-19029.999999999913,0.8919793381392985,41.77215189873418,35.38551013625787,-0.0006157898666699618,158,634.9999999994907,1.0035176157766426,34.810126582278485,32.09000000000024,-0.08133002677243142,-19664.999999999403
M15,LONDON,60,SKIP_NEWS,1.0,1.5,1,105,-8249.999999999462,0.9338809857743984,57.14285714285714,28.99373695198299,0.05934014251270104,105,11679.999999999403,1.0991174473862817,42.857142857142854,25.230000000000103,-0.04918450590231729,-19929.999999998865
M1,LONDON,60,INCLUDE_NEWS,3.0,1.0,3,192,-36519.9999999996,0.8214355564248016,40.10416666666667,46.467532467532244,-0.05335288493810134,265,-16570.000000000553,0.9402624558367566,36.9811320754717,57.04000000000051,-0.0808316496297416,-19949.999999999047
M5,LONDON,30,INCLUDE_NEWS,1.5,0.25,1,158,2378.9999999999127,1.0655299691494022,43.67088607594937,6.115213314580592,0.0920540273635647,158,22441.999999999956,1.3912277949200682,38.607594936708864,6.739652395585195,-0.03436711346735242,-20063.000000000044
M1,LONDON,30,INCLUDE_NEWS,2.0,1.0,1,158,-18640.000000000364,0.8795943414508084,39.24050632911392,36.9832293291734,0.036349852299510904,158,1500.0000000001746,1.0098820739179133,31.0126582278481,21.879463010568507,-0.13251087195345412,-20140.00000000054
M1,LONDON,60,INCLUDE_NEWS,3.0,1.0,2,187,-34689.99999999962,0.8271118863693018,40.64171122994652,45.73160173160137,-0.03878952126945274,237,-14500.000000000466,0.9434830059245386,35.86497890295359,53.62000000000051,-0.08017244185965484,-20189.999999999156
M15,LONDON,30,INCLUDE_NEWS,2.0,0.25,1,157,1488.00000000016,1.0368225686711259,38.21656050955414,6.85169953518611,0.14649681528662936,157,22346.99999999952,1.286864096738159,31.84713375796178,12.637981863641565,-0.07380261796942357,-20858.99999999936
M5,LONDON,30,INCLUDE_NEWS,2.5,1.5,3,188,-29575.999999999767,0.8630360285264438,42.5531914893617,46.57961936882645,-0.005857585495747673,215,-8436.999999999913,0.9646728776300643,38.604651162790695,42.59845498347464,-0.02774892007303054,-21138.999999999854
M5,LONDON,60,SKIP_NEWS,2.0,1.0,1,105,-21890.0,0.8131774344968842,40.95238095238095,31.554504030844605,-0.06101191142655546,105,-640.0000000003201,0.9947107438016503,37.142857142857146,27.819999999999983,-0.08429081570668792,-21249.99999999968
M5,LONDON,60,SKIP_NEWS,3.0,0.5,1,105,-18585.000000000146,0.7647914952857036,26.666666666666668,26.331267248789814,-0.07935435634636008,105,2674.9999999999272,1.0294700892365325,23.809523809523807,20.191941825561397,-0.22849626683051422,-21260.000000000073
M5,LONDON,60,SKIP_NEWS,1.0,1.5,3,137,-8570.000000000131,0.9393553409050694,55.47445255474452,26.25557809330616,0.03644078249157386,129,13119.999999999083,1.0986837156825806,44.18604651162791,28.470000000000116,-0.027869312545238577,-21689.999999999214
M5,LONDON,60,INCLUDE_NEWS,2.0,1.0,1,157,-32519.99999999971,0.8158133212505676,40.12738853503185,39.62615084162538,-0.05014800000761482,157,-10490.000000000568,0.9411236459561061,38.21656050955414,31.210000000000203,-0.09929375830621674,-22029.99999999914
M1,LONDON,60,INCLUDE_NEWS,1.0,0.5,1,158,-9964.99999999952,0.8910750396239867,51.26582278481012,19.043490165654866,0.025792840615221035,158,12269.999999999258,1.1328137684688993,48.10126582278481,11.619857161635528,-0.0382184357857988,-22234.999999998778
M5,LONDON,30,INCLUDE_NEWS,2.5,1.5,2,185,-29950.999999999796,0.8601237594862827,42.7027027027027,48.68995422789661,0.0023608032991552686,206,-7576.999999999942,0.9674226626824606,38.349514563106794,43.26049807031348,-0.03375675598170601,-22373.999999999854
M1,LONDON,60,INCLUDE_NEWS,3.0,0.5,1,158,-18749.999999999447,0.8462799754048,29.746835443037973,33.12257629404784,0.016109947399630876,158,3965.0,1.0288668049943575,23.417721518987342,24.042328042328133,-0.14848706032722145,-22714.999999999447
M5,LONDON,30,INCLUDE_NEWS,2.5,1.5,1,158,-19005.999999999534,0.8971898412354992,43.67088607594937,43.207037795568326,0.04233528551775306,158,3952.99999999968,1.021163936181602,37.34177215189873,32.09747559984637,-0.04305457571761001,-22958.999999999214
M1,LONDON,30,INCLUDE_NEWS,2.0,0.5,1,158,-8970.000000000291,0.8942341704987592,35.44303797468354,22.055695223360797,0.05080933268645057,158,14365.000000000233,1.1606913138318717,28.48101265822785,11.5029303665439,-0.13784988142802962,-23335.000000000524
M15,LONDON,60,INCLUDE_NEWS,1.0,1.5,3,187,-10779.99999999984,0.9455266681826233,54.01069518716578,33.14795160263209,0.025005768944537092,174,12649.99999999949,1.0694082466873305,45.97701149425287,27.45500000000026,-0.019358101957932815,-23429.99999999933
M15,LONDON,30,INCLUDE_NEWS,3.0,1.0,2,198,-38749.99999999938,0.8020333094921864,33.33333333333333,53.922599139990204,-0.045768654492022325,225,-15319.999999999622,0.9323231877015522,35.11111111111111,32.68624359479663,-0.04820291360794111,-23429.99999999976
M5,LONDON,60,SKIP_NEWS,1.0,1.5,1,105,-9559.99999999984,0.922887678967535,56.19047619047619,27.611064543168247,0.0521113256554189,105,13874.999999999287,1.1182108626198015,42.857142857142854,19.530000000000015,-0.04442092882485428,-23434.999999999127
M15,LONDON,60,INCLUDE_NEWS,1.0,0.5,1,156,-5760.000000000233,0.932878867330884,52.56410256410257,14.220694330121653,0.04751652893426027,156,18379.99999999978,1.1683998350817706,46.15384615384615,18.977989246064126,-0.07183379017682381,-24140.000000000015
M5,LONDON,60,SKIP_NEWS,3.0,1.0,2,120,-33039.99999999987,0.7461585740626921,37.5,42.42157982602562,-0.12215361774983471,144,-8800.000000000175,0.9439204690288026,36.11111111111111,37.28999999999996,-0.13409086493918732,-24239.999999999694
M1,LONDON,30,INCLUDE_NEWS,1.0,1.0,1,158,-10939.999999999796,0.9126756066411255,54.43037974683544,35.70332942344111,0.07304477044415895,158,13359.99999999965,1.1099045738729818,46.20253164556962,16.69482261750979,-0.05659430949331467,-24299.999999999447
M1,LONDON,60,SKIP_NEWS,1.5,1.5,3,122,-18039.999999999636,0.8729353759464723,50.81967213114754,40.719504603388046,0.0069845469598348656,132,6572.999999999593,1.0450884895047299,43.18181818181818,32.85000000000024,-0.033599108738444954,-24612.99999999923
M5,LONDON,30,INCLUDE_NEWS,3.0,1.5,3,186,-23040.000000000116,0.8930511070881489,42.473118279569896,41.216119998101206,0.00925085746849225,215,2839.999999999971,1.0118915523919183,38.604651162790695,39.14779056813939,-0.009324347553426515,-25880.000000000087
M15,LONDON,30,INCLUDE_NEWS,1.0,1.5,3,225,-12534.99999999981,0.940472515730738,50.66666666666667,45.26562008006836,0.006773091280700617,201,13855.000000000553,1.0700012631047138,48.756218905472636,27.76654687032016,-0.006623604438196819,-26390.000000000364
M1,LONDON,30,INCLUDE_NEWS,3.0,1.0,2,221,-24859.99999999968,0.8803599788247766,36.199095022624434,54.2948717948712,0.013120023179025685,261,1540.0000000000146,1.0061582756828094,30.65134099616858,37.8443813658375,-0.06275403497578917,-26399.999999999694
M5,LONDON,30,INCLUDE_NEWS,1.5,0.5,1,158,-10059.000000000102,0.8718761941153967,38.607594936708864,15.67820445511138,-0.03482977900200157,158,16607.00000000006,1.1728185649617566,34.810126582278485,13.052826978111403,-0.1206917598711969,-26666.00000000016
M15,LONDON,30,INCLUDE_NEWS,3.0,1.0,3,202,-40849.999999999425,0.7935200161746894,32.67326732673268,54.09460105112256,-0.060138157797696615,243,-14179.999999999563,0.9406495898208629,36.21399176954733,34.989999999999824,-0.019450821402729326,-26669.99999999986
M15,LONDON,30,INCLUDE_NEWS,2.5,1.0,1,157,-37779.99999999942,0.7705714459221505,33.12101910828025,46.40284360189553,-0.06861330803652026,157,-11074.999999999913,0.9338371467829631,34.394904458598724,29.473784194528786,-0.0886814496590666,-26704.999999999505
M1,LONDON,30,INCLUDE_NEWS,2.5,1.0,1,158,-30370.00000000038,0.8140460445750656,34.810126582278485,47.33259305750022,-0.019540835530980794,158,-3635.0,0.9768161234772624,29.11392405063291,22.669591775282797,-0.12321768409741218,-26735.00000000038
M1,LONDON,60,SKIP_NEWS,1.5,1.5,1,106,-18258.99999999955,0.8606768150776426,51.886792452830186,36.37344079189393,0.010914755323954048,106,8778.999999999767,1.0703642848555255,41.509433962264154,28.09500000000013,-0.06316219072675953,-27037.999999999316
M5,LONDON,30,INCLUDE_NEWS,3.0,1.5,2,183,-23415.000000000146,0.8903869110315287,42.62295081967213,43.2952010253002,0.017806744113026476,206,3699.9999999998545,1.0159081626072184,38.349514563106794,38.48604505070462,-0.014527226410274586,-27115.0
M1,LONDON,60,SKIP_NEWS,3.0,1.0,1,106,-18250.000000000044,0.8432803778445687,41.509433962264154,33.30341845476056,-0.032863773735456805,106,8939.999999999854,1.0719227674979876,34.90566037735849,32.740000000000116,-0.07726033858265521,-27189.999999999898
M5,LONDON,60,INCLUDE_NEWS,2.5,1.0,2,178,-34054.99999999946,0.8254126935301981,38.764044943820224,43.90345594366672,-0.05771947921447047,218,-6380.000000000626,0.9716897408590672,39.44954128440367,34.27500000000015,-0.08350430241588906,-27674.999999998836
M15,LONDON,30,SKIP_NEWS,2.5,2.0,3,109,-10009.999999999374,0.9218396189583868,45.87155963302752,30.658977185988906,-0.039717545857282356,118,17759.99999999968,1.1344741425001867,44.91525423728814,23.010000000000293,0.017492080023050513,-27769.999999999054
M1,LONDON,60,INCLUDE_NEWS,3.0,1.0,1,158,-25019.999999999796,0.8582917988219315,41.139240506329116,37.86057692307672,-0.016161239708121965,158,2829.9999999995634,1.0155093988052808,34.177215189873415,35.71000000000023,-0.08736862957592308,-27849.99999999936
M15,LONDON,30,INCLUDE_NEWS,1.0,1.5,2,212,-13489.999999999956,0.933486181988512,50.943396226415096,43.75397763433044,0.011169781742754946,196,14670.000000000437,1.0758629605688446,48.46938775510204,26.861292452137924,-0.014051939949727076,-28160.000000000393
M15,LONDON,30,SKIP_NEWS,2.0,2.0,3,110,-11849.999999999345,0.9069858712715907,47.27272727272727,31.20683701657418,-0.026900355759902926,118,16379.999999999563,1.1240251381842927,44.91525423728814,23.010000000000293,0.01893954868337409,-28229.99999999891
M15,LONDON,30,INCLUDE_NEWS,1.0,1.0,1,157,-20089.999999999505,0.8444323989468826,50.955414012738856,33.82128423888634,0.011881609451756743,157,8149.999999999898,1.058599367270635,47.13375796178344,19.869319869319934,-0.053843074420560584,-28239.999999999403
M5,LONDON,60,INCLUDE_NEWS,2.5,1.0,3,179,-34684.999999999476,0.8227553784046217,38.547486033519554,43.90345594366672,-0.06298361620209914,235,-6435.000000000393,0.9728171334431612,39.57446808510638,39.22500000000011,-0.07327813913159244,-28249.999999999083
M5,LONDON,60,SKIP_NEWS,3.0,1.0,3,121,-33669.9999999999,0.7425644162397738,37.1900826446281,42.948774272910846,-0.1294085465287617,159,-4960.000000000204,0.9701114793612517,37.10691823899371,38.78999999999996,-0.09324219698429892,-28709.999999999694
M15,LONDON,30,SKIP_NEWS,2.0,2.0,2,109,-10809.999999999374,0.9144507755618916,47.706422018348626,31.20683701657418,-0.017972836087975428,117,17909.999999999563,1.1371993258771227,45.2991452991453,23.010000000000293,0.027648433714855918,-28719.999999998938
M15,LONDON,30,INCLUDE_NEWS,1.5,1.0,1,157,-34219.99999999943,0.7751790289731325,40.12738853503185,44.49892315446968,-0.045649406924699695,157,-5494.99999999984,0.9660844340204924,37.57961783439491,27.891635148209943,-0.12390409067612528,-28724.999999999593
M5,LONDON,30,INCLUDE_NEWS,3.0,1.5,1,158,-14299.999999999796,0.9229401304090111,43.037974683544306,40.053787539219755,0.04852801475133407,158,14584.999999999505,1.0780865188992366,37.34177215189873,30.141293866085256,-0.01911481905932209,-28884.9999999993
M1,LONDON,30,SKIP_NEWS,2.0,2.0,2,120,-17680.000000000262,0.8779258440930728,47.5,38.45580007459893,-0.0035897976291766756,127,11550.00000000035,1.0838901801278351,42.51968503937008,21.5146299483649,-0.003065923531164973,-29230.00000000061
M15,LONDON,30,SKIP_NEWS,2.5,2.0,2,109,-10009.999999999374,0.9218396189583868,45.87155963302752,30.658977185988906,-0.039717545857282356,117,19289.99999999968,1.1477707982227647,45.2991452991453,23.010000000000293,0.026188593527521016,-29299.999999999054
M15,LONDON,30,SKIP_NEWS,3.0,2.0,3,109,-5819.999999999462,0.9545561021316507,45.87155963302752,30.434416568445467,-0.020428397577729,118,23559.99999999968,1.1783902475959693,44.91525423728814,23.010000000000293,0.02108228360923771,-29379.99999999914
M15,LONDON,60,SKIP_NEWS,3.0,1.5,3,107,-18194.99999999914,0.8625080288661413,49.532710280373834,36.588777357248155,-0.004402445339705261,118,11554.999999999534,1.0897440876082447,42.3728813559322,31.490000000000144,-0.010443827100343766,-29749.999999998676
M1,LONDON,30,SKIP_NEWS,1.0,2.0,1,106,-8030.000000000393,0.9371969341467202,53.77358490566038,33.15629742033382,0.030019041307627187,106,21810.000000000044,1.1924468366716672,49.056603773584904,15.296918969622759,0.02447383781574236,-29840.000000000437
M15,LONDON,30,INCLUDE_NEWS,1.0,1.5,1,157,-18229.99999999968,0.887711733908225,50.955414012738856,34.78160388259752,0.007725158323744707,157,12270.000000000087,1.07436814352385,47.77070063694268,25.04802151363798,-0.020588304706010092,-30499.999999999767
M5,LONDON,30,SKIP_NEWS,1.5,2.0,3,119,-14870.000000000131,0.8931752873563207,48.739495798319325,32.558342802202446,-0.019701656208660424,127,15779.999999999913,1.116466159864196,44.09448818897638,20.818566859711243,0.015885874923441328,-30650.000000000044
M1,LONDON,30,INCLUDE_NEWS,1.0,0.5,1,158,-11885.00000000032,0.8253361745903419,50.63291139240506,18.37298844900768,0.013165697342907057,158,18884.99999999994,1.3059042682432984,51.89873417721519,9.51148495632485,0.037736074840367166,-30770.000000000262
M15,LONDON,30,INCLUDE_NEWS,1.0,0.5,1,157,-5330.000000000378,0.9167447672602244,51.59235668789809,12.653252222742417,0.03184713375796177,157,25510.00000000006,1.303527871973349,49.681528662420384,13.73225743729323,0.000373322133644459,-30840.000000000437
M15,LONDON,30,SKIP_NEWS,3.0,2.0,2,109,-5819.999999999462,0.9545561021316507,45.87155963302752,30.434416568445467,-0.020428397577729,117,25089.99999999968,1.1922016240232856,45.2991452991453,23.010000000000293,0.02980948261444487,-30909.99999999914
M15,LONDON,60,SKIP_NEWS,3.0,1.5,2,107,-18194.99999999914,0.8625080288661413,49.532710280373834,36.588777357248155,-0.004402445339705261,116,13004.999999999447,1.103226574592209,42.241379310344826,28.720000000000162,-0.014029743686262051,-31199.99999999859
M5,LONDON,30,SKIP_NEWS,1.5,2.0,2,118,-13830.000000000073,0.8998986682107694,49.152542372881356,32.558342802202446,-0.011394043125682967,125,17829.99999999997,1.1336181055155876,44.800000000000004,20.818566859711243,0.025528728167499383,-31660.000000000044
M5,LONDON,60,INCLUDE_NEWS,2.5,1.0,1,157,-32269.9999999993,0.8200524173311806,38.853503184713375,40.21124803113066,-0.05037957063207531,157,-600.0000000007567,0.996632429701966,38.21656050955414,27.885000000000204,-0.07365322876418023,-31669.999999998545
M15,LONDON,60,SKIP_NEWS,2.5,1.5,3,107,-22304.99999999914,0.831450485510264,49.532710280373834,36.92141641413042,-0.02309532078257603,118,9667.999999999622,1.0750883460836447,42.3728813559322,31.490000000000144,-0.014389132905016469,-31972.999999998763
M15,LONDON,60,SKIP_NEWS,1.5,1.5,3,110,-24557.999999999432,0.817331151443027,50.0,36.970415980883956,-0.028855948687462277,118,7445.999999999389,1.0578307638538267,42.3728813559322,31.490000000000144,-0.02109091103942847,-32003.99999999882
M15,LONDON,30,SKIP_NEWS,2.0,2.0,1,106,-11849.999999999432,0.9045278762487959,48.113207547169814,30.17092541436423,-0.018481501260277155,106,20629.999999999563,1.168353190794839,44.339622641509436,23.010000000000293,0.035185853199155154,-32479.999999998996
M15,LONDON,60,SKIP_NEWS,1.5,1.5,2,109,-23612.999999999432,0.8231169706730631,50.45871559633027,36.18089612592168,-0.019946370235053676,116,8895.99999999933,1.070611580743734,42.241379310344826,28.720000000000162,-0.024860398038089596,-32508.999999998763
M5,LONDON,30,SKIP_NEWS,1.5,2.0,1,106,-12710.000000000044,0.9043569869817139,50.0,33.65103898334174,0.005827483308015139,106,19924.99999999987,1.163681919001067,43.39622641509434,16.66091309225858,0.027720536317551347,-32634.999999999913
M5,LONDON,60,SKIP_NEWS,1.5,1.5,2,115,-17895.999999999403,0.8669590751960788,51.30434782608696,35.83215981246124,0.02762370105184929,122,14882.999999999345,1.1147671190623016,43.44262295081967,28.360000000000074,-0.025423093227032463,-32778.99999999875
M5,LONDON,60,SKIP_NEWS,1.5,1.5,3,117,-20295.999999999403,0.8517620421429394,50.427350427350426,35.83215981246124,0.010057483939851857,126,12652.999999999345,1.0951711169612584,42.857142857142854,31.170000000000115,-0.02549255620911176,-32948.99999999875
M5,LONDON,60,SKIP_NEWS,2.5,1.0,1,105,-27719.999999999593,0.7688844422211133,39.04761904761905,36.65483545856848,-0.10246092153821686,105,5344.999999999636,1.0441735537190056,37.142857142857146,27.819999999999983,-0.06525777244915795,-33064.99999999923
M15,LONDON,30,INCLUDE_NEWS,1.5,1.5,1,157,-29170.999999999767,0.8386961209875877,44.5859872611465,41.658172248271434,-0.019490677240243653,157,3985.9999999998545,1.0227608850820833,43.31210191082803,25.27833877064889,-0.014156742710908117,-33156.99999999962
M15,LONDON,60,SKIP_NEWS,2.0,1.5,3,108,-16464.99999999917,0.875580912079199,50.0,33.33059075201536,0.007983986882762436,118,16904.999999999418,1.1312958720049664,42.3728813559322,31.490000000000144,-0.0010759200420111352,-33369.99999999859
M15,LONDON,60,SKIP_NEWS,2.5,1.5,2,107,-22304.99999999914,0.831450485510264,49.532710280373834,36.92141641413042,-0.02309532078257603,116,11117.999999999563,1.0882486010239278,42.241379310344826,28.720000000000162,-0.01804307200480843,-33422.999999998705
M1,LONDON,30,INCLUDE_NEWS,1.0,1.5,1,158,-21885.000000000204,0.8738544008300188,54.43037974683544,47.7604497234564,0.06535958156193053,158,11595.00000000003,1.0733303819883633,44.936708860759495,21.21919584954622,-0.06686137718160029,-33480.00000000023
M1,LONDON,30,SKIP_NEWS,1.5,2.0,2,121,-24430.000000000364,0.8313194780086979,47.93388429752066,40.37505860290669,-0.03872547775725961,130,9235.000000000262,1.0670807002251785,44.61538461538462,22.142915409087205,-0.004015035943249808,-33665.000000000626
M15,LONDON,60,SKIP_NEWS,1.5,1.5,1,105,-22562.999999999403,0.8266318337239278,51.42857142857142,35.93109037287018,-0.0036238434473337936,105,11102.99999999933,1.0942209775967353,42.857142857142854,25.230000000000103,-0.02784112527673095,-33665.999999998734
M5,LONDON,30,INCLUDE_NEWS,1.0,0.5,1,158,-11295.000000000582,0.8332102776136947,49.36708860759494,14.655256723716944,-0.012658227848106128,158,22509.999999999854,1.30150013394053,50.63291139240506,9.953776421487103,0.017209483746079186,-33805.00000000044
M1,LONDON,30,SKIP_NEWS,2.0,2.0,3,123,-19870.000000000204,0.8648758925535517,47.15447154471545,38.85536488779928,-0.019559152158546853,129,13950.00000000035,1.1008530942741488,42.63565891472868,21.5146299483649,0.008941743057357817,-33820.00000000055
M15,LONDON,60,SKIP_NEWS,2.0,1.5,2,107,-15519.99999999917,0.8818783773498805,50.467289719626166,33.33059075201536,0.017404397975124702,116,18354.99999999936,1.1456919474540566,42.241379310344826,28.720000000000162,-0.00450032098899266,-33874.99999999853
M15,LONDON,30,SKIP_NEWS,2.5,2.0,1,106,-11869.999999999403,0.9056663752682237,46.22641509433962,29.641251802221625,-0.045558608475885214,106,22009.99999999965,1.1796148196507237,44.339622641509436,23.010000000000293,0.03357452016219117,-33879.999999999054
M5,LONDON,60,SKIP_NEWS,1.5,1.5,1,105,-18588.999999999403,0.8551638162764467,51.42857142857142,36.126833629975486,0.02913006772024949,105,15402.999999999447,1.13122896698615,42.857142857142854,22.230000000000015,-0.03379343142600954,-33991.99999999885
M5,LONDON,60,INCLUDE_NEWS,3.0,0.5,1,157,-44314.999999999694,0.6483215617808122,24.203821656050955,48.04310011596414,-0.18463842144434991,157,-9544.999999999854,0.9331254816786957,24.840764331210192,34.141033689056236,-0.20378683530977773,-34769.99999999984
M1,LONDON,60,SKIP_NEWS,1.0,2.0,1,106,-16529.999999999432,0.8782679136902609,54.71698113207547,37.31295253419155,0.031406741459963236,106,18249.99999999978,1.1518429153839729,46.22641509433962,24.500000000000245,-0.021674500781539277,-34779.999999999214
M5,LONDON,60,INCLUDE_NEWS,1.0,0.5,1,157,-18309.999999999898,0.8019148590901717,50.318471337579616,25.01460280373829,0.0007170086399528418,157,16609.999999999854,1.1677947267400737,47.13375796178344,19.39863077641207,-0.05188253985164348,-34919.99999999975
M5,LONDON,30,SKIP_NEWS,2.0,2.0,3,117,-15179.99999999984,0.8909482758620699,47.863247863247864,32.68156424580977,-0.011239486709823719,125,20109.999999999825,1.1483257117568944,43.2,19.328713367287296,0.027920311491147806,-35289.999999999665
M15,LONDON,60,SKIP_NEWS,3.0,1.5,1,105,-19549.99999999914,0.8512063322931791,49.523809523809526,38.481158466348035,-0.002017165638944735,105,16209.999999999389,1.137559402579764,42.857142857142854,25.230000000000103,-0.008514950079058232,-35759.99999999853
M1,LONDON,30,INCLUDE_NEWS,1.5,0.75,1,158,-11166.999999999942,0.9007474824683814,43.037974683544306,33.179797834970195,0.05153792418813717,158,24627.000000000116,1.2214260025175359,37.34177215189873,14.798010384916957,-0.06320623171097169,-35794.00000000006
M15,LONDON,60,INCLUDE_NEWS,1.0,1.5,1,156,-21629.99999999946,0.8820353403141388,53.205128205128204,34.78706590918756,0.009997739778126728,156,14244.999999999447,1.0837300887556536,45.51282051282051,22.982947314838523,-0.03183584309885744,-35874.99999999891
M5,LONDON,30,SKIP_NEWS,2.0,2.0,1,106,-12999.99999999984,0.9021747309805112,50.0,33.8288365698571,0.014601713708215402,106,23129.999999999738,1.1892488954344602,42.45283018867924,15.314714464360208,0.03508071605256073,-36129.99999999958
M5,LONDON,30,SKIP_NEWS,2.0,2.0,2,116,-14139.999999999782,0.8976548928778242,48.275862068965516,32.68156424580977,-0.0027156891814601293,123,22159.999999999854,1.1659552160563156,43.90243902439025,19.328713367287296,0.037915640992307695,-36299.999999999636
M15,LONDON,30,SKIP_NEWS,3.0,2.0,1,106,-8499.99999999949,0.9324485416832272,46.22641509433962,29.424145479036472,-0.03044052203747658,106,27809.99999999968,1.2269463032479162,44.339622641509436,23.010000000000293,0.03757116189021086,-36309.99999999917
M5,LONDON,30,INCLUDE_NEWS,1.0,2.0,1,158,-22309.99999999971,0.8831019124967266,53.16455696202531,32.94889826535383,0.008530715867818683,158,14049.999999999884,1.0811060439877611,47.46835443037975,21.257566175806247,0.012182279085335243,-36359.99999999959
M5,LONDON,60,INCLUDE_NEWS,3.0,1.0,2,177,-40059.99999999961,0.7949426699426716,37.85310734463277,48.64813585048817,-0.07513919434780643,218,-3000.000000000611,0.9868021644450286,38.99082568807339,40.34000000000019,-0.08257409951864826,-37059.999999998996
M1,LONDON,30,SKIP_NEWS,1.5,2.0,3,124,-26620.000000000276,0.8189731383883015,47.58064516129033,40.798331279036695,-0.053715990392165125,132,10875.000000000262,1.078627720338373,44.696969696969695,22.142915409087205,0.003946230835110984,-37495.00000000054
M15,LONDON,60,SKIP_NEWS,2.0,1.5,1,105,-16874.9999999992,0.8706351335812086,50.476190476190474,35.22297186111524,0.020205046119977223,105,20769.9999999993,1.176255940257971,42.857142857142854,25.230000000000103,-0.0020985782332274064,-37644.9999999985
M1,LONDON,30,INCLUDE_NEWS,3.0,1.0,1,158,-31820.000000000276,0.8072449721347212,32.91139240506329,50.31651640130435,-0.04770289914734927,158,5840.000000000029,1.036924633282751,27.848101265822784,21.630000000000017,-0.11441570864280853,-37660.000000000306
M1,LONDON,30,INCLUDE_NEWS,2.5,1.5,1,158,-25952.999999999884,0.8695992965707832,43.67088607594937,60.84859901106636,0.05267473671303167,158,11712.0,1.0657202177206677,37.34177215189873,25.770834840047304,-0.04243285594302448,-37664.99999999988
M15,LONDON,60,SKIP_NEWS,2.5,1.5,1,105,-23659.99999999914,0.8199254128929202,49.523809523809526,38.831001702021155,-0.021066095852155933,105,14322.999999999505,1.1215461642905589,42.857142857142854,25.230000000000103,-0.012948722316690397,-37982.99999999865
M1,LONDON,60,SKIP_NEWS,1.0,2.0,2,121,-19119.99999999949,0.8703992408323765,52.892561983471076,40.2533258981918,0.013701907329988891,118,18959.999999999927,1.1486825595984935,47.45762711864407,26.220000000000248,-0.008656700051457578,-38079.99999999942
M1,LONDON,60,SKIP_NEWS,2.5,1.5,2,115,-25825.999999999432,0.8156733994718475,47.82608695652174,45.89728935336378,-0.019416462192783018,128,12390.999999999563,1.0849979421045377,41.40625,35.50500000000017,-0.030152302250077843,-38216.999999998996
M15,LONDON,60,SKIP_NEWS,3.0,2.0,1,105,-11329.999999999389,0.9126647652817435,50.476190476190474,33.83511426565761,0.015453485347679572,105,27039.99999999933,1.2450607214065548,47.61904761904761,23.900000000000276,0.026500832270196766,-38369.99999999872
M15,LONDON,30,INCLUDE_NEWS,3.0,1.0,1,157,-41969.999999999556,0.7514950559535815,30.573248407643312,54.641984589362714,-0.08161385512123809,157,-3370.00000000016,0.9798673755899399,34.394904458598724,26.964185261578766,-0.061038839191394585,-38599.999999999396
M1,LONDON,60,SKIP_NEWS,3.0,1.5,2,115,-20319.99999999955,0.8549710941403218,47.82608695652174,45.49059275743471,0.006673968633262817,128,18594.999999999534,1.1275552201948107,41.40625,35.50500000000017,-0.014288008427925263,-38914.99999999908
M1,LONDON,30,SKIP_NEWS,2.0,2.0,1,106,-20380.00000000032,0.8524044032444937,47.16981132075472,40.59864702066523,-0.01147440913334883,106,18790.00000000019,1.1568185611750978,44.339622641509436,18.667211774325477,0.03690662633203609,-39170.00000000051
M5,LONDON,60,INCLUDE_NEWS,3.0,1.0,1,157,-37009.99999999946,0.7939653732672742,38.21656050955414,42.851721848021526,-0.06333184201629546,157,2179.999999999258,1.012103042416163,37.57961783439491,32.360000000000205,-0.07554632283043179,-39189.99999999872
M5,LONDON,60,INCLUDE_NEWS,3.0,1.0,3,178,-40689.99999999962,0.7923873667023843,37.640449438202246,48.64813585048817,-0.08033504157057157,235,-1500.000000000553,0.9937154348919033,39.148936170212764,43.70000000000011,-0.06603224878436537,-39189.99999999907
M1,LONDON,60,SKIP_NEWS,3.0,1.5,1,106,-15359.99999999949,0.8842589104061523,49.056603773584904,40.48750761730639,0.027679070934623257,106,24144.999999999724,1.1935238247906033,41.509433962264154,28.09500000000013,-0.030632807689941265,-39504.999999999214
M15,LONDON,30,INCLUDE_NEWS,1.5,1.5,3,185,-39512.9999999999,0.8098325151602662,43.24324324324324,49.7174415617775,-0.03436217781982509,196,213.00000000011642,1.0010355389177894,44.38775510204081,29.842721156598724,0.0012565719067870083,-39726.000000000015
M5,LONDON,30,INCLUDE_NEWS,1.0,2.0,3,198,-28479.999999999913,0.8721034668582721,52.02020202020202,48.52149267831835,0.0024649066575457997,184,11259.999999999942,1.0595767195767194,48.369565217391305,20.967604068723766,0.007786563060674036,-39739.999999999854
M1,LONDON,60,INCLUDE_NEWS,1.0,1.5,2,201,-19809.999999999316,0.9114141978759109,54.72636815920397,41.894564041338185,0.025567967788203385,194,20234.99999999891,1.0989486552567183,44.329896907216494,34.97000000000021,-0.0320591128420979,-40044.999999998225
M15,LONDON,60,SKIP_NEWS,3.0,2.0,2,106,-12589.999999999447,0.9038857928086155,50.0,33.83511426565761,0.005873735485908983,107,27599.99999999936,1.2494126152177778,47.66355140186916,23.900000000000276,0.030232785639964146,-40189.99999999881
M15,LONDON,60,SKIP_NEWS,3.0,2.0,3,106,-12589.999999999447,0.9038857928086155,50.0,33.83511426565761,0.005873735485908983,107,27599.99999999936,1.2494126152177778,47.66355140186916,23.900000000000276,0.030232785639964146,-40189.99999999881
M1,LONDON,60,SKIP_NEWS,2.5,1.5,1,106,-20865.999999999374,0.8427699495139821,49.056603773584904,40.850959173634905,-0.0006265851502377721,106,19332.999999999694,1.1549553159940658,41.509433962264154,28.09500000000013,-0.040359085813730815,-40198.99999999907
M5,LONDON,60,INCLUDE_NEWS,1.0,1.5,2,189,-18345.000000000073,0.9092640221584724,52.38095238095239,32.09997445286564,0.020601479062084767,181,21879.999999999083,1.1183278351630472,47.51381215469613,18.66000000000023,-0.013212473335727861,-40224.999999999156
M15,LONDON,30,INCLUDE_NEWS,1.5,1.5,2,182,-38927.999999999854,0.8107627242234224,43.40659340659341,50.47521191882832,-0.032181334597075464,192,1471.0,1.0073133141095756,44.27083333333333,29.183908648054047,-0.003521705292717725,-40398.999999999854
M5,LONDON,30,INCLUDE_NEWS,1.0,2.0,2,192,-27089.99999999971,0.8765887658876601,52.604166666666664,47.777882176078116,0.008399287662433868,182,13309.99999999997,1.0711955068200054,48.9010989010989,20.967604068723766,0.014320398400134044,-40399.99999999968
M1,LONDON,30,INCLUDE_NEWS,1.5,1.5,1,158,-38150.0,0.8047994269340984,45.56962025316456,62.22245298693435,0.0014904801013358314,158,2349.0000000002765,1.0134806312769025,39.87341772151899,24.376303513716117,-0.06567063679583188,-40499.00000000028
M1,LONDON,60,SKIP_NEWS,1.0,2.0,3,123,-21819.999999999578,0.8547560407375386,52.03252032520326,40.2533258981918,-0.0006856687342151594,118,18959.999999999927,1.1486825595984935,47.45762711864407,26.220000000000248,-0.008656700051457578,-40779.999999999505
M1,LONDON,30,SKIP_NEWS,1.5,2.0,1,106,-26510.000000000422,0.8080098493626857,47.16981132075472,42.18517138599103,-0.04699090144613088,106,14815.00000000019,1.123654119021787,45.28301886792453,19.389506374632266,0.02825563033329407,-41325.00000000061
M1,LONDON,60,SKIP_NEWS,2.0,1.5,2,115,-27994.999999999607,0.7988359142025678,48.69565217391305,46.121343889732096,-0.01769786911650164,128,13899.999999999549,1.0953491562628588,41.40625,35.50500000000017,-0.028987304179386185,-41894.999999999156
M5,LONDON,60,SKIP_NEWS,3.0,1.0,1,105,-30669.99999999971,0.7449268130405866,38.095238095238095,39.555361813425996,-0.11326794005699388,105,11279.999999999593,1.0932231404958646,37.142857142857146,27.819999999999983,-0.052875588026854964,-41949.9999999993
M1,LONDON,30,SKIP_NEWS,3.0,2.0,2,118,-20300.000000000364,0.8610065046217029,45.76271186440678,37.27141046532674,-0.05140164259336952,126,22200.000000000407,1.161325485066495,42.06349206349206,18.417287854830242,0.009946185029183227,-42500.00000000077
M5,LONDON,30,SKIP_NEWS,3.0,2.0,3,115,-11880.000000000015,0.9145446698316793,47.82608695652174,32.1383275555929,-0.017467985514943957,125,31369.999999999913,1.2313763091901455,43.2,17.015825169555253,0.037923864310102515,-43249.99999999993
M1,LONDON,30,INCLUDE_NEWS,2.5,1.5,2,192,-31535.999999999665,0.8617660595699932,43.75,65.76602988462223,0.03026708996363797,216,11852.000000000087,1.052593743066342,37.96296296296296,32.03349151376321,-0.015998482280547545,-43387.99999999975
M1,LONDON,30,INCLUDE_NEWS,3.0,1.5,1,158,-27015.00000000019,0.8652685651588442,42.405063291139236,59.89895209580824,0.024751754156399304,158,17114.999999999738,1.0959737565188128,36.708860759493675,24.915511012702527,-0.03904401677675327,-44129.99999999993
M1,LONDON,60,SKIP_NEWS,2.0,1.5,1,106,-23034.99999999955,0.8251811937919812,50.0,41.0512007249659,0.0012379262061052328,106,21334.999999999796,1.1710014827876385,41.509433962264154,28.09500000000013,-0.03644605046105493,-44369.999999999345
M1,LONDON,30,SKIP_NEWS,2.5,2.0,2,118,-22380.000000000393,0.8467648065730891,45.76271186440678,38.279869827986914,-0.05786057606962087,126,22325.00000000045,1.1622338492842126,42.06349206349206,19.900321795777444,0.0254006995116785,-44705.000000000844
M15,LONDON,60,SKIP_NEWS,2.5,2.0,1,105,-14549.999999999302,0.8878439836583726,50.476190476190474,34.2248520710056,0.0032171984278488506,105,30174.999999999418,1.2734729019394537,47.61904761904761,23.900000000000276,0.03527879602384072,-44724.99999999872
M5,LONDON,60,INCLUDE_NEWS,1.0,1.5,3,197,-24450.00000000019,0.8829387403346654,51.776649746192895,37.320166851111146,0.0006087833554528786,186,20684.999999999025,1.109921351897115,47.31182795698925,19.61500000000029,-0.008074743991488964,-45134.999999999214
M15,LONDON,60,SKIP_NEWS,1.0,2.0,1,105,-19399.999999999476,0.84722003465113,53.333333333333336,35.54715767468003,0.0003475996630304528,105,25989.999999999447,1.2355446800797474,47.61904761904761,23.900000000000276,0.014504399775260253,-45389.99999999892
M5,LONDON,30,SKIP_NEWS,3.0,2.0,2,114,-12169.999999999985,0.9124586390447426,47.368421052631575,32.1383275555929,-0.020067232351444596,123,33419.99999999994,1.2502808357672435,43.90243902439025,17.015825169555253,0.048081853206692574,-45589.99999999993
M5,LONDON,60,SKIP_NEWS,2.5,1.5,1,105,-20811.999999999316,0.8396054101961432,49.523809523809526,39.921361944200044,0.016160968841285966,105,24868.999999999534,1.2118764643237432,42.857142857142854,22.230000000000015,-0.011362661537612966,-45680.99999999885
M5,LONDON,60,INCLUDE_NEWS,1.0,1.5,1,157,-25954.99999999978,0.8591927521293345,51.59235668789809,36.46494009866086,-0.00465744267073935,157,20274.999999999258,1.1200094705377441,46.496815286624205,16.73222026007396,-0.018993750087312432,-46229.99999999904
M1,LONDON,60,INCLUDE_NEWS,1.0,1.5,3,212,-19289.999999999345,0.9161814547666667,53.77358490566038,41.67193720004421,0.017936387809844093,200,27039.999999998923,1.1322249388753003,46.0,34.91000000000027,-0.013488792734691835,-46329.99999999827
M15,LONDON,60,SKIP_NEWS,1.0,2.0,2,110,-19149.999999999476,0.8539394401647505,52.72727272727272,34.99236150196954,-0.003600379253832122,107,27319.999999999476,1.246882342309772,47.66355140186916,23.900000000000276,0.02282195624462133,-46469.99999999895
M15,LONDON,60,SKIP_NEWS,2.5,2.0,3,106,-15809.99999999933,0.8793037636460849,50.0,34.2248520710056,-0.006247114764866715,107,30734.999999999447,1.2777426350984942,47.66355140186916,23.900000000000276,0.03884667530475491,-46544.99999999878
M15,LONDON,60,SKIP_NEWS,2.5,2.0,2,106,-15809.99999999933,0.8793037636460849,50.0,34.2248520710056,-0.006247114764866715,107,30734.999999999447,1.2777426350984942,47.66355140186916,23.900000000000276,0.03884667530475491,-46544.99999999878
M15,LONDON,60,SKIP_NEWS,2.0,2.0,1,105,-20029.99999999933,0.8456024049949943,50.476190476190474,36.172080772607096,-0.015830420619770094,105,26549.99999999939,1.2406199021207116,47.61904761904761,23.900000000000276,0.025754986500030993,-46579.99999999872
M5,LONDON,60,SKIP_NEWS,2.0,1.5,1,105,-20324.999999999403,0.8433586374320876,49.523809523809526,39.431498925797015,0.021005126946427546,105,26454.999999999534,1.2253887113950959,42.857142857142854,22.230000000000015,-0.01234848818761725,-46779.99999999894
M5,LONDON,60,SKIP_NEWS,3.0,1.5,3,111,-21279.999999999258,0.8419019316493364,48.64864864864865,40.08867158365751,-0.008808572245315921,126,25659.999999999447,1.1930048890560319,42.857142857142854,31.170000000000115,-0.00819828512212733,-46939.999999998705
M15,LONDON,60,SKIP_NEWS,1.5,2.0,1,105,-14299.99999999936,0.8886899665291552,51.42857142857142,33.820028566893804,0.01274100010418401,105,32749.99999999936,1.2968098604313874,47.61904761904761,23.900000000000276,0.03614455047222858,-47049.99999999872
M5,LONDON,60,SKIP_NEWS,2.0,1.5,3,111,-22829.999999999316,0.8303863298662751,48.64864864864865,39.95952420287421,-0.0024859743433024747,126,24239.999999999476,1.1823241820233126,42.857142857142854,31.170000000000115,-0.00635901376025354,-47069.99999999879
M1,LONDON,60,SKIP_NEWS,2.5,1.5,3,117,-27950.999999999432,0.8034871866980741,47.008547008547005,46.86071195297188,-0.03175650204343694,131,19440.999999999563,1.1333584853889387,42.74809160305343,32.85000000000024,-0.004607763902769357,-47391.999999998996
M5,LONDON,60,SKIP_NEWS,2.5,1.5,3,111,-23316.99999999923,0.8267682020802428,48.64864864864865,40.455780890653976,-0.007068286064382385,126,24310.999999999476,1.1828582173749487,42.857142857142854,31.170000000000115,0.0023965893179440857,-47627.999999998705
M1,LONDON,60,SKIP_NEWS,2.5,2.0,1,106,-18079.99999999968,0.8700682716493021,50.943396226415096,42.37939035122808,0.02597463535559759,106,29624.999999999636,1.2464847325068602,46.22641509433962,27.710000000000278,0.004572524409790134,-47704.999999999316
M15,LONDON,60,INCLUDE_NEWS,3.0,2.0,1,156,-8659.999999999214,0.9548864346738944,48.717948717948715,31.165722492619004,0.027989642188154508,156,39349.99999999907,1.2273121136849339,48.717948717948715,29.80000000000042,0.03383492990749098,-48009.99999999828
M1,LONDON,60,SKIP_NEWS,3.0,2.0,1,106,-15389.999999999563,0.8893999281351096,50.943396226415096,41.89007512850925,0.03314272197100469,106,32939.99999999959,1.2740660620683877,46.22641509433962,27.710000000000278,0.014006486673941068,-48329.999999999156
M5,LONDON,60,SKIP_NEWS,2.0,1.5,2,110,-21884.999999999316,0.8362575287119869,49.09090909090909,39.95952420287421,0.006582334980849321,122,26469.999999999447,1.2041178285009206,43.44262295081967,28.360000000000074,-0.005662221517555961,-48354.99999999876
M15,LONDON,60,SKIP_NEWS,2.0,2.0,3,106,-21289.99999999936,0.8374685090464965,50.0,37.17774762550839,-0.0251150392931685,107,27109.999999999418,1.244984637628767,47.66355140186916,23.900000000000276,0.029500880912231364,-48399.99999999878
M15,LONDON,60,SKIP_NEWS,2.0,2.0,2,106,-21289.99999999936,0.8374685090464965,50.0,37.17774762550839,-0.0251150392931685,107,27109.999999999418,1.244984637628767,47.66355140186916,23.900000000000276,0.029500880912231364,-48399.99999999878
M15,LONDON,60,INCLUDE_NEWS,3.0,1.5,3,160,-21404.999999998996,0.8896365042536787,46.875,36.721842389348126,0.002486722746720843,173,27034.99999999936,1.1461588365680886,45.08670520231214,33.92000000000032,0.020809010557544447,-48439.999999998356
M15,LONDON,60,INCLUDE_NEWS,1.5,1.5,1,156,-29222.999999999258,0.8468155370341286,48.717948717948715,41.5847089487398,-0.014735224883935581,156,19337.9999999992,1.1136660201022697,45.51282051282051,21.86200000000022,-0.005380038620561885,-48560.99999999846
M1,LONDON,30,SKIP_NEWS,3.0,2.0,3,121,-22490.000000000306,0.8483172590544257,45.45454545454545,37.64641288433377,-0.06644953575221213,128,26120.00000000045,1.188933092224234,42.1875,18.417287854830242,0.029656847316673396,-48610.00000000076
M1,LONDON,30,INCLUDE_NEWS,1.5,1.5,2,204,-35554.99999999968,0.8458787576670515,47.05882352941176,62.23446105428767,0.014279999831052242,219,13218.00000000016,1.0595539535931522,40.63926940639269,28.48330838583932,-0.03157064108869109,-48772.99999999984
M15,LONDON,60,SKIP_NEWS,1.5,2.0,2,106,-15559.999999999302,0.8800585832112897,50.943396226415096,33.820028566893804,0.00318683972584264,107,33309.99999999939,1.3010121091631965,47.66355140186916,23.900000000000276,0.039696247427004686,-48869.99999999869
M5,LONDON,60,SKIP_NEWS,2.5,1.5,2,110,-22371.999999999258,0.8326138191612784,49.09090909090909,40.455780890653976,0.0019583658804868667,122,26540.999999999447,1.2046653300431787,43.44262295081967,28.360000000000074,0.0033804505140252006,-48912.999999998705
M15,LONDON,60,SKIP_NEWS,1.0,2.0,3,112,-21729.999999999563,0.8374597950482487,51.78571428571429,37.06681675645221,-0.01853976865228189,107,27319.999999999476,1.246882342309772,47.66355140186916,23.900000000000276,0.02282195624462133,-49049.99999999904
M1,LONDON,60,SKIP_NEWS,3.0,1.5,3,117,-22444.99999999952,0.8421977712939889,47.008547008547005,46.44547845437989,-0.006112061487921808,131,26794.999999999534,1.1838043627383694,42.74809160305343,32.85000000000024,0.014710019373837742,-49239.999999999054
M5,LONDON,30,SKIP_NEWS,2.5,2.0,3,115,-17119.99999999984,0.8768522514746092,47.82608695652174,32.94902912621333,-0.03807290044878066,125,32224.99999999994,1.2376825490485317,43.2,17.887273735493192,0.06024485510169602,-49344.99999999978
M5,LONDON,60,SKIP_NEWS,3.0,1.5,2,110,-21569.99999999923,0.8397473997028285,48.18181818181818,40.08867158365751,-0.011678452964621286,122,27889.999999999447,1.2150678593460784,43.44262295081967,28.360000000000074,-0.007561796858507589,-49459.999999998676
M1,LONDON,60,INCLUDE_NEWS,1.5,1.5,2,175,-31492.99999999949,0.8553376205787808,49.714285714285715,46.46591487336024,0.0018204927024548618,190,18081.99999999923,1.0883859614820566,43.684210526315795,36.34500000000021,-0.016625886233628533,-49574.99999999872
M15,LONDON,60,INCLUDE_NEWS,1.0,2.0,1,156,-22709.99999999907,0.8784196156111187,51.28205128205128,41.847383009945666,-0.0019265883646945121,156,26899.9999999993,1.1585804397806936,49.358974358974365,22.840000000000394,0.00818195320746693,-49609.99999999837
M5,LONDON,30,INCLUDE_NEWS,1.5,2.0,1,158,-14279.999999999738,0.9278824301802953,49.36708860759494,34.59114066142795,0.024904682833990048,158,35364.99999999939,1.1996105435457431,45.56962025316456,19.669568156849575,0.050844033552218754,-49644.99999999913
M15,LONDON,60,INCLUDE_NEWS,3.0,1.5,2,160,-21404.999999998996,0.8896365042536787,46.875,36.721842389348126,0.002486722746720843,171,28484.9999999993,1.1563391877058136,45.02923976608187,31.150000000000333,0.01874198922040557,-49889.9999999983
M1,LONDON,60,SKIP_NEWS,2.0,1.5,3,117,-30119.999999999636,0.7868214310991604,47.863247863247864,47.089469581982996,-0.030067286626579173,131,19799.99999999955,1.1358211002881022,42.74809160305343,32.85000000000024,-0.00728623907033781,-49919.999999999185
M5,LONDON,60,SKIP_NEWS,3.0,1.5,1,105,-20009.999999999287,0.8469013006886046,48.57142857142857,39.558982011107965,0.0018747776702202571,105,29954.999999999505,1.2552076677316242,42.857142857142854,22.230000000000015,-0.002492745861225996,-49964.99999999879
M15,LONDON,30,INCLUDE_NEWS,2.0,1.5,1,157,-29994.999999999505,0.8392852358882334,41.40127388535032,44.46385570612339,-0.02974698082139572,157,20004.999999999796,1.114232690935045,43.31210191082803,22.75934787898454,0.031015954767654876,-49999.9999999993
M1,LONDON,30,SKIP_NEWS,2.5,2.0,3,121,-24570.000000000335,0.8342887974640834,45.45454545454545,38.67631851085827,-0.07274833038194484,128,25485.00000000051,1.1843399638336385,42.1875,19.900321795777444,0.04096363501037979,-50055.000000000844
M15,LONDON,60,SKIP_NEWS,1.5,2.0,3,107,-16819.99999999936,0.8715932513932406,50.467289719626166,34.319949214410016,-0.006188738215520363,107,33309.99999999939,1.3010121091631965,47.66355140186916,23.900000000000276,0.039696247427004686,-50129.99999999875
M5,LONDON,30,SKIP_NEWS,3.0,2.0,1,106,-13789.999999999985,0.8977533921554097,48.113207547169814,33.475497574845086,-0.02199410205408458,106,36359.99999999974,1.2974963181148735,42.45283018867924,14.24000000000003,0.05749730461938728,-50149.99999999972
M1,LONDON,30,INCLUDE_NEWS,2.0,1.5,1,158,-36245.0000000002,0.8178872001004895,43.67088607594937,64.21028253821216,0.005331008084669707,158,13960.000000000204,1.0783345491274359,37.34177215189873,24.454781149916133,-0.06247725032779451,-50205.0000000004
M15,LONDON,60,INCLUDE_NEWS,1.5,1.5,3,163,-32207.999999999258,0.8357195684884381,47.239263803680984,43.603822762814396,-0.033646022283474714,173,18140.99999999923,1.09953636388576,45.664739884393065,27.13200000000029,0.004324278491722084,-50348.99999999849
M5,LONDON,60,SKIP_NEWS,1.0,2.0,2,114,-24590.000000000087,0.8291411895497499,52.63157894736842,37.56845564074469,-0.0010091182340894378,112,25899.99999999971,1.2223939550060074,48.214285714285715,20.90000000000022,0.0086831698589401,-50489.999999999796
M1,LONDON,60,SKIP_NEWS,3.0,2.0,2,110,-19729.99999999968,0.8624991288591565,49.09090909090909,44.32582048240414,0.013838692546747921,116,30869.999999999724,1.24207967377666,46.55172413793103,29.430000000000277,0.014241374476250164,-50599.9999999994
M5,LONDON,60,SKIP_NEWS,1.0,2.0,1,105,-25589.99999999997,0.8145383388896947,53.333333333333336,37.30727104221074,-0.0007896369910339965,105,25059.999999999593,1.223730024104987,47.61904761904761,20.90000000000022,0.002169976370335985,-50649.99999999956
M15,LONDON,60,INCLUDE_NEWS,1.5,1.5,2,162,-31262.999999999258,0.839767310747787,47.53086419753087,42.7827975673322,-0.027680874272878877,171,19590.99999999917,1.1091511825500688,45.614035087719294,24.362000000000307,0.0020644532707724266,-50853.99999999843
M15,LONDON,60,INCLUDE_NEWS,3.0,2.0,3,158,-10489.999999999243,0.9458692398988635,48.10126582278481,31.308111574222032,0.020127276402203752,159,40479.9999999991,1.2334082915297178,49.056603773584904,29.230000000000437,0.03707443314689991,-50969.99999999834
M15,LONDON,60,INCLUDE_NEWS,3.0,2.0,2,158,-10489.999999999243,0.9458692398988635,48.10126582278481,31.308111574222032,0.020127276402203752,159,40479.9999999991,1.2334082915297178,49.056603773584904,29.230000000000437,0.03707443314689991,-50969.99999999834
M15,LONDON,60,INCLUDE_NEWS,3.0,1.5,1,156,-21769.999999999054,0.8866234408770195,47.43589743589743,38.44850646455585,0.006724940098693746,156,29229.9999999993,1.1691110532558027,44.871794871794876,28.650000000000247,0.017855545599508044,-50999.999999998356
M1,LONDON,60,INCLUDE_NEWS,1.0,2.0,2,177,-26789.999999998807,0.8776656468331938,51.9774011299435,46.892954339279584,0.006482216176009321,174,24639.999999999593,1.1276683937823806,47.701149425287355,32.74000000000029,-0.009339479608576904,-51429.9999999984
M5,LONDON,30,SKIP_NEWS,2.5,2.0,2,114,-17409.99999999981,0.8747662206876725,47.368421052631575,32.94902912621333,-0.040852892153121975,123,34274.99999999994,1.256683891260391,43.90243902439025,17.887273735493192,0.0707657869379868,-51684.99999999975
M1,LONDON,30,INCLUDE_NEWS,3.0,1.5,2,189,-31014.999999999854,0.8633038036052721,42.857142857142854,61.63746535769609,0.00404124662732933,215,20794.999999999825,1.0923073508522725,37.67441860465116,30.795535680733476,-0.0012088280538824863,-51809.99999999968
M1,LONDON,60,SKIP_NEWS,3.0,2.0,3,111,-20989.99999999971,0.8549913644214184,48.64864864864865,44.32582048240414,0.004705010631912355,116,30869.999999999724,1.24207967377666,46.55172413793103,29.430000000000277,0.014241374476250164,-51859.99999999943
M5,LONDON,60,SKIP_NEWS,1.0,2.0,3,117,-26430.000000000087,0.819244973327862,52.13675213675214,38.01499705114168,-0.012356964188511753,113,25439.999999999738,1.2175846732808726,47.78761061946903,20.90000000000022,0.00707017804018511,-51869.999999999825
M5,LONDON,60,INCLUDE_NEWS,1.5,1.5,2,169,-23790.999999999258,0.8795758250658068,47.928994082840234,36.30341439802048,0.006034257063233068,179,28142.999999999054,1.1521983667730191,46.927374301675975,19.962000000000305,0.004672566713002264,-51933.99999999831
M5,LONDON,60,INCLUDE_NEWS,1.5,1.5,3,171,-26190.999999999258,0.8690188037607561,47.368421052631575,36.4190503509411,-0.005732225475518191,183,25912.999999999083,1.1377032628334522,46.44808743169399,22.77200000000035,0.003966911109165537,-52103.99999999834
M15,LONDON,60,INCLUDE_NEWS,2.5,1.5,3,160,-26266.99999999917,0.8645681876772409,46.875,38.09193017276312,-0.014457643727178653,173,25926.999999999447,1.1401686760015106,45.08670520231214,33.92000000000032,0.02302742631431607,-52193.99999999862
M15,LONDON,60,INCLUDE_NEWS,1.0,2.0,2,163,-23449.99999999907,0.8778073055077947,50.306748466257666,41.176954056052715,-0.0063009465333024066,159,28799.999999999214,1.1694616063548047,49.685534591194966,22.270000000000405,0.01484048535735842,-52249.99999999828
M5,LONDON,30,SKIP_NEWS,2.5,2.0,1,106,-18209.99999999984,0.8649810929042798,48.113207547169814,34.310448272906264,-0.039631509765322745,106,34369.999999999825,1.2812142038946153,42.45283018867924,14.24000000000003,0.06848230049896195,-52579.999999999665
M1,LONDON,30,SKIP_NEWS,3.0,2.0,1,106,-23530.000000000422,0.8317362700228806,45.28301886792453,40.33492392185103,-0.06007843021172113,106,29250.000000000276,1.2438719359679862,43.39622641509434,15.807663410969248,0.05122352823897033,-52780.0000000007
M1,LONDON,60,SKIP_NEWS,2.5,2.0,2,110,-22419.999999999796,0.843752177852117,49.09090909090909,44.843587486999006,0.006931263626446524,116,30469.99999999978,1.2389429109159327,46.55172413793103,29.430000000000277,0.019058818695316962,-52889.99999999958
M15,LONDON,60,INCLUDE_NEWS,2.5,2.0,1,156,-13699.999999999069,0.9286309647843348,48.717948717948715,32.20311617017793,0.013343423428012193,156,39919.9999999991,1.2306048177459357,48.717948717948715,29.80000000000042,0.036538046536546125,-53619.99999999817
M15,LONDON,60,INCLUDE_NEWS,2.5,1.5,2,160,-26266.99999999917,0.8645681876772409,46.875,38.09193017276312,-0.014457643727178653,171,27376.99999999936,1.1502579582875923,45.02923976608187,31.150000000000333,0.020986351360297334,-53643.99999999853
M1,LONDON,60,INCLUDE_NEWS,1.0,2.0,3,179,-29489.999999998894,0.8669764084983582,51.39664804469274,48.93407922588382,-0.003323551832868557,174,24639.999999999593,1.1276683937823806,47.701149425287355,32.74000000000029,-0.009339479608576904,-54129.99999999849
M1,LONDON,60,SKIP_NEWS,2.5,2.0,3,111,-23679.999999999825,0.8364075993091552,48.64864864864865,44.843587486999006,-0.0021401891990169585,116,30469.99999999978,1.2389429109159327,46.55172413793103,29.430000000000277,0.019058818695316962,-54149.99999999961
M1,LONDON,30,SKIP_NEWS,2.5,2.0,1,106,-24790.00000000048,0.8227259725400425,45.28301886792453,41.42011834319522,-0.06255158257207641,106,29375.000000000393,1.2449141237285342,43.39622641509434,17.176977290524697,0.06959398885023832,-54165.00000000087
M1,LONDON,60,INCLUDE_NEWS,1.0,2.0,1,158,-26079.999999998923,0.8726749011375339,52.53164556962025,46.854764107307375,0.014880854176391994,158,28399.99999999949,1.1567934632584291,47.46835443037975,30.180000000000234,-0.009468410644473237,-54479.999999998414
M15,LONDON,30,INCLUDE_NEWS,1.0,2.0,1,157,-22219.99999999968,0.8817959357378464,49.681528662420384,31.647211413748188,-0.021585069809290307,157,32499.99999999997,1.1922621864647422,49.044585987261144,16.308880308880177,0.028432856650488107,-54719.99999999965
M15,LONDON,60,INCLUDE_NEWS,2.5,1.5,1,156,-26631.99999999923,0.86130250240867,47.43589743589743,39.27376065677235,-0.010653897310433945,156,28121.99999999936,1.162700685585347,44.871794871794876,28.650000000000247,0.02031571179131249,-54753.99999999859
M15,LONDON,60,INCLUDE_NEWS,1.0,2.0,3,165,-26029.999999999156,0.8661627847190126,49.696969696969695,43.297443905645935,-0.01640888882462019,159,28799.999999999214,1.1694616063548047,49.685534591194966,22.270000000000405,0.01484048535735842,-54829.99999999837
M15,LONDON,30,INCLUDE_NEWS,2.0,1.5,2,172,-36859.9999999996,0.8181100419442408,41.27906976744186,52.69888338043774,-0.034295440150796254,192,18660.00000000006,1.0927712041364226,44.27083333333333,28.235967926689455,0.038953296574962236,-55519.99999999966
M15,LONDON,30,INCLUDE_NEWS,2.0,1.5,3,173,-37639.999999999614,0.8149732094578005,41.040462427745666,52.69888338043774,-0.03987754743316158,196,18060.000000000116,1.0878020321843558,44.38775510204081,28.890749267475808,0.04541769734929437,-55699.99999999973
M1,LONDON,60,INCLUDE_NEWS,1.5,1.5,3,178,-33177.99999999949,0.8490708518139455,49.43820224719101,48.03650578171732,-0.0047675234696773604,193,22831.99999999923,1.111604262391236,44.559585492227974,36.28500000000027,-0.0046789677079909,-56009.99999999872
M1,LONDON,60,SKIP_NEWS,2.0,2.0,1,106,-22939.99999999962,0.8351419331656518,50.943396226415096,42.880271998704735,0.006326864304414549,106,33089.99999999959,1.2753140860304473,46.22641509433962,27.710000000000278,0.00905057944975207,-56029.999999999214
M1,LONDON,30,INCLUDE_NEWS,2.5,1.5,3,197,-35385.999999999796,0.8474839988793837,43.14720812182741,67.41786276286265,0.01198983258598816,230,21158.00000000035,1.0905096999123065,39.130434782608695,29.389315872931483,0.009438648907795626,-56544.000000000146
M15,LONDON,60,INCLUDE_NEWS,2.5,2.0,2,158,-15529.999999999098,0.919861705970385,48.10126582278481,33.04947283049417,0.005666452816240439,159,41049.9999999991,1.2366949201406847,49.056603773584904,29.230000000000437,0.03972654757540685,-56579.999999998196
M15,LONDON,60,INCLUDE_NEWS,2.5,2.0,3,158,-15529.999999999098,0.919861705970385,48.10126582278481,33.04947283049417,0.005666452816240439,159,41049.9999999991,1.2366949201406847,49.056603773584904,29.230000000000437,0.03972654757540685,-56579.999999998196
M5,LONDON,60,INCLUDE_NEWS,1.5,1.5,1,157,-27513.999999999287,0.8557512844710117,47.77070063694268,38.446156191432436,-0.0004660784961674935,157,29082.99999999917,1.1721447808458318,46.496815286624205,15.755000000000205,0.0031793744849498515,-56596.99999999846
M5,LONDON,30,INCLUDE_NEWS,2.0,2.0,1,158,-13069.999999999578,0.9339932326650192,49.36708860759494,34.639620198532256,0.03633324393035793,158,43879.99999999907,1.2469886299673483,44.936708860759495,18.350151856569074,0.06833673942415244,-56949.99999999865
M1,LONDON,30,INCLUDE_NEWS,1.5,1.5,3,213,-39529.99999999984,0.8323437102383588,46.478873239436616,63.57353166105823,-0.0027264339502606205,235,18134.00000000051,1.0787083053017665,41.702127659574465,28.643771228599984,-0.016976284578336144,-57664.00000000035
M1,LONDON,30,INCLUDE_NEWS,1.0,2.0,1,158,-21550.00000000038,0.8888315708021652,52.53164556962025,44.85405610310824,0.020131419448348318,158,36509.999999999825,1.22044439077406,49.36708860759494,15.48126890560772,0.02271107768907997,-58060.000000000204
M1,LONDON,30,INCLUDE_NEWS,2.0,1.5,2,193,-41304.99999999974,0.8199158546421658,43.523316062176164,67.10226480026014,-0.008299367657567147,218,17200.000000000393,1.076325715553585,38.53211009174312,29.5443074482658,-0.03549470950765375,-58505.00000000013
M5,LONDON,60,SKIP_NEWS,3.0,2.0,1,105,-24139.99999999968,0.8290852449730982,49.523809523809526,41.10655737704892,-0.004556246234990201,105,34459.99999999942,1.3076511025801216,47.61904761904761,20.90000000000022,0.02218418948960978,-58599.9999999991
M15,LONDON,60,INCLUDE_NEWS,2.0,2.0,1,156,-21489.999999999156,0.8880495936653513,48.717948717948715,37.43158238705932,-0.006900579880507085,156,37159.9999999991,1.2146611980821382,48.717948717948715,29.80000000000042,0.03522500531570847,-58649.999999998254
M1,LONDON,60,SKIP_NEWS,1.5,2.0,1,106,-24449.99999999962,0.8226847487127449,51.886792452830186,42.46092184368733,0.014062449255692578,106,34479.99999999971,1.2868791080788715,46.22641509433962,27.710000000000278,0.01150984414036118,-58929.99999999933
M5,LONDON,60,SKIP_NEWS,3.0,2.0,3,108,-25619.99999999968,0.8208516886931009,49.074074074074076,41.52459016393419,-0.01329395485662306,113,33499.999999999505,1.2865206979130988,47.78761061946903,20.90000000000022,0.019135639451057063,-59119.999999999185
M15,LONDON,60,INCLUDE_NEWS,2.0,1.5,3,161,-22539.999999999025,0.8837844805362256,47.20496894409938,35.8463227222827,-0.002463167103202791,173,37224.99999999936,1.2042467970700355,45.664739884393065,25.77500000000023,0.03820745699859611,-59764.999999998385
M5,LONDON,60,SKIP_NEWS,3.0,2.0,2,107,-25909.99999999965,0.8188238584714383,48.598130841121495,41.52459016393419,-0.015569213595083975,112,33959.999999999505,1.2916022668727416,48.214285714285715,20.90000000000022,0.0208563586038377,-59869.999999999156
M1,LONDON,60,INCLUDE_NEWS,1.0,1.5,1,158,-31034.99999999955,0.8433406526841848,53.79746835443038,47.87358109158728,0.009989411972061154,158,28899.999999999345,1.165829866590155,44.303797468354425,28.470000000000145,-0.02991251843330293,-59934.999999998894
M15,LONDON,60,INCLUDE_NEWS,2.0,1.5,2,160,-21594.999999999025,0.8881117069506019,47.5,35.8463227222827,0.003771438102402197,171,38674.99999999927,1.2154776165139105,45.614035087719294,23.005000000000248,0.03634392626310696,-60269.9999999983
M1,LONDON,60,SKIP_NEWS,2.0,2.0,2,110,-27279.999999999738,0.809882221757616,49.09090909090909,45.3735934590788,-0.012002043022875298,116,32999.99999999965,1.2587829360100342,46.55172413793103,29.430000000000277,0.018840489680109655,-60279.99999999939
M15,LONDON,60,INCLUDE_NEWS,2.0,1.5,1,156,-21959.999999999083,0.885068299576076,48.07692307692308,37.53972054150474,0.008042596873751532,156,38629.99999999933,1.2270616587315537,45.51282051282051,20.50500000000016,0.034382707427911385,-60589.999999998414
M1,LONDON,60,SKIP_NEWS,2.0,2.0,3,111,-28539.999999999767,0.8028324697754768,48.64864864864865,45.3735934590788,-0.02090292551816471,116,32999.99999999965,1.2587829360100342,46.55172413793103,29.430000000000277,0.018840489680109655,-61539.99999999942
M15,LONDON,60,INCLUDE_NEWS,2.0,2.0,3,158,-23319.999999999156,0.8796635533309295,48.10126582278481,38.64084044648665,-0.014321297285841882,159,38289.99999999913,1.2207807184454764,49.056603773584904,29.230000000000437,0.03843828071722652,-61609.99999999828
M15,LONDON,60,INCLUDE_NEWS,2.0,2.0,2,158,-23319.999999999156,0.8796635533309295,48.10126582278481,38.64084044648665,-0.014321297285841882,159,38289.99999999913,1.2207807184454764,49.056603773584904,29.230000000000437,0.03843828071722652,-61609.99999999828
M15,LONDON,30,INCLUDE_NEWS,1.5,2.0,1,157,-24649.99999999965,0.8740869387546628,45.85987261146497,38.47440304747733,-0.024028538147224866,157,37119.99999999956,1.2172538920753804,48.40764331210191,15.222029077117666,0.058447390969449446,-61769.999999999214
M5,LONDON,30,INCLUDE_NEWS,1.5,2.0,3,175,-30779.999999999913,0.8592335132168668,47.42857142857143,41.36255359695076,-0.012312693783439426,182,31589.999999999534,1.1637296568881494,46.15384615384615,23.276362731270247,0.037365532969406035,-62369.99999999945
M1,LONDON,60,SKIP_NEWS,1.5,2.0,2,111,-28349.99999999971,0.8006749630879584,50.45045045045045,44.771946641105565,-0.0023756179089719793,117,34814.999999999825,1.273015997490588,47.008547008547005,29.430000000000277,0.019993525161643967,-63164.999999999534
M15,LONDON,30,INCLUDE_NEWS,3.0,1.5,1,157,-33024.99999999942,0.8237867833417845,40.76433121019109,45.25494022932347,-0.03654850506141275,157,30324.99999999981,1.1712551178878996,42.675159235668794,23.745000000000292,0.04351453585876111,-63349.99999999923
M5,LONDON,30,INCLUDE_NEWS,1.5,2.0,2,174,-29739.999999999854,0.8633397665655737,47.701149425287355,41.36255359695076,-0.0066363299546086186,180,33639.99999999959,1.176227146524174,46.666666666666664,23.276362731270247,0.044300621700512625,-63379.99999999945
M15,LONDON,30,INCLUDE_NEWS,1.0,2.0,3,185,-25779.999999999767,0.8795777279521684,48.64864864864865,40.065604498594205,-0.013798159404530674,172,37609.99999999994,1.2085505156925804,49.41860465116279,18.519051042415448,0.02110668191540808,-63389.99999999971
M5,LONDON,60,SKIP_NEWS,2.5,2.0,1,105,-28039.999999999534,0.8014726706315529,49.523809523809526,41.60444665671118,-0.018841960520703676,105,35669.99999999942,1.3184537094902191,47.61904761904761,20.90000000000022,0.025660238662988406,-63709.99999999895
M15,LONDON,30,INCLUDE_NEWS,1.0,2.0,2,182,-24739.99999999968,0.88314755337238,48.9010989010989,40.065604498594205,-0.009808888073478286,171,39139.99999999994,1.218891560874671,49.707602339181285,17.419122933141544,0.02707806602017656,-63879.99999999962
M15,LONDON,60,INCLUDE_NEWS,1.5,2.0,1,156,-16939.999999999214,0.911169375983224,49.358974358974365,35.87786259541945,0.006908175521299739,156,47109.999999999214,1.2777221010434414,49.358974358974365,21.10000000000042,0.04733916697023113,-64049.99999999843
M5,LONDON,60,SKIP_NEWS,2.5,2.0,3,108,-29519.999999999534,0.7935808684707397,49.074074074074076,42.02754272440658,-0.02718284374551116,113,34709.999999999534,1.296869654464587,47.78761061946903,20.90000000000022,0.02236559664755932,-64229.99999999907
M1,LONDON,60,SKIP_NEWS,1.5,2.0,3,112,-29609.999999999738,0.7936441563872065,50.0,44.771946641105565,-0.011282978463356155,117,34814.999999999825,1.273015997490588,47.008547008547005,29.430000000000277,0.019993525161643967,-64424.99999999956
M5,LONDON,60,SKIP_NEWS,2.5,2.0,2,107,-29809.999999999505,0.7915530382490772,48.598130841121495,42.02754272440658,-0.029587905183868224,112,35169.999999999534,1.3019921002919417,48.214285714285715,20.90000000000022,0.024115154703880152,-64979.99999999904
M15,LONDON,30,INCLUDE_NEWS,1.5,2.0,3,165,-33429.99999999959,0.8403381411787199,45.45454545454545,45.182569915450884,-0.032000098120056025,171,31669.999999999534,1.173858146684231,48.53801169590643,18.390622524948647,0.040433097947109614,-65099.99999999913
M1,LONDON,60,INCLUDE_NEWS,1.5,1.5,1,158,-38903.999999999374,0.8121396494277882,49.36708860759494,51.40973207578619,-0.015453347471623368,158,26339.999999999563,1.1485450033837104,43.67088607594937,29.845000000000145,-0.01753177851094507,-65243.99999999894
M15,LONDON,30,INCLUDE_NEWS,1.5,2.0,2,164,-32389.99999999962,0.8445329749448034,45.73170731707317,44.699433243519366,-0.026097659693958802,170,33199.999999999534,1.183801140452857,48.8235294117647,18.12529700617782,0.04655329264091615,-65589.99999999916
M1,LONDON,30,INCLUDE_NEWS,1.0,2.0,2,204,-22630.000000000233,0.9030669065364507,54.41176470588235,56.67327854916391,0.026732395040584552,193,43469.99999999988,1.2266777911039253,47.66839378238342,12.54357569721129,0.01844429797493326,-66100.00000000012
M5,LONDON,60,INCLUDE_NEWS,1.0,2.0,1,157,-34289.99999999949,0.8307920059215422,50.318471337579616,47.324139127417546,-0.01286459013122312,157,31839.999999999156,1.186580720773507,50.318471337579616,17.716609912977844,0.010478947846810117,-66129.99999999865
M1,LONDON,30,INCLUDE_NEWS,2.0,2.0,1,158,-20370.000000000044,0.9009867301803333,47.46835443037975,52.12962962962918,0.02470487684474474,158,46330.00000000003,1.2664634497038012,45.56962025316456,15.831435079726731,0.07256690861803278,-66700.00000000007
M15,LONDON,60,INCLUDE_NEWS,1.5,2.0,2,158,-18769.999999999127,0.9025086999428705,48.734177215189874,36.044709145793824,-0.0006873362562098386,159,48239.99999999924,1.2838481906443013,49.685534591194966,20.530000000000438,0.05032387328392798,-67009.99999999837
M1,LONDON,30,INCLUDE_NEWS,3.0,1.5,3,194,-34865.000000000015,0.8489188369372102,42.2680412371134,63.24365289882502,-0.013842724953678224,229,32550.000000000175,1.1392841096300736,38.864628820960704,26.55418371410973,0.029982033944111083,-67415.00000000019
M5,LONDON,60,INCLUDE_NEWS,3.0,1.5,3,165,-24414.999999999127,0.8764704394242248,46.06060606060606,38.277272727272276,-0.0038940781412244658,183,43359.999999999214,1.227140574661459,45.90163934426229,29.560000000000347,0.022384806609735932,-67774.99999999834
M15,LONDON,30,INCLUDE_NEWS,3.0,1.5,3,170,-41029.99999999946,0.7983090006390431,40.0,54.74903105411673,-0.04507346919784764,196,26840.000000000146,1.1292621845501836,43.87755102040816,27.26000000000028,0.04771069497477219,-67869.9999999996
M1,LONDON,30,INCLUDE_NEWS,3.0,2.0,2,175,-24000.00000000022,0.8940490905880266,46.285714285714285,51.696625973276625,0.0029153046218825095,183,44140.000000000204,1.224573899771051,43.169398907103826,17.09593777009511,0.03109658648539739,-68140.00000000042
M15,LONDON,30,INCLUDE_NEWS,2.5,1.5,1,157,-33437.999999999345,0.8208374634982754,41.40127388535032,47.55891680897704,-0.02850617649667342,157,34773.99999999988,1.1985667380442537,43.31210191082803,20.919495934332737,0.06371535766294681,-68211.99999999923
M15,LONDON,60,INCLUDE_NEWS,1.5,2.0,3,159,-20029.999999999185,0.8966406935342424,48.42767295597484,36.55870115036258,-0.006972321562774556,159,48239.99999999924,1.2838481906443013,49.685534591194966,20.530000000000438,0.05032387328392798,-68269.99999999843
M5,LONDON,60,INCLUDE_NEWS,1.0,2.0,2,168,-35069.99999999955,0.8332937205875385,49.404761904761905,48.00069390233303,-0.015202560331112155,165,33329.999999999214,1.1903483723586472,50.90909090909091,17.60834821848282,0.015646077152997314,-68399.99999999876
M1,LONDON,30,INCLUDE_NEWS,2.0,1.5,3,199,-44714.99999999993,0.808291710433236,43.21608040201005,68.3250492356746,-0.023606274155129805,232,24055.000000000597,1.102902487540909,39.6551724137931,27.331542105635336,-0.015569236499492907,-68770.00000000052
M5,LONDON,60,SKIP_NEWS,2.0,2.0,1,105,-32689.99999999962,0.7685499858397085,49.523809523809526,43.47497480685224,-0.035388072636435994,105,36199.99999999936,1.3231854298723278,47.61904761904761,20.90000000000022,0.020142151599836813,-68889.99999999898
M15,LONDON,30,INCLUDE_NEWS,3.0,1.5,2,170,-41029.99999999946,0.7983090006390431,40.0,54.74903105411673,-0.04507346919784764,192,27950.000000000087,1.1376237136245022,43.75,26.78991324089834,0.04331402696149067,-68979.99999999955
M5,LONDON,60,INCLUDE_NEWS,2.5,1.5,3,165,-26630.999999999156,0.8652584178704288,46.06060606060606,39.18673038044424,-0.0055400228539295715,183,42724.99999999924,1.2238141386626116,45.90163934426229,29.560000000000347,0.034486934807536576,-69355.9999999984
M1,LONDON,60,INCLUDE_NEWS,3.0,2.0,2,163,-24539.999999999418,0.8858339148639247,48.466257668711656,43.950220794861444,0.01956826686438073,172,44989.99999999933,1.2289800488599305,46.51162790697674,40.81000000000055,0.018772264366472283,-69529.99999999875
M5,LONDON,60,INCLUDE_NEWS,1.0,2.0,3,171,-36909.99999999955,0.8264447265716858,49.122807017543856,49.5966692688002,-0.022717868228049838,166,32869.99999999924,1.1872294372294323,50.602409638554214,17.60834821848282,0.014506131473398683,-69779.99999999879
M5,LONDON,60,SKIP_NEWS,1.5,2.0,1,105,-29949.99999999962,0.7860408629804285,50.476190476190474,42.554076539101196,-0.009135548774519144,105,40294.99999999945,1.3597446656548478,47.61904761904761,20.90000000000022,0.031383308707481544,-70244.99999999907
M5,LONDON,60,INCLUDE_NEWS,3.0,1.5,2,164,-24704.999999999098,0.8750031622353256,45.73170731707317,38.277272727272276,-0.005789031708416533,179,45589.9999999991,1.2429846768820743,46.36871508379888,26.750000000000306,0.0235020352973843,-70294.9999999982
M5,LONDON,60,INCLUDE_NEWS,2.5,1.5,2,164,-25685.999999999156,0.8694153533299485,46.34146341463415,39.18673038044424,0.0005237574945220805,179,44954.999999999185,1.2396002664890031,46.36871508379888,26.750000000000306,0.03587460211413023,-70640.99999999834
M1,LONDON,60,INCLUDE_NEWS,3.0,2.0,3,164,-25799.999999999447,0.8806715693076203,48.170731707317074,43.950220794861444,0.013351387188378413,172,44989.99999999933,1.2289800488599305,46.51162790697674,40.81000000000055,0.018772264366472283,-70789.99999999878
M5,LONDON,30,INCLUDE_NEWS,2.0,2.0,3,173,-29589.999999999607,0.8646757523095234,46.82080924855491,40.54341520015426,-0.001442774783328269,180,41229.9999999993,1.2135937419054,45.55555555555556,21.78838274282966,0.056981823874460304,-70819.99999999891
M5,LONDON,60,INCLUDE_NEWS,2.5,1.5,1,157,-27155.999999999214,0.85867291178767,46.496815286624205,40.62852088085982,0.0037737735881202394,157,43702.999999999156,1.2545904695327925,45.85987261146497,22.400000000000304,0.03137276836185755,-70858.99999999837
M1,LONDON,60,INCLUDE_NEWS,2.5,2.0,2,163,-29049.999999999563,0.8648522912305211,48.466257668711656,45.1458282557478,0.008771842439637223,172,42044.99999999939,1.2139912459283349,46.51162790697674,40.81000000000055,0.01911426163049412,-71094.99999999895
M1,LONDON,30,INCLUDE_NEWS,1.0,2.0,3,215,-27340.000000000116,0.8868190097698286,53.02325581395348,55.98433470245466,0.011084574565066294,200,43889.999999999825,1.2253658536585357,48.0,12.60635635635651,0.021451622560771842,-71229.99999999994
M5,LONDON,30,INCLUDE_NEWS,3.0,2.0,1,158,-10479.999999999869,0.9475973798689946,48.10126582278481,33.969307341351936,0.02453182808774998,158,60789.999999999185,1.342170437915114,44.936708860759495,18.350151856569074,0.09062733256369201,-71269.99999999905
M1,LONDON,30,INCLUDE_NEWS,3.0,2.0,1,158,-18130.000000000276,0.9126222950503631,46.20253164556962,51.09248194060436,0.00972671599160172,158,53620.00000000003,1.3081786309558021,44.936708860759495,15.831435079726731,0.0726044148491726,-71750.0000000003
M5,LONDON,30,INCLUDE_NEWS,2.0,2.0,2,172,-28549.99999999955,0.8688080139693063,47.093023255813954,40.54341520015426,0.004362790479559352,178,43279.99999999933,1.2266205885433,46.06741573033708,21.78838274282966,0.06421524271383834,-71829.99999999888
M5,LONDON,60,SKIP_NEWS,2.0,2.0,3,108,-34169.99999999962,0.7610656597440766,49.074074074074076,44.71783674840414,-0.04326934163580649,113,37909.999999999476,1.3242387957577788,47.78761061946903,20.90000000000022,0.028489750893556202,-72079.9999999991
M1,LONDON,30,INCLUDE_NEWS,3.0,2.0,3,178,-26190.00000000019,0.8855031913963445,46.06741573033708,52.26057365094769,-0.008229335343655176,187,46090.000000000146,1.2310275689223058,43.31550802139038,19.092480553154772,0.039649109804890934,-72280.00000000033
M1,LONDON,60,INCLUDE_NEWS,2.5,2.0,3,164,-30309.999999999593,0.8598122196013156,48.170731707317074,45.1458282557478,0.002620794619883334,172,42044.99999999939,1.2139912459283349,46.51162790697674,40.81000000000055,0.01911426163049412,-72354.99999999898
M5,LONDON,60,SKIP_NEWS,2.0,2.0,2,107,-34459.99999999959,0.7590378295224139,48.598130841121495,44.961370507221716,-0.04582474417594201,112,38369.999999999476,1.3294693456980895,48.214285714285715,20.90000000000022,0.030293988898502,-72829.99999999907
M1,LONDON,30,INCLUDE_NEWS,2.0,2.0,2,178,-29690.000000000015,0.8699062308299009,47.19101123595505,58.8072782699814,0.013254604493454919,184,43410.000000000146,1.2233369347121468,44.02173913043478,16.92629453339111,0.04652037686036753,-73100.00000000016
M1,LONDON,60,INCLUDE_NEWS,2.5,2.0,1,158,-27459.999999999418,0.8696168273111468,49.36708860759494,44.165569453587686,0.01596196111384532,158,45669.99999999942,1.2473863821028068,46.835443037974684,34.9500000000005,0.018775852316852887,-73129.99999999884
M5,LONDON,60,SKIP_NEWS,1.5,2.0,2,107,-31719.99999999962,0.7762257495590856,49.532710280373834,43.19467554076509,-0.02006292169462172,112,41414.999999999534,1.3556156620298778,48.214285714285715,20.90000000000022,0.036368287972633216,-73134.99999999916
M1,LONDON,30,INCLUDE_NEWS,1.5,2.0,1,158,-29880.00000000003,0.854761094638604,47.46835443037975,55.33383066020126,-0.008052452218274513,158,43310.00000000003,1.2491084780858162,46.20253164556962,14.96285183597669,0.0485761505041681,-73190.00000000006
M5,LONDON,60,SKIP_NEWS,1.5,2.0,3,108,-32979.99999999956,0.7693867561709001,49.074074074074076,44.24292845257868,-0.02913641316041226,113,40954.99999999956,1.3502822442695825,47.78761061946903,20.90000000000022,0.034510295108624314,-73934.99999999913
M15,LONDON,30,INCLUDE_NEWS,2.5,1.5,3,171,-42837.99999999949,0.7894214226023718,40.35087719298245,57.0084693047507,-0.04619791917526351,196,31214.000000000175,1.1517526374641465,44.38775510204081,27.019505328775228,0.06309164537354317,-74051.99999999967
M1,LONDON,60,INCLUDE_NEWS,2.5,1.5,2,170,-40024.99999999927,0.816365388144617,47.05882352941176,53.13525461191856,-0.015440490653812986,189,34162.99999999907,1.1648037820497315,42.857142857142854,41.46500000000048,0.013869213523123385,-74187.99999999834
M5,LONDON,60,INCLUDE_NEWS,3.0,1.5,1,157,-26174.999999999156,0.8644449623242488,45.85987261146497,39.05435591958258,-0.002820477553802887,157,48074.999999999156,1.2800594197832875,45.85987261146497,22.400000000000304,0.03170146814066081,-74249.99999999831
M15,LONDON,30,INCLUDE_NEWS,2.5,1.5,2,170,-42057.999999999476,0.7924599062422922,40.588235294117645,57.0084693047507,-0.040587318699823884,192,32324.000000000087,1.1607039872725475,44.27083333333333,26.430622762500345,0.05901541382690272,-74381.99999999956
M1,LONDON,60,INCLUDE_NEWS,3.0,2.0,1,158,-22949.999999999272,0.8910308152509413,49.36708860759494,42.41379310344812,0.02710004453937185,158,51529.99999999936,1.279128974595087,46.835443037974684,34.9500000000005,0.02826952320292877,-74479.99999999863
M5,LONDON,30,INCLUDE_NEWS,2.5,2.0,1,158,-17699.999999999724,0.9114955747787405,48.10126582278481,35.374913614374336,0.0031123907475967385,158,57464.99999999913,1.323454913880441,44.936708860759495,18.350151856569074,0.09469921187797022,-75164.99999999885
M1,LONDON,60,INCLUDE_NEWS,3.0,1.5,2,170,-33824.999999999476,0.8448109744907346,47.05882352941176,51.674742837711285,0.006240670228337031,189,41754.99999999895,1.201427916737012,42.857142857142854,41.46500000000048,0.02675771238744891,-75579.99999999843
M5,LONDON,60,INCLUDE_NEWS,2.0,1.5,3,165,-28254.999999999127,0.8570416656125929,46.06060606060606,39.22306332441816,-0.01103745743029901,183,47449.999999999156,1.252152194707191,46.44808743169399,21.41500000000029,0.036266555645140704,-75704.99999999828
M1,LONDON,30,INCLUDE_NEWS,2.0,2.0,3,181,-31879.999999999956,0.8616559625065091,46.96132596685083,59.44696020811205,0.0021233127062702376,188,43840.00000000003,1.222177174133387,44.148936170212764,17.213054638797303,0.049380093345715415,-75719.99999999999
M5,LONDON,30,INCLUDE_NEWS,3.0,2.0,3,170,-19989.999999999898,0.9072647986639459,47.05882352941176,34.86221564638401,0.01218314318227514,180,56169.9999999993,1.2909910376625364,45.55555555555556,18.592436974789823,0.07029404293186574,-76159.9999999992
M5,LONDON,60,INCLUDE_NEWS,3.0,2.0,1,157,-28219.999999999316,0.864541832669326,47.13375796178344,39.075740368655104,0.0015419508600398213,157,47959.99999999895,1.2754264055590583,49.681528662420384,23.55000000000048,0.03385695797591173,-76179.99999999827
M5,LONDON,60,INCLUDE_NEWS,2.0,1.5,2,164,-27309.999999999127,0.8611591255719415,46.34146341463415,39.22306332441816,-0.0050071980243862006,179,49679.99999999904,1.2686712454707647,46.927374301675975,19.695000000000263,0.03769399101514448,-76989.99999999817
M1,LONDON,30,INCLUDE_NEWS,2.5,2.0,1,158,-23470.000000000276,0.8868861149934929,46.20253164556962,53.35754866349976,-0.0045907153387630606,158,54245.00000000009,1.3117707914247945,44.936708860759495,15.831435079726731,0.08448683557045168,-77715.00000000036
M5,LONDON,60,INCLUDE_NEWS,3.0,2.0,3,161,-30349.999999999316,0.8559905100830401,46.58385093167702,40.38833245475264,-0.005761945872476139,166,47649.9999999991,1.2661416443252846,50.0,22.90000000000048,0.03217030226962599,-77999.99999999841
M5,LONDON,30,INCLUDE_NEWS,3.0,2.0,2,169,-20279.99999999987,0.9059194655780304,46.74556213017752,34.86221564638401,0.010605255545210914,178,58219.99999999942,1.3048486752539508,46.06741573033708,18.592436974789823,0.0776770372662708,-78499.99999999929
M5,LONDON,60,INCLUDE_NEWS,3.0,2.0,2,160,-30639.999999999287,0.8546144721233723,46.25,40.643120716920954,-0.007236450097670957,165,48109.9999999991,1.2694030686526987,50.303030303030305,22.90000000000048,0.03341730352980781,-78749.99999999838
M5,LONDON,60,INCLUDE_NEWS,2.0,1.5,1,157,-28779.999999999185,0.8502211813687264,46.496815286624205,40.9682575930573,-0.002003785043096057,157,50084.999999999185,1.2964574269732703,46.496815286624205,15.755000000000205,0.03981458239296585,-78864.99999999837
M1,LONDON,60,INCLUDE_NEWS,3.0,1.5,1,158,-33279.99999999939,0.8405710316414793,47.46835443037975,51.762998377870495,0.011641698700686777,158,46304.99999999945,1.2571999888910452,43.037974683544306,31.300000000000335,0.016028167495203943,-79584.99999999884
M1,LONDON,60,INCLUDE_NEWS,2.5,1.5,1,158,-39479.999999999156,0.8108697214304574,47.46835443037975,53.22974472807969,-0.011686132628208808,158,40872.999999999505,1.2270280778737432,43.037974683544306,31.300000000000335,0.010104392657579463,-80352.99999999866
M1,LONDON,60,INCLUDE_NEWS,2.0,2.0,2,163,-35989.99999999942,0.8325657129565041,48.466257668711656,48.72975417249001,-0.010654750806788117,172,45339.99999999927,1.2307614006514611,46.51162790697674,40.81000000000055,0.022802257718106296,-81329.99999999869
M15,LONDON,30,INCLUDE_NEWS,2.5,2.0,1,157,-28659.999999999563,0.8548713793801926,44.5859872611465,34.230544177881335,-0.04258146704049038,157,52964.999999999534,1.3055908146780493,47.77070063694268,19.480000000000466,0.08226508673006848,-81624.9999999991
M15,LONDON,30,INCLUDE_NEWS,3.0,2.0,1,157,-23539.99999999971,0.8807980554992928,44.5859872611465,31.84123268968172,-0.02600492460436743,157,58539.99999999965,1.3377567505192678,47.77070063694268,19.480000000000466,0.08509754949917059,-82079.99999999936
M1,LONDON,60,INCLUDE_NEWS,2.0,2.0,3,164,-37249.99999999945,0.8277137967716595,48.170731707317074,49.76568280851733,-0.016687343789673556,172,45339.99999999927,1.2307614006514611,46.51162790697674,40.81000000000055,0.022802257718106296,-82589.99999999872
M1,LONDON,30,INCLUDE_NEWS,2.5,2.0,2,175,-30160.00000000019,0.8668550238389537,46.285714285714285,56.12884559745371,-0.012868433379246829,183,52640.00000000009,1.2709212557900156,43.71584699453552,15.476639358310914,0.060481408747485386,-82800.00000000028
M1,LONDON,60,INCLUDE_NEWS,2.5,1.5,3,172,-42149.99999999926,0.8084830860803814,46.51162790697674,54.138400068009716,-0.02388081975616446,192,41212.99999999913,1.1988132854145013,43.75,38.81000000000056,0.03061020298238279,-83362.99999999838
M1,LONDON,60,INCLUDE_NEWS,2.0,1.5,2,170,-44274.99999999945,0.7959818445729584,47.647058823529406,54.16985462892106,-0.022538793395017992,189,39409.999999999156,1.192638576595948,43.386243386243386,36.34500000000021,0.018096502015339196,-83684.9999999986
M5,LONDON,30,INCLUDE_NEWS,2.5,2.0,3,170,-28029.999999999753,0.8699665986268339,47.05882352941176,37.271407837445224,-0.010665510345631833,180,55689.99999999933,1.2885043775578895,45.55555555555556,19.867549668874098,0.08289999413947814,-83719.99999999908
M5,LONDON,60,INCLUDE_NEWS,2.5,2.0,1,157,-33939.9999999992,0.8370853933662977,47.13375796178344,43.13777541810404,-0.014381616018940698,157,50284.99999999895,1.2887784988227118,49.681528662420384,23.55000000000048,0.03748480714258721,-84224.99999999815
M15,LONDON,30,INCLUDE_NEWS,3.0,2.0,3,162,-31189.99999999971,0.8515115448702706,43.82716049382716,41.00838697093774,-0.026927067454268493,171,53089.99999999956,1.287563644242225,47.953216374269005,18.910000000000498,0.06490137215276,-84279.99999999927
M1,LONDON,60,INCLUDE_NEWS,2.0,2.0,1,158,-34399.99999999927,0.8366649256920408,49.36708860759494,47.374917709018554,-0.004079397741644113,158,49899.9999999993,1.2702995504035481,46.835443037974684,34.9500000000005,0.025955189829949748,-84299.99999999857
M1,LONDON,30,INCLUDE_NEWS,1.5,2.0,2,180,-38630.00000000001,0.8307335027604948,47.77777777777778,62.585672706787946,-0.014863555328384338,188,45875.00000000009,1.236031076353159,45.744680851063826,16.18560467665339,0.029312215233672848,-84505.00000000009
M15,LONDON,30,INCLUDE_NEWS,2.5,2.0,3,162,-37129.99999999961,0.8232325636753175,43.82716049382716,42.6662765749947,-0.04607840796335063,171,47514.99999999959,1.2573664825046018,47.953216374269005,18.910000000000498,0.062300806920309544,-84644.9999999992
M15,LONDON,30,INCLUDE_NEWS,3.0,2.0,2,162,-31189.99999999971,0.8515115448702706,43.82716049382716,41.00838697093774,-0.026927067454268493,170,54619.99999999956,1.2983232290130513,48.23529411764706,18.910000000000498,0.07116549787130566,-85809.99999999927
M1,LONDON,60,INCLUDE_NEWS,3.0,1.5,3,172,-35949.999999999505,0.836654020037715,46.51162790697674,52.67788829380243,-0.002451765395899899,192,49954.99999999895,1.2409850695868154,43.75,38.81000000000056,0.0459014857186199,-85904.99999999846
M5,LONDON,60,INCLUDE_NEWS,2.5,2.0,3,161,-36069.9999999992,0.8288493475682125,46.58385093167702,44.70452118191471,-0.021289896183034798,166,49974.9999999991,1.2791275692582607,50.0,22.90000000000048,0.03560146081883111,-86044.9999999983
M5,LONDON,30,INCLUDE_NEWS,2.5,2.0,2,169,-28319.999999999724,0.8686212655409183,46.74556213017752,37.271407837445224,-0.01237859711599728,178,57739.99999999939,1.3023353230704757,46.06741573033708,19.867549668874098,0.09042462837509237,-86059.99999999911
M15,LONDON,30,INCLUDE_NEWS,2.5,2.0,2,162,-37129.99999999961,0.8232325636753175,43.82716049382716,42.6662765749947,-0.04607840796335063,170,49044.99999999959,1.267873723305476,48.23529411764706,18.910000000000498,0.06854963519631137,-86174.9999999992
M1,LONDON,30,INCLUDE_NEWS,2.5,2.0,3,178,-32350.00000000019,0.8585730523738736,46.06741573033708,56.74568334796587,-0.02374705528858571,187,53830.000000000146,1.2729024081115334,43.85026737967914,15.725680052941495,0.06573158292768297,-86180.00000000033
M1,LONDON,30,INCLUDE_NEWS,1.5,2.0,3,183,-40819.999999999935,0.8228606144766537,47.540983606557376,63.25833095984035,-0.0254122402137117,192,45545.00000000003,1.230829658912371,45.83333333333333,16.43784786641942,0.02986669099279887,-86364.99999999997
M5,LONDON,60,INCLUDE_NEWS,2.5,2.0,2,160,-36359.99999999917,0.8274733096085448,46.25,44.96262014951881,-0.022861450097670606,165,50434.9999999991,1.2824224437226956,50.303030303030305,22.90000000000048,0.036869256979311135,-86794.99999999827
M15,LONDON,30,INCLUDE_NEWS,2.0,2.0,1,157,-29009.999999999534,0.8518159064208024,45.85987261146497,38.08269943436668,-0.024419230250148305,157,59379.999999999534,1.3475359943813614,48.40764331210191,14.701601164483394,0.10370549469235334,-88389.99999999907
M1,LONDON,60,INCLUDE_NEWS,1.5,2.0,2,164,-38149.99999999929,0.8214703542514891,49.390243902439025,51.506363782825325,-0.00913112099357719,173,50514.999999999505,1.2617357512953333,47.398843930635834,32.74000000000029,0.026918822170965657,-88664.99999999879
M1,LONDON,60,INCLUDE_NEWS,1.5,2.0,3,165,-39409.999999999316,0.8166550360548998,49.09090909090909,52.521346866440624,-0.01513638692694945,173,50514.999999999505,1.2617357512953333,47.398843930635834,32.74000000000029,0.026918822170965657,-89924.99999999882
M1,LONDON,60,INCLUDE_NEWS,2.0,1.5,1,158,-43729.99999999933,0.7895572666025056,48.10126582278481,54.26876120549794,-0.019323546970011662,158,47379.99999999945,1.2672005413940866,43.67088607594937,29.845000000000145,0.020004986242800223,-91109.99999999878
M1,LONDON,60,INCLUDE_NEWS,1.5,2.0,1,158,-36999.999999999185,0.823262479101986,50.0,50.40420371867362,-0.004062553445600549,158,54649.99999999942,1.3017169988406074,47.46835443037975,30.180000000000234,0.031283698211264414,-91649.9999999986
M1,LONDON,60,INCLUDE_NEWS,2.0,1.5,3,172,-46399.999999999476,0.7882632107328673,47.093023255813954,55.83609623395355,-0.030896584093401968,192,45309.99999999913,1.2214781503568242,44.27083333333333,36.28500000000027,0.03216727342524106,-91709.9999999986
M5,LONDON,60,INCLUDE_NEWS,2.0,2.0,1,157,-40609.9999999992,0.8050688811021014,47.13375796178344,48.372926938591974,-0.032227844688903294,157,51639.99999999895,1.2965600413484109,49.681528662420384,23.55000000000048,0.03904822520865167,-92249.99999999815
M15,LONDON,30,INCLUDE_NEWS,2.0,2.0,3,163,-39339.99999999946,0.812111949565386,44.785276073619634,46.128340159937196,-0.03750448413484108,171,53929.999999999476,1.296058410188842,48.53801169590643,16.059957173447653,0.0819858598447465,-93269.99999999894
M15,LONDON,30,INCLUDE_NEWS,2.0,2.0,2,162,-38299.999999999505,0.8161658826917563,45.06172839506173,46.128340159937196,-0.03156315378999442,170,55459.999999999476,1.3070364834191412,48.8235294117647,16.059957173447653,0.0883504825497156,-93759.99999999898
M5,LONDON,60,INCLUDE_NEWS,2.0,2.0,3,161,-42739.999999999214,0.7972004744958519,46.58385093167702,49.99098286744757,-0.0386927402897685,166,53999.9999999991,1.301608579088466,50.0,22.90000000000048,0.044739323516425594,-96739.99999999831
M5,LONDON,60,INCLUDE_NEWS,2.0,2.0,2,160,-43029.999999999185,0.7958244365361841,46.25,50.252479711451144,-0.04037306198007139,165,54459.99999999907,1.304961361854625,50.303030303030305,22.90000000000048,0.046062500662951644,-97489.99999999825
M5,LONDON,60,INCLUDE_NEWS,1.5,2.0,1,157,-39049.99999999923,0.8114164292268352,47.77070063694268,48.2825951894909,-0.020057897732419665,157,60029.999999999156,1.3517726340462874,50.318471337579616,16.50002202352126,0.05311923922095321,-99079.99999999838
M5,LONDON,60,INCLUDE_NEWS,1.5,2.0,2,160,-41469.999999999214,0.8020430569478295,46.875,49.35725763256503,-0.028431301529021836,165,61799.999999999214,1.3529411764705834,50.90909090909091,16.406078920860296,0.056420980662535564,-103269.99999999843
M5,LONDON,60,INCLUDE_NEWS,1.5,2.0,3,161,-42729.999999999156,0.7972479240806682,46.58385093167702,50.48205677557516,-0.03446588971828257,166,61339.999999999214,1.3493962178172656,50.602409638554214,16.406078920860296,0.0550354030340843,-104069.99999999837
