m,M15_LONDON_ORB15_INCLUDE_NEWS_RR1,M15_LONDON_ORB15_INCLUDE_NEWS_RR1p5,M15_LONDON_ORB15_INCLUDE_NEWS_RR2,M15_LONDON_ORB15_INCLUDE_NEWS_RR2p5,M15_LONDON_ORB15_INCLUDE_NEWS_RR3,M15_LONDON_ORB15_INCLUDE_NEWS_RR3p5,M15_LONDON_ORB15_INCLUDE_NEWS_RR4,M15_LONDON_ORB15_INCLUDE_NEWS_RR4p5,M15_LONDON_ORB15_INCLUDE_NEWS_RR5,M15_LONDON_ORB15_SKIP_NEWS_RR1,M15_LONDON_ORB15_SKIP_NEWS_RR1p5,M15_LONDON_ORB15_SKIP_NEWS_RR2,M15_LONDON_ORB15_SKIP_NEWS_RR2p5,M15_LONDON_ORB15_SKIP_NEWS_RR3,M15_LONDON_ORB15_SKIP_NEWS_RR3p5,M15_LONDON_ORB15_SKIP_NEWS_RR4,M15_LONDON_ORB15_SKIP_NEWS_RR4p5,M15_LONDON_ORB15_SKIP_NEWS_RR5,M15_LONDON_ORB30_INCLUDE_NEWS_RR1,M15_LONDON_ORB30_INCLUDE_NEWS_RR1p5,M15_LONDON_ORB30_INCLUDE_NEWS_RR2,M15_LONDON_ORB30_INCLUDE_NEWS_RR2p5,M15_LONDON_ORB30_INCLUDE_NEWS_RR3,M15_LONDON_ORB30_INCLUDE_NEWS_RR3p5,M15_LONDON_ORB30_INCLUDE_NEWS_RR4,M15_LONDON_ORB30_INCLUDE_NEWS_RR4p5,M15_LONDON_ORB30_INCLUDE_NEWS_RR5,M15_LONDON_ORB30_SKIP_NEWS_RR1,M15_LONDON_ORB30_SKIP_NEWS_RR1p5,M15_LONDON_ORB30_SKIP_NEWS_RR2,M15_LONDON_ORB30_SKIP_NEWS_RR2p5,M15_LONDON_ORB30_SKIP_NEWS_RR3,M15_LONDON_ORB30_SKIP_NEWS_RR3p5,M15_LONDON_ORB30_SKIP_NEWS_RR4,M15_LONDON_ORB30_SKIP_NEWS_RR4p5,M15_LONDON_ORB30_SKIP_NEWS_RR5,M15_LONDON_ORB60_INCLUDE_NEWS_RR1,M15_LONDON_ORB60_INCLUDE_NEWS_RR1p5,M15_LONDON_ORB60_INCLUDE_NEWS_RR2,M15_LONDON_ORB60_INCLUDE_NEWS_RR2p5,M15_LONDON_ORB60_INCLUDE_NEWS_RR3,M15_LONDON_ORB60_INCLUDE_NEWS_RR3p5,M15_LONDON_ORB60_INCLUDE_NEWS_RR4,M15_LONDON_ORB60_INCLUDE_NEWS_RR4p5,M15_LONDON_ORB60_INCLUDE_NEWS_RR5,M15_LONDON_ORB60_SKIP_NEWS_RR1,M15_LONDON_ORB60_SKIP_NEWS_RR1p5,M15_LONDON_ORB60_SKIP_NEWS_RR2,M15_LONDON_ORB60_SKIP_NEWS_RR2p5,M15_LONDON_ORB60_SKIP_NEWS_RR3,M15_LONDON_ORB60_SKIP_NEWS_RR3p5,M15_LONDON_ORB60_SKIP_NEWS_RR4,M15_LONDON_ORB60_SKIP_NEWS_RR4p5,M15_LONDON_ORB60_SKIP_NEWS_RR5,M1_LONDON_ORB15_INCLUDE_NEWS_RR1,M1_LONDON_ORB15_INCLUDE_NEWS_RR1p5,M1_LONDON_ORB15_INCLUDE_NEWS_RR2,M1_LONDON_ORB15_INCLUDE_NEWS_RR2p5,M1_LONDON_ORB15_INCLUDE_NEWS_RR3,M1_LONDON_ORB15_INCLUDE_NEWS_RR3p5,M1_LONDON_ORB15_INCLUDE_NEWS_RR4,M1_LONDON_ORB15_INCLUDE_NEWS_RR4p5,M1_LONDON_ORB15_INCLUDE_NEWS_RR5,M1_LONDON_ORB15_SKIP_NEWS_RR1,M1_LONDON_ORB15_SKIP_NEWS_RR1p5,M1_LONDON_ORB15_SKIP_NEWS_RR2,M1_LONDON_ORB15_SKIP_NEWS_RR2p5,M1_LONDON_ORB15_SKIP_NEWS_RR3,M1_LONDON_ORB15_SKIP_NEWS_RR3p5,M1_LONDON_ORB15_SKIP_NEWS_RR4,M1_LONDON_ORB15_SKIP_NEWS_RR4p5,M1_LONDON_ORB15_SKIP_NEWS_RR5,M1_LONDON_ORB30_INCLUDE_NEWS_RR1,M1_LONDON_ORB30_INCLUDE_NEWS_RR1p5,M1_LONDON_ORB30_INCLUDE_NEWS_RR2,M1_LONDON_ORB30_INCLUDE_NEWS_RR2p5,M1_LONDON_ORB30_INCLUDE_NEWS_RR3,M1_LONDON_ORB30_INCLUDE_NEWS_RR3p5,M1_LONDON_ORB30_INCLUDE_NEWS_RR4,M1_LONDON_ORB30_INCLUDE_NEWS_RR4p5,M1_LONDON_ORB30_INCLUDE_NEWS_RR5,M1_LONDON_ORB30_SKIP_NEWS_RR1,M1_LONDON_ORB30_SKIP_NEWS_RR1p5,M1_LONDON_ORB30_SKIP_NEWS_RR2,M1_LONDON_ORB30_SKIP_NEWS_RR2p5,M1_LONDON_ORB30_SKIP_NEWS_RR3,M1_LONDON_ORB30_SKIP_NEWS_RR3p5,M1_LONDON_ORB30_SKIP_NEWS_RR4,M1_LONDON_ORB30_SKIP_NEWS_RR4p5,M1_LONDON_ORB30_SKIP_NEWS_RR5,M1_LONDON_ORB60_INCLUDE_NEWS_RR1,M1_LONDON_ORB60_INCLUDE_NEWS_RR1p5,M1_LONDON_ORB60_INCLUDE_NEWS_RR2,M1_LONDON_ORB60_INCLUDE_NEWS_RR2p5,M1_LONDON_ORB60_INCLUDE_NEWS_RR3,M1_LONDON_ORB60_INCLUDE_NEWS_RR3p5,M1_LONDON_ORB60_INCLUDE_NEWS_RR4,M1_LONDON_ORB60_INCLUDE_NEWS_RR4p5,M1_LONDON_ORB60_INCLUDE_NEWS_RR5,M1_LONDON_ORB60_SKIP_NEWS_RR1,M1_LONDON_ORB60_SKIP_NEWS_RR1p5,M1_LONDON_ORB60_SKIP_NEWS_RR2,M1_LONDON_ORB60_SKIP_NEWS_RR2p5,M1_LONDON_ORB60_SKIP_NEWS_RR3,M1_LONDON_ORB60_SKIP_NEWS_RR3p5,M1_LONDON_ORB60_SKIP_NEWS_RR4,M1_LONDON_ORB60_SKIP_NEWS_RR4p5,M1_LONDON_ORB60_SKIP_NEWS_RR5,M5_LONDON_ORB15_INCLUDE_NEWS_RR1,M5_LONDON_ORB15_INCLUDE_NEWS_RR1p5,M5_LONDON_ORB15_INCLUDE_NEWS_RR2,M5_LONDON_ORB15_INCLUDE_NEWS_RR2p5,M5_LONDON_ORB15_INCLUDE_NEWS_RR3,M5_LONDON_ORB15_INCLUDE_NEWS_RR3p5,M5_LONDON_ORB15_INCLUDE_NEWS_RR4,M5_LONDON_ORB15_INCLUDE_NEWS_RR4p5,M5_LONDON_ORB15_INCLUDE_NEWS_RR5,M5_LONDON_ORB15_SKIP_NEWS_RR1,M5_LONDON_ORB15_SKIP_NEWS_RR1p5,M5_LONDON_ORB15_SKIP_NEWS_RR2,M5_LONDON_ORB15_SKIP_NEWS_RR2p5,M5_LONDON_ORB15_SKIP_NEWS_RR3,M5_LONDON_ORB15_SKIP_NEWS_RR3p5,M5_LONDON_ORB15_SKIP_NEWS_RR4,M5_LONDON_ORB15_SKIP_NEWS_RR4p5,M5_LONDON_ORB15_SKIP_NEWS_RR5,M5_LONDON_ORB30_INCLUDE_NEWS_RR1,M5_LONDON_ORB30_INCLUDE_NEWS_RR1p5,M5_LONDON_ORB30_INCLUDE_NEWS_RR2,M5_LONDON_ORB30_INCLUDE_NEWS_RR2p5,M5_LONDON_ORB30_INCLUDE_NEWS_RR3,M5_LONDON_ORB30_INCLUDE_NEWS_RR3p5,M5_LONDON_ORB30_INCLUDE_NEWS_RR4,M5_LONDON_ORB30_INCLUDE_NEWS_RR4p5,M5_LONDON_ORB30_INCLUDE_NEWS_RR5,M5_LONDON_ORB30_SKIP_NEWS_RR1,M5_LONDON_ORB30_SKIP_NEWS_RR1p5,M5_LONDON_ORB30_SKIP_NEWS_RR2,M5_LONDON_ORB30_SKIP_NEWS_RR2p5,M5_LONDON_ORB30_SKIP_NEWS_RR3,M5_LONDON_ORB30_SKIP_NEWS_RR3p5,M5_LONDON_ORB30_SKIP_NEWS_RR4,M5_LONDON_ORB30_SKIP_NEWS_RR4p5,M5_LONDON_ORB30_SKIP_NEWS_RR5,M5_LONDON_ORB60_INCLUDE_NEWS_RR1,M5_LONDON_ORB60_INCLUDE_NEWS_RR1p5,M5_LONDON_ORB60_INCLUDE_NEWS_RR2,M5_LONDON_ORB60_INCLUDE_NEWS_RR2p5,M5_LONDON_ORB60_INCLUDE_NEWS_RR3,M5_LONDON_ORB60_INCLUDE_NEWS_RR3p5,M5_LONDON_ORB60_INCLUDE_NEWS_RR4,M5_LONDON_ORB60_INCLUDE_NEWS_RR4p5,M5_LONDON_ORB60_INCLUDE_NEWS_RR5,M5_LONDON_ORB60_SKIP_NEWS_RR1,M5_LONDON_ORB60_SKIP_NEWS_RR1p5,M5_LONDON_ORB60_SKIP_NEWS_RR2,M5_LONDON_ORB60_SKIP_NEWS_RR2p5,M5_LONDON_ORB60_SKIP_NEWS_RR3,M5_LONDON_ORB60_SKIP_NEWS_RR3p5,M5_LONDON_ORB60_SKIP_NEWS_RR4,M5_LONDON_ORB60_SKIP_NEWS_RR4p5,M5_LONDON_ORB60_SKIP_NEWS_RR5
2023-01,590.0000000000318,185.00000000003638,-219.99999999993634,-577.9999999999518,-969.9999999999363,-1535.9999999999445,-2104.99999999995,-3861.999999999921,-3984.9999999999227,590.0000000000318,185.00000000003638,-219.99999999993634,-577.9999999999518,-969.9999999999363,-1535.9999999999445,-2104.99999999995,-3861.999999999921,-3984.9999999999227,119.99999999998181,-3111.999999999989,-2889.9999999999636,-2379.9999999999727,-3104.9999999999955,-3420.999999999958,-3999.9999999999545,-3941.999999999962,-4574.9999999999545,119.99999999998181,-3111.999999999989,-2889.9999999999636,-2379.9999999999727,-3104.9999999999955,-3420.999999999958,-3999.9999999999545,-3941.999999999962,-4574.9999999999545,-1225.0000000000227,-2330.000000000041,-1105.000000000041,-1787.9999999999882,-3334.999999999991,-3984.999999999991,-4144.999999999982,-4144.999999999982,-4144.999999999982,-1225.0000000000227,-2330.000000000041,-1105.000000000041,-1787.9999999999882,-3334.999999999991,-3984.999999999991,-4144.999999999982,-4144.999999999982,-4144.999999999982,1210.0000000001046,-354.99999999992724,-549.9999999998636,-1680.9999999998126,-1924.9999999998863,-2673.999999999887,-3049.9999999998863,-2937.9999999998518,-4139.999999999873,1210.0000000001046,-354.99999999992724,-549.9999999998636,-1680.9999999998126,-1924.9999999998863,-2673.999999999887,-3049.9999999998863,-2937.9999999998518,-4139.999999999873,790.0000000001,-437.9999999999882,-1739.9999999999636,-1828.999999999951,-2489.999999999918,-3347.999999999911,-3769.999999999959,-4704.99999999995,-4549.999999999932,790.0000000001,-437.9999999999882,-1739.9999999999636,-1828.999999999951,-2489.999999999918,-3347.999999999911,-3769.999999999959,-4704.99999999995,-4549.999999999932,50.000000000045475,-1306.999999999971,-1574.9999999999545,-1354.99999999995,-2469.999999999982,-3364.9999999999636,-3419.999999999959,-3269.999999999959,-3119.999999999959,50.000000000045475,-1306.999999999971,-1574.9999999999545,-1354.99999999995,-2469.999999999982,-3364.9999999999636,-3419.999999999959,-3269.999999999959,-3119.999999999959,-929.9999999999272,-738.9999999999873,-1814.9999999998727,-1938.999999999919,-1834.9999999998772,-1138.9999999998963,-1589.9999999999409,-3816.999999999939,-3584.9999999999227,-929.9999999999272,-738.9999999999873,-1814.9999999998727,-1938.999999999919,-1834.9999999998772,-1138.9999999998963,-1589.9999999999409,-3816.999999999939,-3584.9999999999227,70.00000000007276,-156.99999999994816,-1509.9999999998772,-374.9999999998863,-744.9999999999363,-2016.9999999998936,-2624.9999999998863,-2421.999999999889,-2684.999999999877,70.00000000007276,-156.99999999994816,-1509.9999999998772,-374.9999999998863,-744.9999999999363,-2016.9999999998936,-2624.9999999998863,-2421.999999999889,-2684.999999999877,-1759.9999999999227,-1874.9999999999545,-1259.9999999999682,-879.9999999999272,-634.9999999999227,-2040.9999999999172,-2909.9999999999,-2832.999999999902,-2754.9999999999045,-1759.9999999999227,-1874.9999999999545,-1259.9999999999682,-879.9999999999272,-634.9999999999227,-2040.9999999999172,-2909.9999999999,-2832.999999999902,-2754.9999999999045
2023-02,105.00000000001819,-559.00000000006,-569.9999999999591,-725.9999999999536,-504.99999999995,-2247.9999999999336,-2079.99999999995,-1912.9999999999427,-2099.9999999999545,105.00000000001819,-559.00000000006,-569.9999999999591,-725.9999999999536,-504.99999999995,-2247.9999999999336,-2079.99999999995,-1912.9999999999427,-2099.9999999999545,-2954.9999999999045,-3587.99999999992,-2684.999999999968,-2255.999999999949,-2554.9999999999272,-4574.999999999909,-4494.999999999914,-4414.999999999918,-4434.999999999923,-2954.9999999999045,-3587.99999999992,-2684.999999999968,-2255.999999999949,-2554.9999999999272,-4574.999999999909,-4494.999999999914,-4414.999999999918,-4434.999999999923,99.99999999995453,-1194.0000000000055,-749.9999999999773,-1074.000000000001,-1075.0,-2055.000000000018,-2055.000000000018,-2055.000000000018,-2055.000000000018,99.99999999995453,-1194.0000000000055,-749.9999999999773,-1074.000000000001,-1075.0,-2055.000000000018,-2055.000000000018,-2055.000000000018,-2055.000000000018,-14.999999999940883,9.999999999968168,-285.00000000001364,-668.0000000000291,-1009.9999999999682,-2576.9999999999754,-2279.99999999995,-2093.99999999996,-1499.9999999999318,-14.999999999940883,9.999999999968168,-285.00000000001364,-668.0000000000291,-1009.9999999999682,-2576.9999999999754,-2279.99999999995,-2093.99999999996,-1499.9999999999318,-1770.0000000000045,-2582.99999999997,-5065.000000000009,-4726.999999999998,-5694.999999999959,-4958.999999999969,-4444.999999999982,-4294.0000000000055,-3874.9999999999773,-1770.0000000000045,-2582.99999999997,-5065.000000000009,-4726.999999999998,-5694.999999999959,-4958.999999999969,-4444.999999999982,-4294.0000000000055,-3874.9999999999773,150.0,1949.0000000000691,315.0000000000773,1297.000000000071,65.0000000000773,-178.9999999999054,-1384.9999999999,-1384.9999999999,-1384.9999999999,150.0,1949.0000000000691,315.0000000000773,1297.000000000071,65.0000000000773,-178.9999999999054,-1384.9999999999,-1384.9999999999,-1384.9999999999,1614.9999999999636,-1469.0000000000737,-740.0000000000091,-1437.0000000000346,-1260.0000000000364,-2424.0000000000236,-2215.000000000032,-2385.0000000000136,-2090.000000000009,1614.9999999999636,-1469.0000000000737,-740.0000000000091,-1437.0000000000346,-1260.0000000000364,-2424.0000000000236,-2215.000000000032,-2385.0000000000136,-2090.000000000009,240.00000000010004,-2995.99999999989,-3384.9999999999454,-4215.999999999963,-3944.999999999959,-4613.999999999919,-4149.999999999932,-4624.999999999932,-4609.999999999923,240.00000000010004,-2995.99999999989,-3384.9999999999454,-4215.999999999963,-3944.999999999959,-4613.999999999919,-4149.999999999932,-4624.999999999932,-4609.999999999923,1220.0000000000045,-913.999999999919,-459.99999999989996,-1079.9999999999045,-584.9999999999,-1496.9999999999118,-1364.9999999999181,-1231.9999999999027,-1604.9999999999045,1220.0000000000045,-913.999999999919,-459.99999999989996,-1079.9999999999045,-584.9999999999,-1496.9999999999118,-1364.9999999999181,-1231.9999999999027,-1604.9999999999045
2023-03,-3214.9999999999636,-2127.9999999999745,-2314.999999999918,-1587.9999999999427,-239.99999999996362,522.0000000000709,415.00000000005457,825.000000000091,-144.99999999993634,-3214.9999999999636,-2127.9999999999745,-2314.999999999918,-1587.9999999999427,-239.99999999996362,522.0000000000709,415.00000000005457,825.000000000091,-144.99999999993634,-1224.9999999999318,636.0000000001037,735.0000000001273,1111.0000000001492,945.0000000000728,2216.000000000122,1245.0000000001182,1693.0000000001428,2140.0000000001455,-1224.9999999999318,636.0000000001037,735.0000000001273,1111.0000000001492,945.0000000000728,2216.000000000122,1245.0000000001182,1693.0000000001428,2140.0000000001455,-3139.9999999999636,-2738.999999999919,-1219.9999999999136,296.0000000000491,1330.0000000000637,1877.0000000000891,1490.0000000001,707.0000000000846,320.0000000000955,-3139.9999999999636,-2738.999999999919,-1219.9999999999136,296.0000000000491,1330.0000000000637,1877.0000000000891,1490.0000000001,707.0000000000846,320.0000000000955,1509.9999999999682,2188.9999999998963,3504.9999999999727,2586.999999999898,2979.9999999999272,3481.9999999999254,4534.999999999923,5434.999999999945,4819.999999999936,1509.9999999999682,2188.9999999998963,3504.9999999999727,2586.999999999898,2979.9999999999272,3481.9999999999254,4534.999999999923,5434.999999999945,4819.999999999936,-1289.9999999999864,275.0,-34.999999999990905,-484.9999999999909,-300.0,609.0000000000373,1499.9999999999773,2879.000000000019,1535.0000000000136,-1289.9999999999864,275.0,-34.999999999990905,-484.9999999999909,-300.0,609.0000000000373,1499.9999999999773,2879.000000000019,1535.0000000000136,1199.9999999999773,-978.9999999999509,1235.0000000000364,2114.0000000000327,1825.0000000000682,1830.0000000000864,830.0000000001091,1578.0000000000882,2325.000000000091,1199.9999999999773,-978.9999999999509,1235.0000000000364,2114.0000000000327,1825.0000000000682,1830.0000000000864,830.0000000001091,1578.0000000000882,2325.000000000091,820.00000000005,1547.0000000000255,2695.00000000005,3015.0000000000773,3555.000000000109,3462.000000000103,2830.0000000000637,3965.0000000000546,3125.000000000091,820.00000000005,1547.0000000000255,2695.00000000005,3015.0000000000773,3555.000000000109,3462.000000000103,2830.0000000000637,3965.0000000000546,3125.000000000091,980.0000000000182,1391.0000000000764,905.0000000000637,1895.0000000001182,2985.00000000015,4320.000000000118,4295.000000000073,5425.000000000114,3020.0000000001182,980.0000000000182,1391.0000000000764,905.0000000000637,1895.0000000001182,2985.00000000015,4320.000000000118,4295.000000000073,5425.000000000114,3020.0000000001182,-74.99999999990905,-620.99999999989,600.0000000001364,1743.0000000001428,2300.000000000159,3409.000000000151,2930.0000000001546,2350.000000000159,3020.000000000141,-74.99999999990905,-620.99999999989,600.0000000001364,1743.0000000001428,2300.000000000159,3409.000000000151,2930.0000000001546,2350.000000000159,3020.000000000141
2023-04,1929.9999999999727,1224.000000000001,85.00000000003638,719.0000000000737,-1519.999999999959,-1939.9999999999409,-2949.9999999999545,-3172.9999999999563,-2864.999999999918,1929.9999999999727,1224.000000000001,85.00000000003638,719.0000000000737,-1519.999999999959,-1939.9999999999409,-2949.9999999999545,-3172.9999999999563,-2864.999999999918,-1104.9999999999955,-703.9999999999736,-489.9999999999409,-1920.9999999999354,-2794.9999999999363,-2127.999999999952,-2589.999999999941,-2254.99999999995,-1919.9999999999363,-1104.9999999999955,-703.9999999999736,-489.9999999999409,-1920.9999999999354,-2794.9999999999363,-2127.999999999952,-2589.999999999941,-2254.99999999995,-1919.9999999999363,-960.0000000000136,-2162.99999999992,-3069.9999999999363,-2291.999999999939,-2004.9999999999272,-1516.999999999939,-2104.99999999995,-2049.999999999909,-1914.9999999999181,-960.0000000000136,-2162.99999999992,-3069.9999999999363,-2291.999999999939,-2004.9999999999272,-1516.999999999939,-2104.99999999995,-2049.999999999909,-1914.9999999999181,2004.9999999999727,1374.9999999999773,2574.9999999999773,2676.9999999999754,2250.0000000000227,2920.0000000000728,754.9999999999955,-600.9999999999309,275.0000000000455,2004.9999999999727,1374.9999999999773,2574.9999999999773,2676.9999999999754,2250.0000000000227,2920.0000000000728,754.9999999999955,-600.9999999999309,275.0000000000455,1000.0000000000227,-372.9999999999791,-45.00000000005002,1131.0000000000173,-1019.9999999999818,-2250.9999999999764,-2335.0000000000364,-2078.9999999999964,-1364.9999999999864,1000.0000000000227,-372.9999999999791,-45.00000000005002,1131.0000000000173,-1019.9999999999818,-2250.9999999999764,-2335.0000000000364,-2078.9999999999964,-1364.9999999999864,-1880.0000000002,-3208.0000000000837,-2890.0000000000773,-3902.0000000000664,-3330.0000000000864,-2360.000000000082,-2505.000000000109,-2460.000000000082,-2105.0000000000864,-1880.0000000002,-3208.0000000000837,-2890.0000000000773,-3902.0000000000664,-3330.0000000000864,-2360.000000000082,-2505.000000000109,-2460.000000000082,-2105.0000000000864,795.0000000001182,218.00000000009732,-94.99999999989086,1048.0000000001155,660.0000000000819,1605.0000000001319,875.000000000091,-711.9999999998754,25.000000000136424,795.0000000001182,218.00000000009732,-94.99999999989086,1048.0000000001155,660.0000000000819,1605.0000000001319,875.000000000091,-711.9999999998754,25.000000000136424,1830.000000000041,1265.0000000001228,-319.9999999998681,-1561.9999999998981,-1614.9999999999181,-1089.9999999998954,-1879.99999999995,-1443.9999999999372,-969.9999999998909,1830.000000000041,1265.0000000001228,-319.9999999998681,-1561.9999999998981,-1614.9999999999181,-1089.9999999998954,-1879.99999999995,-1443.9999999999372,-969.9999999998909,264.99999999998636,-1957.9999999999472,-4214.999999999941,-3301.9999999999527,-2679.9999999999272,-2031.9999999999482,-2459.999999999968,-2044.9999999999363,-1829.99999999995,264.99999999998636,-1957.9999999999472,-4214.999999999941,-3301.9999999999527,-2679.9999999999272,-2031.9999999999482,-2459.999999999968,-2044.9999999999363,-1829.99999999995
2023-05,-3084.9999999999454,-1494.9999999999363,-2019.999999999959,-3296.99999999998,-6604.99999999995,-6271.999999999957,-5939.999999999941,-5606.999999999971,-5544.999999999959,-3084.9999999999454,-1494.9999999999363,-2019.999999999959,-3296.99999999998,-6604.99999999995,-6271.999999999957,-5939.999999999941,-5606.999999999971,-5544.999999999959,-4669.999999999959,-2953.9999999999736,-2764.9999999999864,-2998.999999999978,-5564.999999999986,-4859.999999999968,-4884.999999999991,-4689.999999999964,-4324.999999999977,-4669.999999999959,-2953.9999999999736,-2764.9999999999864,-2998.999999999978,-5564.999999999986,-4859.999999999968,-4884.999999999991,-4689.999999999964,-4324.999999999977,-1194.9999999999363,-0.9999999999308784,1120.00000000005,-430.99999999994907,-2044.999999999959,-2032.99999999997,-1479.9999999999727,-1664.9999999999864,-1339.9999999999864,-1194.9999999999363,-0.9999999999308784,1120.00000000005,-430.99999999994907,-2044.999999999959,-2032.99999999997,-1479.9999999999727,-1664.9999999999864,-1339.9999999999864,2540.0000000002137,-8.999999999787178,-1629.9999999998818,24.00000000009186,240.00000000012278,1021.0000000001401,-309.9999999998545,-1502.999999999929,-3574.999999999909,2540.0000000002137,-8.999999999787178,-1629.9999999998818,24.00000000009186,240.00000000012278,1021.0000000001401,-309.9999999998545,-1502.999999999929,-3574.999999999909,1170.0000000002092,-1403.9999999998145,-9.999999999831743,1037.000000000171,-44.99999999979991,-1080.9999999998354,-1494.9999999998681,-667.9999999998472,-539.9999999998499,1170.0000000002092,-1403.9999999998145,-9.999999999831743,1037.000000000171,-44.99999999979991,-1080.9999999998354,-1494.9999999998681,-667.9999999998472,-539.9999999998499,1120.000000000232,914.0000000001919,1860.0000000001728,1236.000000000172,-349.99999999984084,685.0000000001728,90.00000000014552,81.0000000001537,530.0000000001546,1120.000000000232,914.0000000001919,1860.0000000001728,1236.000000000172,-349.99999999984084,685.0000000001728,90.00000000014552,81.0000000001537,530.0000000001546,2380.0000000001546,1904.0000000001328,-869.9999999999591,381.00000000010823,780.0000000000637,976.0000000000673,-9.999999999877218,-700.9999999999309,-2289.9999999998954,2380.0000000001546,1904.0000000001328,-869.9999999999591,381.00000000010823,780.0000000000637,976.0000000000673,-9.999999999877218,-700.9999999999309,-2289.9999999998954,-484.999999999809,-1083.9999999999236,-1069.9999999999136,-407.9999999998563,-1164.9999999999409,-1195.99999999989,-2194.999999999891,-2349.9999999998863,-1784.9999999998772,-484.999999999809,-1083.9999999999236,-1069.9999999999136,-407.9999999998563,-1164.9999999999409,-1195.99999999989,-2194.999999999891,-2349.9999999998863,-1784.9999999998772,900.0000000001364,1096.0000000000719,320.00000000007276,-42.999999999938154,-779.99999999995,7.000000000061846,-704.99999999995,-1574.9999999999545,-1259.9999999999454,900.0000000001364,1096.0000000000719,320.00000000007276,-42.999999999938154,-779.99999999995,7.000000000061846,-704.99999999995,-1574.9999999999545,-1259.9999999999454
2023-06,-689.9999999999636,-1444.9999999999363,-835.0000000000591,-1517.9999999999836,-2270.0000000000045,-3545.999999999958,-3895.0000000000045,-3708.999999999969,-3505.000000000018,-689.9999999999636,-1444.9999999999363,-835.0000000000591,-1517.9999999999836,-2270.0000000000045,-3545.999999999958,-3895.0000000000045,-3708.999999999969,-3505.000000000018,-504.99999999992724,-1357.99999999997,-1475.0,-1562.9999999999654,-4224.999999999932,-3839.999999999941,-3654.9999999999272,-4037.9999999999427,-3869.9999999999363,-504.99999999992724,-1357.99999999997,-1475.0,-1562.9999999999654,-4224.999999999932,-3839.999999999941,-3654.9999999999272,-4037.9999999999427,-3869.9999999999363,-1389.9999999999409,-2647.9999999999336,-2214.999999999941,-2669.9999999999363,-3859.9999999999454,-3962.9999999999427,-4194.999999999959,-4194.999999999959,-4194.999999999959,-1389.9999999999409,-2647.9999999999336,-2214.999999999941,-2669.9999999999363,-3859.9999999999454,-3962.9999999999427,-4194.999999999959,-4194.999999999959,-4194.999999999959,-1420.0000000001637,78.99999999988268,554.9999999997908,-387.00000000021646,-365.000000000191,-354.00000000017826,-1355.0000000002456,-2328.000000000202,-2330.000000000223,-1420.0000000001637,78.99999999988268,554.9999999997908,-387.00000000021646,-365.000000000191,-354.00000000017826,-1355.0000000002456,-2328.000000000202,-2330.000000000223,1465.0000000000773,-565.9999999999172,1450.0000000000227,206.0000000000855,-749.999999999909,-1874.9999999998863,-2559.9999999999,-2985.999999999899,-3059.9999999999,1465.0000000000773,-565.9999999999172,1450.0000000000227,206.0000000000855,-749.999999999909,-1874.9999999998863,-2559.9999999999,-2985.999999999899,-3059.9999999999,1275.0000000000682,1842.000000000121,575.0000000001137,191.0000000000764,-739.9999999998727,-1979.9999999999045,-1484.9999999999227,-2479.9999999998818,-2404.9999999998818,1275.0000000000682,1842.000000000121,575.0000000001137,191.0000000000764,-739.9999999998727,-1979.9999999999045,-1484.9999999999227,-2479.9999999998818,-2404.9999999998818,-1490.0000000000318,1068.0000000000746,239.9999999998954,-1483.0000000000382,-2290.0000000000773,-2640.0000000000773,-2870.0000000000955,-2671.000000000072,-3230.000000000109,-1490.0000000000318,1068.0000000000746,239.9999999998954,-1483.0000000000382,-2290.0000000000773,-2640.0000000000773,-2870.0000000000955,-2671.000000000072,-3230.000000000109,-1249.9999999999318,-1210.9999999999445,-2195.0000000000273,-2024.000000000001,-4004.9999999999727,-4457.99999999997,-4514.999999999964,-5577.999999999997,-5439.999999999986,-1249.9999999999318,-1210.9999999999445,-2195.0000000000273,-2024.000000000001,-4004.9999999999727,-4457.99999999997,-4514.999999999964,-5577.999999999997,-5439.999999999986,-900.0,-1231.0000000000173,-1265.0000000000318,-701.9999999999982,-1860.0000000000364,-2280.000000000018,-2385.0000000000364,-3000.0000000000227,-2925.0000000000227,-900.0,-1231.0000000000173,-1265.0000000000318,-701.9999999999982,-1860.0000000000364,-2280.000000000018,-2385.0000000000364,-3000.0000000000227,-2925.0000000000227
2023-07,1529.9999999998363,375.9999999998854,-950.0000000001364,-1555.0000000001319,-1250.0000000001364,-1928.0000000001564,-1410.00000000015,-1073.0000000001382,-675.0000000001592,1529.9999999998363,375.9999999998854,-950.0000000001364,-1555.0000000001319,-1250.0000000001364,-1928.0000000001564,-1410.00000000015,-1073.0000000001382,-675.0000000001592,1479.99999999995,-396.0000000000264,224.99999999997726,540.0000000000091,-35.00000000001364,-99.00000000000091,99.99999999997726,-383.00000000001546,-190.00000000003183,1479.99999999995,-396.0000000000264,224.99999999997726,540.0000000000091,-35.00000000001364,-99.00000000000091,99.99999999997726,-383.00000000001546,-190.00000000003183,-1159.9999999999,-2994.9999999999136,-2109.9999999999454,-2441.999999999939,-3504.99999999995,-3167.999999999938,-2829.99999999995,-2769.999999999959,-2859.9999999999454,-1159.9999999999,-2994.9999999999136,-2109.9999999999454,-2441.999999999939,-3504.99999999995,-3167.999999999938,-2829.99999999995,-2769.999999999959,-2859.9999999999454,-3200.0000000001137,-3254.000000000042,-2575.0000000001137,-2496.0000000000946,-2855.000000000132,-1787.0000000001028,-825.0000000001364,342.9999999998927,84.99999999987722,-3200.0000000001137,-3254.000000000042,-2575.0000000001137,-2496.0000000000946,-2855.000000000132,-1787.0000000001028,-825.0000000001364,342.9999999998927,84.99999999987722,-2614.9999999999864,-2377.999999999952,-2304.99999999995,-1300.9999999999536,-414.99999999998636,634.0000000000373,765.0000000000091,1329.0000000000646,370.00000000005,-2614.9999999999864,-2377.999999999952,-2304.99999999995,-1300.9999999999536,-414.99999999998636,634.0000000000373,765.0000000000091,1329.0000000000646,370.00000000005,700.0000000000455,-442.99999999993815,-719.9999999999818,297.00000000007094,-909.9999999999682,-198.99999999990996,-1359.9999999999227,-2657.9999999999472,-2449.999999999932,700.0000000000455,-442.99999999993815,-719.9999999999818,297.00000000007094,-909.9999999999682,-198.99999999990996,-1359.9999999999227,-2657.9999999999472,-2449.999999999932,784.9999999998317,1624.9999999998863,1544.9999999998909,672.9999999998199,144.99999999982265,20.99999999982174,499.9999999998181,1239.9999999998045,-50.0000000001819,784.9999999998317,1624.9999999998863,1544.9999999998909,672.9999999998199,144.99999999982265,20.99999999982174,499.9999999998181,1239.9999999998045,-50.0000000001819,220.00000000007276,1908.0000000000155,1779.9999999999955,1629.0000000000646,1730.0000000000182,2202.000000000021,2804.9999999999955,988.0000000000337,740.0000000000318,220.00000000007276,1908.0000000000155,1779.9999999999955,1629.0000000000646,1730.0000000000182,2202.000000000021,2804.9999999999955,988.0000000000337,740.0000000000318,100.00000000013642,383.0000000001064,-549.9999999998863,425.00000000015916,-409.9999999998772,-650.9999999998854,-1054.9999999999045,-1794.9999999999136,-1709.9999999999,100.00000000013642,383.0000000001064,-549.9999999998863,425.00000000015916,-409.9999999998772,-650.9999999998854,-1054.9999999999045,-1794.9999999999136,-1709.9999999999
2023-08,-1900.0000000001364,-1800.0000000001137,-2245.00000000005,-1761.0000000001037,-1185.0000000001046,-1831.0000000000855,-1630.0000000000864,-1778.0000000001337,-1525.0000000001137,-1900.0000000001364,-1800.0000000001137,-2245.00000000005,-1761.0000000001037,-1185.0000000001046,-1831.0000000000855,-1630.0000000000864,-1778.0000000001337,-1525.0000000001137,-3460.0000000000364,-3216.0000000000537,-2485.000000000059,-1375.0000000000682,-1620.0000000000955,-2877.000000000089,-2700.000000000091,-2412.00000000008,-2125.000000000091,-3460.0000000000364,-3216.0000000000537,-2485.000000000059,-1375.0000000000682,-1620.0000000000955,-2877.000000000089,-2700.000000000091,-2412.00000000008,-2125.000000000091,-590.0000000000318,-720.00000000005,-320.00000000007276,492.99999999993815,1314.9999999999636,156.99999999992542,-70.0000000000955,99.99999999990905,269.9999999999136,-590.0000000000318,-720.00000000005,-320.00000000007276,492.99999999993815,1314.9999999999636,156.99999999992542,-70.0000000000955,99.99999999990905,269.9999999999136,-460.00000000019554,-365.0000000001455,-2795.00000000005,-3064.0000000001237,-2240.000000000123,-3516.0000000001446,-3020.0000000000955,-3414.000000000192,-3465.000000000191,-460.00000000019554,-365.0000000001455,-2795.00000000005,-3064.0000000001237,-2240.000000000123,-3516.0000000001446,-3020.0000000000955,-3414.000000000192,-3465.000000000191,-1910.0000000001046,-1116.0000000000764,-3055.0000000000864,-3649.0000000001146,-2510.0000000001273,-4013.0000000001246,-3225.0000000001137,-2743.00000000012,-2545.0000000001637,-1910.0000000001046,-1116.0000000000764,-3055.0000000000864,-3649.0000000001146,-2510.0000000001273,-4013.0000000001246,-3225.0000000001137,-2743.00000000012,-2545.0000000001637,-550.0000000001364,-1374.000000000001,-995.0000000000728,-1544.0000000000282,-1030.0000000000637,-773.0000000000246,-485.00000000001364,-406.0000000000173,-410.0000000000591,-550.0000000001364,-1374.000000000001,-995.0000000000728,-1544.0000000000282,-1030.0000000000637,-773.0000000000246,-485.00000000001364,-406.0000000000173,-410.0000000000591,1124.9999999999545,-748.0000000000018,-959.9999999999,-2911.0000000000127,-2030.000000000041,-1256.00000000004,-600.0000000000227,-1936.0000000000355,-1795.00000000005,1124.9999999999545,-748.0000000000018,-959.9999999999,-2911.0000000000127,-2030.000000000041,-1256.00000000004,-600.0000000000227,-1936.0000000000355,-1795.00000000005,85.00000000003638,-1682.0000000000164,-2020.0000000000955,-2104.00000000011,-1470.0000000001182,-2821.0000000001173,-2405.000000000109,-3050.0000000001137,-2665.000000000123,85.00000000003638,-1682.0000000000164,-2020.0000000000955,-2104.00000000011,-1470.0000000001182,-2821.0000000001173,-2405.000000000109,-3050.0000000001137,-2665.000000000123,530.0000000000637,-244.99999999995907,-479.99999999999545,-527.9999999999745,255.00000000004093,-410.99999999999,-440.0000000000091,-543.0000000000064,-275.00000000002274,530.0000000000637,-244.99999999995907,-479.99999999999545,-527.9999999999745,255.00000000004093,-410.99999999999,-440.0000000000091,-543.0000000000064,-275.00000000002274
2023-09,270.00000000007276,-824.9999999999318,45.00000000005002,902.0000000000664,-94.99999999989086,-420.99999999988995,25.000000000113687,399.0000000001146,675.000000000091,270.00000000007276,-824.9999999999318,45.00000000005002,902.0000000000664,-94.99999999989086,-420.99999999988995,25.000000000113687,399.0000000001146,675.000000000091,-269.9999999998681,-846.9999999999118,200.0000000000682,1008.0000000000609,-179.9999999999045,313.0000000001246,805.0000000000864,748.0000000000928,620.0000000000955,-269.9999999998681,-846.9999999999118,200.0000000000682,1008.0000000000609,-179.9999999999045,313.0000000001246,805.0000000000864,748.0000000000928,620.0000000000955,-1334.9999999999454,-1211.9999999999209,-379.99999999992724,-260.9999999999445,230.00000000004093,720.00000000005,390.00000000003183,103.00000000004275,-749.9999999999545,-1334.9999999999454,-1211.9999999999209,-379.99999999992724,-260.9999999999445,230.00000000004093,720.00000000005,390.00000000003183,103.00000000004275,-749.9999999999545,49.999999999954525,604.9999999999272,350.0,-73.99999999997817,974.9999999999545,1224.9999999999318,1055.0000000000182,787.9999999999882,1294.9999999999818,49.999999999954525,604.9999999999272,350.0,-73.99999999997817,974.9999999999545,1224.9999999999318,1055.0000000000182,787.9999999999882,1294.9999999999818,-359.9999999999227,23.000000000024556,254.99999999994998,347.00000000000273,1119.9999999999818,1505.9999999999945,1804.99999999995,2439.9999999999864,1919.9999999999818,-359.9999999999227,23.000000000024556,254.99999999994998,347.00000000000273,1119.9999999999818,1505.9999999999945,1804.99999999995,2439.9999999999864,1919.9999999999818,-610.0000000000364,-1704.000000000019,-1760.0000000000364,-1371.0000000000036,-730.0000000000182,-271.00000000000364,89.99999999998636,446.00000000000364,-500.0,-610.0000000000364,-1704.000000000019,-1760.0000000000364,-1371.0000000000036,-730.0000000000182,-271.00000000000364,89.99999999998636,446.00000000000364,-500.0,-1680.000000000041,-540.0000000000318,-10.00000000003638,-241.9999999999618,-900.0,-551.9999999999982,2.2737367544323206e-11,50.0,129.99999999999545,-1680.000000000041,-540.0000000000318,-10.00000000003638,-241.9999999999618,-900.0,-551.9999999999982,2.2737367544323206e-11,50.0,129.99999999999545,-264.99999999991815,-1013.0000000000109,-270.00000000000455,-465.9999999999627,-859.9999999999682,-411.99999999996635,40.000000000009095,-88.99999999996453,310.0000000000364,-264.99999999991815,-1013.0000000000109,-270.00000000000455,-465.9999999999627,-859.9999999999682,-411.99999999996635,40.000000000009095,-88.99999999996453,310.0000000000364,-1439.9999999999864,-2159.999999999968,-1409.999999999991,-1164.9999999999636,-594.9999999999818,-192.99999999998363,-270.0000000000273,-623.0000000000018,-375.00000000002274,-1439.9999999999864,-2159.999999999968,-1409.999999999991,-1164.9999999999636,-594.9999999999818,-192.99999999998363,-270.0000000000273,-623.0000000000018,-375.00000000002274
2023-10,69.99999999993634,-177.0000000000664,1199.9999999999318,-69.00000000007367,674.999999999909,623.99999999991,389.99999999991815,-372.00000000007094,-405.00000000006366,69.99999999993634,-177.0000000000664,1199.9999999999318,-69.00000000007367,674.999999999909,623.99999999991,389.99999999991815,-372.00000000007094,-405.00000000006366,-425.0000000000682,1193.99999999996,1629.9999999999272,-194.00000000005093,139.99999999991815,-553.0000000000655,19.999999999913598,591.9999999999391,264.9999999999409,-425.0000000000682,1193.99999999996,1629.9999999999272,-194.00000000005093,139.99999999991815,-553.0000000000655,19.999999999913598,591.9999999999391,264.9999999999409,-2350.0000000000455,-2087.000000000012,-3130.000000000018,-2106.00000000004,-1610.0000000000136,-1472.0000000000255,-970.0000000000273,-539.9999999999864,-110.00000000001364,-2350.0000000000455,-2087.000000000012,-3130.000000000018,-2106.00000000004,-1610.0000000000136,-1472.0000000000255,-970.0000000000273,-539.9999999999864,-110.00000000001364,2429.9999999998818,1886.99999999983,3074.9999999998863,2152.999999999861,2599.999999999841,2303.999999999837,2994.9999999998454,1464.9999999998272,-260.00000000015007,2429.9999999998818,1886.99999999983,3074.9999999998863,2152.999999999861,2599.999999999841,2303.999999999837,2994.9999999998454,1464.9999999998272,-260.00000000015007,3369.9999999999136,3805.999999999972,4594.999999999936,4306.999999999925,2599.999999999909,3164.9999999998954,4429.999999999836,2887.9999999998745,1619.9999999999136,3369.9999999999136,3805.999999999972,4594.999999999936,4306.999999999925,2599.999999999909,3164.9999999998954,4429.999999999836,2887.9999999998745,1619.9999999999136,994.9999999999363,2772.9999999999336,2604.999999999859,269.9999999999136,774.9999999998863,713.9999999998736,1079.999999999859,973.9999999998645,74.99999999988631,994.9999999999363,2772.9999999999336,2604.999999999859,269.9999999999136,774.9999999998863,713.9999999998736,1079.999999999859,973.9999999998645,74.99999999988631,1729.9999999998363,-60.00000000012733,964.9999999999409,-1134.0000000001055,-270.0000000000955,-943.0000000001428,-1735.0000000001046,-1079.0000000000418,-1215.0000000000546,1729.9999999998363,-60.00000000012733,964.9999999999409,-1134.0000000001055,-270.0000000000955,-943.0000000001428,-1735.0000000001046,-1079.0000000000418,-1215.0000000000546,1519.9999999999363,1077.9999999999745,2489.999999999941,475.99999999997635,199.99999999995453,-1015.0000000000546,-245.00000000007276,-102.99999999999727,-390.0000000000091,1519.9999999999363,1077.9999999999745,2489.999999999941,475.99999999997635,199.99999999995453,-1015.0000000000546,-245.00000000007276,-102.99999999999727,-390.0000000000091,-685.0000000000364,-1674.0000000000236,-665.0000000000773,-264.00000000003274,-315.00000000005457,-759.0000000000373,-130.00000000006366,-200.00000000002274,249.99999999997726,-685.0000000000364,-1674.0000000000236,-665.0000000000773,-264.00000000003274,-315.00000000005457,-759.0000000000373,-130.00000000006366,-200.00000000002274,249.99999999997726
2023-11,-429.99999999992724,75.99999999999909,-559.9999999999682,-931.9999999999254,-1375.0,-858.9999999999463,-339.9999999999636,176.00000000002183,-265.0000000000091,-429.99999999992724,75.99999999999909,-559.9999999999682,-931.9999999999254,-1375.0,-858.9999999999463,-339.9999999999636,176.00000000002183,-265.0000000000091,1930.0000000000637,2072.999999999979,1305.000000000041,1313.0000000000791,635.0000000000591,1306.0000000000628,1975.0000000000227,2418.000000000052,2580.000000000041,1930.0000000000637,2072.999999999979,1305.000000000041,1313.0000000000791,635.0000000000591,1306.0000000000628,1975.0000000000227,2418.000000000052,2580.000000000041,-344.99999999989086,-145.99999999993543,-494.99999999993634,251.00000000009004,995.0000000000728,1740.0000000000773,2395.0000000000728,1978.00000000002,1970.00000000005,-344.99999999989086,-145.99999999993543,-494.99999999993634,251.00000000009004,995.0000000000728,1740.0000000000773,2395.0000000000728,1978.00000000002,1970.00000000005,-130.0000000000182,-640.0000000000773,-895.0000000000955,-119.99999999998181,-685.0000000000819,-464.00000000003274,-480.0000000000409,233.99999999999181,949.9999999999773,-130.0000000000182,-640.0000000000773,-895.0000000000955,-119.99999999998181,-685.0000000000819,-464.00000000003274,-480.0000000000409,233.99999999999181,949.9999999999773,-429.99999999992724,11.999999999989086,19.999999999936335,361.00000000003547,965.0000000000318,1967.9999999999836,619.9999999999818,515.9999999999854,854.9999999999955,-429.99999999992724,11.999999999989086,19.999999999936335,361.00000000003547,965.0000000000318,1967.9999999999836,619.9999999999818,515.9999999999854,854.9999999999955,-509.9999999998772,-724.9999999998408,-374.99999999990905,119.00000000014188,-249.9999999998863,21.000000000094587,-599.999999999909,-248.9999999999327,-254.9999999999045,-509.9999999998772,-724.9999999998408,-374.99999999990905,119.00000000014188,-249.9999999998863,21.000000000094587,-599.999999999909,-248.9999999999327,-254.9999999999045,-915.0000000000773,-882.0000000000618,-1850.0000000000682,-2571.000000000049,-2310.000000000082,-1560.0000000000819,-810.0000000000364,-60.00000000003638,444.99999999993634,-915.0000000000773,-882.0000000000618,-1850.0000000000682,-2571.000000000049,-2310.000000000082,-1560.0000000000819,-810.0000000000364,-60.00000000003638,444.99999999993634,1199.9999999999773,1401.9999999998845,1804.9999999999272,1131.999999999971,1514.9999999999409,748.9999999999554,499.9999999999318,765.99999999994,1109.9999999999227,1199.9999999999773,1401.9999999998845,1804.9999999999272,1131.999999999971,1514.9999999999409,748.9999999999554,499.9999999999318,765.99999999994,1109.9999999999227,-2269.9999999999363,-2049.9999999999545,-2294.999999999959,-1560.9999999999445,-829.9999999999727,-646.9999999999573,-434.99999999996817,-1019.0000000000055,-884.9999999999909,-2269.9999999999363,-2049.9999999999545,-2294.999999999959,-1560.9999999999445,-829.9999999999727,-646.9999999999573,-434.99999999996817,-1019.0000000000055,-884.9999999999909
2023-12,374.9999999999545,-567.0000000000982,59.99999999985448,-250.00000000009095,-910.0000000001501,-1009.0000000001282,-1345.000000000141,-1029.00000000011,-715.0000000001228,374.9999999999545,-567.0000000000982,59.99999999985448,-250.00000000009095,-910.0000000001501,-1009.0000000001282,-1345.000000000141,-1029.00000000011,-715.0000000001228,969.9999999998909,-2042.0000000001437,-1405.0000000001091,-1203.0000000000427,-1375.0000000001137,-1247.0000000001164,-1675.0000000001364,-1452.0000000000891,-1230.0000000001091,969.9999999998909,-2042.0000000001437,-1405.0000000001091,-1203.0000000000427,-1375.0000000001137,-1247.0000000001164,-1675.0000000001364,-1452.0000000000891,-1230.0000000001091,-1544.9999999999818,-1060.0000000000591,-690.0000000000318,-276.9999999999982,394.9999999999818,1067.9999999999836,79.99999999999545,204.99999999999545,329.99999999999545,-1544.9999999999818,-1060.0000000000591,-690.0000000000318,-276.9999999999982,394.9999999999818,1067.9999999999836,79.99999999999545,204.99999999999545,329.99999999999545,889.9999999999181,-24.000000000273758,-445.00000000025466,-300.0000000001364,-300.0000000001137,-668.0000000001655,-1445.000000000232,-813.0000000001928,-185.0000000001728,889.9999999999181,-24.000000000273758,-445.00000000025466,-300.0000000001364,-300.0000000001137,-668.0000000001655,-1445.000000000232,-813.0000000001928,-185.0000000001728,-810.0000000000591,-1976.0000000001583,-1245.0000000000273,-1328.9999999999964,-2460.000000000082,-2330.0000000000637,-2545.0000000001182,-4047.0000000000937,-3860.000000000059,-810.0000000000591,-1976.0000000001583,-1245.0000000000273,-1328.9999999999964,-2460.000000000082,-2330.0000000000637,-2545.0000000001182,-4047.0000000000937,-3860.000000000059,-164.99999999998636,121.00000000002638,-2094.9999999999363,-1713.9999999999645,-1314.9999999999636,-1966.9999999999163,-1754.9999999999727,-1599.9999999999545,-1444.9999999999818,-164.99999999998636,121.00000000002638,-2094.9999999999363,-1713.9999999999645,-1314.9999999999636,-1966.9999999999163,-1754.9999999999727,-1599.9999999999545,-1444.9999999999818,749.9999999998863,175.99999999995362,504.99999999988177,1174.999999999909,19.99999999989086,511.99999999989814,929.999999999859,904.99999999995,649.9999999998863,749.9999999998863,175.99999999995362,504.99999999988177,1174.999999999909,19.99999999989086,511.99999999989814,929.999999999859,904.99999999995,649.9999999998863,-669.9999999999136,-1653.9999999999736,-419.9999999999591,-651.9999999999527,-979.9999999999955,-303.9999999999736,-1040.000000000009,-1731.9999999999482,-1494.9999999999818,-669.9999999999136,-1653.9999999999736,-419.9999999999591,-651.9999999999527,-979.9999999999955,-303.9999999999736,-1040.000000000009,-1731.9999999999482,-1494.9999999999818,-2674.9999999997954,-2058.9999999999236,-2724.9999999998863,-2474.9999999998863,-2174.9999999998863,-1874.9999999998408,-1864.9999999998727,-1694.9999999998454,-1524.9999999998863,-2674.9999999997954,-2058.9999999999236,-2724.9999999998863,-2474.9999999998863,-2174.9999999998863,-1874.9999999998408,-1864.9999999998727,-1694.9999999998454,-1524.9999999998863
2024-01,104.99999999994998,389.9999999999636,884.9999999999909,1293.9999999999827,-685.0000000000364,153.00000000002,940.0000000000091,-904.9999999999955,-1275.0,104.99999999994998,389.9999999999636,884.9999999999909,1293.9999999999827,-685.0000000000364,153.00000000002,940.0000000000091,-904.9999999999955,-1275.0,1714.9999999998954,998.9999999998872,1394.9999999999136,-310.0000000000591,-695.0000000001182,19.99999999989086,-140.00000000010004,-1170.0000000000728,-840.0000000000773,1714.9999999998954,998.9999999998872,1394.9999999999136,-310.0000000000591,-695.0000000001182,19.99999999989086,-140.00000000010004,-1170.0000000000728,-840.0000000000773,2134.999999999968,1891.9999999999845,1120.0000000000045,-53.00000000002001,-1100.0000000000682,-920.00000000005,-750.0000000000682,-1140.0000000000318,-820.00000000005,2134.999999999968,1891.9999999999845,1120.0000000000045,-53.00000000002001,-1100.0000000000682,-920.00000000005,-750.0000000000682,-1140.0000000000318,-820.00000000005,-4484.999999999991,-4468.000000000029,-4029.9999999999727,-2691.999999999939,-2780.0000000000637,-3395.999999999981,-4530.000000000018,-4230.999999999972,-4100.0,-4484.999999999991,-4468.000000000029,-4029.9999999999727,-2691.999999999939,-2780.0000000000637,-3395.999999999981,-4530.000000000018,-4230.999999999972,-4100.0,-2614.999999999918,-1791.000000000031,-1879.9999999999955,-307.0000000000391,30.00000000001819,-1047.0000000000027,-2265.000000000032,-2179.9999999999727,-2445.0000000000045,-2614.999999999918,-1791.000000000031,-1879.9999999999955,-307.0000000000391,30.00000000001819,-1047.0000000000027,-2265.000000000032,-2179.9999999999727,-2445.0000000000045,-1089.9999999999864,-1545.0000000000045,-1324.9999999999545,-1152.9999999999973,-1124.9999999999545,-2321.9999999999573,-1824.9999999999773,-3079.99999999995,-3294.999999999959,-1089.9999999999864,-1545.0000000000045,-1324.9999999999545,-1152.9999999999973,-1124.9999999999545,-2321.9999999999573,-1824.9999999999773,-3079.99999999995,-3294.999999999959,-1030.0000000000864,-230.00000000004093,-1280.0000000001091,-183.0000000000382,-1285.0000000000591,-1508.000000000061,-2305.0000000000637,-2878.0000000000655,-3335.000000000059,-1030.0000000000864,-230.00000000004093,-1280.0000000001091,-183.0000000000382,-1285.0000000000591,-1508.000000000061,-2305.0000000000637,-2878.0000000000655,-3335.000000000059,469.9999999999818,613.9999999999645,-360.0000000000591,258.99999999994634,-310.0000000000591,-874.0000000000691,-1650.000000000091,-1382.0000000000618,-2045.0000000000273,469.9999999999818,613.9999999999645,-360.0000000000591,258.99999999994634,-310.0000000000591,-874.0000000000691,-1650.000000000091,-1382.0000000000618,-2045.0000000000273,1229.9999999999955,577.0000000000209,1055.0000000000182,-1224.9999999999773,-964.9999999999864,-1194.9999999999818,-1814.9999999999864,-1272.9999999999563,-2084.999999999968,1229.9999999999955,577.0000000000209,1055.0000000000182,-1224.9999999999773,-964.9999999999864,-1194.9999999999818,-1814.9999999999864,-1272.9999999999563,-2084.999999999968
2024-02,1645.0000000001637,895.000000000141,2155.000000000109,1459.00000000006,920.0000000000728,1583.0000000000837,45.00000000007276,14.00000000005548,345.0000000000273,1645.0000000001637,895.000000000141,2155.000000000109,1459.00000000006,920.0000000000728,1583.0000000000837,45.00000000007276,14.00000000005548,345.0000000000273,460.00000000012733,346.0000000000946,155.00000000013188,686.0000000000355,1295.0000000000273,2090.0000000000773,1710.0000000000591,2193.000000000029,1680.0000000000182,460.00000000012733,346.0000000000946,155.00000000013188,686.0000000000355,1295.0000000000273,2090.0000000000773,1710.0000000000591,2193.000000000029,1680.0000000000182,1915.000000000009,3090.0000000000546,2920.0000000000273,2643.9999999999827,2274.9999999999545,2809.999999999991,2169.999999999982,2586.9999999999663,3004.99999999995,1915.000000000009,3090.0000000000546,2920.0000000000273,2643.9999999999827,2274.9999999999545,2809.999999999991,2169.999999999982,2586.9999999999663,3004.99999999995,2040.0000000000546,2819.0000000001646,2185.0000000001046,3425.00000000025,3695.0000000001637,4607.0000000001755,3380.000000000223,3501.000000000181,2280.0000000001774,2040.0000000000546,2819.0000000001646,2185.0000000001046,3425.00000000025,3695.0000000001637,4607.0000000001755,3380.000000000223,3501.000000000181,2280.0000000001774,1764.9999999999181,1590.000000000009,2474.9999999999773,3444.999999999982,3385.000000000059,3290.000000000009,3079.9999999999955,2855.999999999972,2999.9999999999545,1764.9999999999181,1590.000000000009,2474.9999999999773,3444.999999999982,3385.000000000059,3290.000000000009,3079.9999999999955,2855.999999999972,2999.9999999999545,2669.999999999982,2913.0000000000564,3219.999999999959,3447.0000000000255,4029.9999999999727,3642.9999999999836,2559.9999999999454,2681.999999999948,3024.999999999909,2669.999999999982,2913.0000000000564,3219.999999999959,3447.0000000000255,4029.9999999999727,3642.9999999999836,2559.9999999999454,2681.999999999948,3024.999999999909,2530.0000000000864,2396.9999999999573,3865.0000000000546,4917.000000000053,4675.0000000000455,4388.000000000011,4135.000000000059,2972.0000000000255,2315.000000000009,2530.0000000000864,2396.9999999999573,3865.0000000000546,4917.000000000053,4675.0000000000455,4388.000000000011,4135.000000000059,2972.0000000000255,2315.000000000009,1985.0000000000819,1379.9999999999955,3065.000000000009,3335.0000000000136,2029.9999999999955,1952.9999999999745,1524.9999999999773,2069.999999999959,1614.9999999999636,1985.0000000000819,1379.9999999999955,3065.000000000009,3335.0000000000136,2029.9999999999955,1952.9999999999745,1524.9999999999773,2069.999999999959,1614.9999999999636,2244.9999999999363,2546.0000000000036,2789.9999999998954,3887.99999999992,3404.9999999998818,3240.9999999999172,2069.999999999868,2436.9999999998754,2549.9999999998636,2244.9999999999363,2546.0000000000036,2789.9999999998954,3887.99999999992,3404.9999999998818,3240.9999999999172,2069.999999999868,2436.9999999998754,2549.9999999998636
2024-03,2030.0000000002,2378.000000000202,1840.0000000001455,2644.0000000000964,1750.0000000001364,2711.0000000001037,3400.000000000182,4164.000000000215,5060.000000000127,2030.0000000002,2378.000000000202,1840.0000000001455,2644.0000000000964,1750.0000000001364,2711.0000000001037,3400.000000000182,4164.000000000215,5060.000000000127,-515.0000000000546,417.99999999993815,574.9999999999545,-92.00000000018917,1099.9999999998636,1447.99999999982,2334.9999999998545,2157.9999999999927,2434.9999999999,-515.0000000000546,417.99999999993815,574.9999999999545,-92.00000000018917,1099.9999999998636,1447.99999999982,2334.9999999998545,2157.9999999999927,2434.9999999999,1419.9999999999363,2970.0000000000273,3194.999999999982,3499.9999999999545,4115.000000000009,3846.99999999998,3800.0000000000455,2845.0000000000273,3080.000000000018,1419.9999999999363,2970.0000000000273,3194.999999999982,3499.9999999999545,4115.000000000009,3846.99999999998,3800.0000000000455,2845.0000000000273,3080.000000000018,629.9999999996999,-845.0000000000728,-245.00000000018645,-61.00000000019463,-85.00000000012733,388.9999999997599,1255.0000000000182,2748.9999999998417,3249.999999999909,629.9999999996999,-845.0000000000728,-245.00000000018645,-61.00000000019463,-85.00000000012733,388.9999999997599,1255.0000000000182,2748.9999999998417,3249.999999999909,-155.00000000054115,-80.00000000038199,-215.00000000028194,-129.00000000036016,1054.9999999996544,2230.9999999996307,3714.9999999996908,3691.9999999997344,3764.9999999996453,-155.00000000054115,-80.00000000038199,-215.00000000028194,-129.00000000036016,1054.9999999996544,2230.9999999996307,3714.9999999996908,3691.9999999997344,3764.9999999996453,-445.00000000025466,1462.9999999997835,1629.9999999997453,2759.999999999809,3724.9999999996817,4979.999999999745,4309.999999999809,4191.999999999825,3734.999999999809,-445.00000000025466,1462.9999999997835,1629.9999999997453,2759.999999999809,3724.9999999996817,4979.999999999745,4309.999999999809,4191.999999999825,3734.999999999809,210.00000000012733,208.00000000017462,-54.99999999992724,-30.99999999994907,1130.0000000000637,1813.9999999999873,980.0000000001546,1889.0000000001237,2195.0000000000728,210.00000000012733,208.00000000017462,-54.99999999992724,-30.99999999994907,1130.0000000000637,1813.9999999999873,980.0000000001546,1889.0000000001237,2195.0000000000728,-2925.0,-2886.0000000000127,-950.0,-610.0000000000819,899.9999999998636,-262.00000000008004,844.9999999998909,1948.0000000000018,2869.9999999998454,-2925.0,-2886.0000000000127,-950.0,-610.0000000000819,899.9999999998636,-262.00000000008004,844.9999999998909,1948.0000000000018,2869.9999999998454,-320.0000000001637,579.9999999998818,2684.999999999809,4386.999999999807,5104.999999999745,3696.9999999998436,3844.999999999891,3299.9999999998636,3714.999999999827,-320.0000000001637,579.9999999998818,2684.999999999809,4386.999999999807,5104.999999999745,3696.9999999998436,3844.999999999891,3299.9999999998636,3714.999999999827
2024-04,2204.9999999998363,2555.9999999998126,2174.9999999997726,1160.9999999998308,1199.9999999997272,662.9999999996926,149.99999999968168,-457.0000000002892,-2955.0000000003365,2204.9999999998363,2555.9999999998126,2174.9999999997726,1160.9999999998308,1199.9999999997272,662.9999999996926,149.99999999968168,-457.0000000002892,-2955.0000000003365,-1970.0000000002092,-2952.000000000271,-3745.0000000003456,-5551.000000000204,-6705.000000000246,-6639.000000000215,-5945.0000000003,-6872.000000000253,-8000.000000000227,-1970.0000000002092,-2952.000000000271,-3745.0000000003456,-5551.000000000204,-6705.000000000246,-6639.000000000215,-5945.0000000003,-6872.000000000253,-8000.000000000227,-1675.0,-4817.000000000053,-5769.999999999982,-6294.999999999982,-5879.999999999973,-5464.999999999964,-6550.0,-6284.999999999991,-6019.999999999982,-1675.0,-4817.000000000053,-5769.999999999982,-6294.999999999982,-5879.999999999973,-5464.999999999964,-6550.0,-6284.999999999991,-6019.999999999982,1000.000000000091,257.00000000001637,-714.9999999999181,-3148.999999999978,-1494.9999999998909,-2201.9999999998618,-3049.9999999999545,-3937.999999999829,-3934.9999999999,1000.000000000091,257.00000000001637,-714.9999999999181,-3148.999999999978,-1494.9999999998909,-2201.9999999998618,-3049.9999999999545,-3937.999999999829,-3934.9999999999,-1174.999999999909,-1950.0000000000455,-4180.000000000109,-6092.999999999984,-5320.000000000073,-5878.0000000000655,-5440.000000000055,-5988.000000000102,-5345.000000000073,-1174.999999999909,-1950.0000000000455,-4180.000000000109,-6092.999999999984,-5320.000000000073,-5878.0000000000655,-5440.000000000055,-5988.000000000102,-5345.000000000073,1915.000000000282,-1299.999999999818,-1474.9999999996817,-5534.999999999809,-5449.999999999773,-5904.999999999791,-7939.999999999827,-7589.999999999782,-7239.999999999827,1915.000000000282,-1299.999999999818,-1474.9999999996817,-5534.999999999809,-5449.999999999773,-5904.999999999791,-7939.999999999827,-7589.999999999782,-7239.999999999827,-1614.9999999999636,-615.0000000000091,-1730.0000000001091,-1170.0000000000273,-314.9999999999636,-2099.0000000002055,-1810.0000000000819,-3020.0000000000273,-5035.000000000082,-1614.9999999999636,-615.0000000000091,-1730.0000000001091,-1170.0000000000273,-314.9999999999636,-2099.0000000002055,-1810.0000000000819,-3020.0000000000273,-5035.000000000082,-4185.000000000036,-6015.0000000001455,-7405.000000000155,-7513.000000000193,-8030.000000000155,-6943.000000000075,-7470.000000000164,-9661.000000000104,-9270.000000000164,-4185.000000000036,-6015.0000000001455,-7405.000000000155,-7513.000000000193,-8030.000000000155,-6943.000000000075,-7470.000000000164,-9661.000000000104,-9270.000000000164,-3105.000000000018,-5340.99999999994,-6475.0000000000455,-9082.000000000016,-8250.000000000045,-10084.99999999999,-9759.99999999999,-9434.99999999999,-9109.99999999999,-3105.000000000018,-5340.99999999994,-6475.0000000000455,-9082.000000000016,-8250.000000000045,-10084.99999999999,-9759.99999999999,-9434.99999999999,-9109.99999999999
2024-05,-5679.999999999927,-6380.999999999858,-4915.000000000009,-3597.999999999911,-2109.9999999999,-1650.9999999998854,-409.99999999989996,-1200.99999999984,-229.99999999988177,-5679.999999999927,-6380.999999999858,-4915.000000000009,-3597.999999999911,-2109.9999999999,-1650.9999999998854,-409.99999999989996,-1200.99999999984,-229.99999999988177,-6269.999999999754,-7120.999999999822,-5169.999999999891,-4339.999999999918,-3299.9999999997726,-4448.999999999887,-3504.9999999998363,-4437.999999999829,-3644.999999999891,-6269.999999999754,-7120.999999999822,-5169.999999999891,-4339.999999999918,-3299.9999999997726,-4448.999999999887,-3504.9999999998363,-4437.999999999829,-3644.999999999891,-4064.9999999998727,-3093.9999999999145,-1179.9999999998818,-1057.9999999999018,-2214.9999999998727,-1477.999999999838,-624.9999999998636,227.00000000008913,615.0000000001,-4064.9999999998727,-3093.9999999999145,-1179.9999999998818,-1057.9999999999018,-2214.9999999998727,-1477.999999999838,-624.9999999998636,227.00000000008913,615.0000000001,-1470.0000000003001,-1099.9999999998636,-345.0000000000273,-623.9999999998872,469.99999999993634,1701.9999999999982,1665.0000000000546,2267.0000000001437,2984.999999999991,-1470.0000000003001,-1099.9999999998636,-345.0000000000273,-623.9999999998872,469.99999999993634,1701.9999999999982,1665.0000000000546,2267.0000000001437,2984.999999999991,-760.0000000003547,-254.00000000031469,-640.0000000005093,-540.000000000282,-1000.0000000002728,-982.0000000003347,-1230.0000000002456,-1076.0000000002037,-1750.0000000003183,-760.0000000003547,-254.00000000031469,-640.0000000005093,-540.000000000282,-1000.0000000002728,-982.0000000003347,-1230.0000000002456,-1076.0000000002037,-1750.0000000003183,-1575.0,-242.00000000005275,-120.00000000007276,385.99999999996726,200.00000000004547,-130.0000000000182,1190.0000000000546,-471.00000000000364,269.9999999999818,-1575.0,-242.00000000005275,-120.00000000007276,385.99999999996726,200.00000000004547,-130.0000000000182,1190.0000000000546,-471.00000000000364,269.9999999999818,-1205.0000000002,-2578.000000000111,-1070.0000000001182,-1717.0000000000982,-1165.000000000191,-346.00000000018554,-825.0000000001364,-359.0000000001055,39.999999999918145,-1205.0000000002,-2578.000000000111,-1070.0000000001182,-1717.0000000000982,-1165.000000000191,-346.00000000018554,-825.0000000001364,-359.0000000001055,39.999999999918145,-3885.000000000082,-4462.9999999998745,-1785.0000000000819,-2578.0000000000655,-3085.0000000000364,-3966.0000000000764,-3510.0000000000364,-2483.0000000000837,-3345.0000000001182,-3885.000000000082,-4462.9999999998745,-1785.0000000000819,-2578.0000000000655,-3085.0000000000364,-3966.0000000000764,-3510.0000000000364,-2483.0000000000837,-3345.0000000001182,-1419.9999999999818,-1039.0000000000327,-50.000000000045475,86.99999999998909,-2159.999999999991,-1093.000000000029,-25.0,-221.0000000000946,654.9999999999272,-1419.9999999999818,-1039.0000000000327,-50.000000000045475,86.99999999998909,-2159.999999999991,-1093.000000000029,-25.0,-221.0000000000946,654.9999999999272
2024-06,2715.0000000000546,2731.0000000001764,4099.9999999999545,3238.000000000102,3235.000000000173,4559.0000000001055,4445.000000000164,5099.000000000069,4595.000000000027,2715.0000000000546,2731.0000000001764,4099.9999999999545,3238.000000000102,3235.000000000173,4559.0000000001055,4445.000000000164,5099.000000000069,4595.000000000027,2230.0000000001546,3777.000000000089,4920.000000000118,3954.0000000001783,4865.0000000001,5446.000000000095,6685.000000000036,7602.000000000089,5330.000000000064,2230.0000000001546,3777.000000000089,4920.000000000118,3954.0000000001783,4865.0000000001,5446.000000000095,6685.000000000036,7602.000000000089,5330.000000000064,3810.000000000082,5678.00000000002,3009.9999999998545,2607.9999999999927,3609.9999999999,3435.9999999999673,3974.999999999909,3655.9999999999036,3274.9999999999545,3810.000000000082,5678.00000000002,3009.9999999998545,2607.9999999999927,3609.9999999999,3435.9999999999673,3974.999999999909,3655.9999999999036,3274.9999999999545,1314.9999999995089,2121.9999999998436,2644.999999999618,1139.9999999996908,2774.999999999727,2139.9999999996453,3764.9999999997817,2359.9999999996726,2594.9999999997544,1314.9999999995089,2121.9999999998436,2644.999999999618,1139.9999999996908,2774.999999999727,2139.9999999996453,3764.9999999997817,2359.9999999996726,2594.9999999997544,1759.9999999998545,1941.9999999998709,4054.9999999998818,3139.999999999918,4509.9999999999,5021.999999999889,6114.999999999827,5688.999999999987,5759.999999999945,1759.9999999998545,1941.9999999998709,4054.9999999998818,3139.999999999918,4509.9999999999,5021.999999999889,6114.999999999827,5688.999999999987,5759.999999999945,649.9999999999545,1261.9999999999436,2039.9999999998727,3488.999999999942,4644.999999999982,2523.9999999999327,1229.9999999998363,1253.9999999999054,2084.9999999999,649.9999999999545,1261.9999999999436,2039.9999999998727,3488.999999999942,4644.999999999982,2523.9999999999327,1229.9999999998363,1253.9999999999054,2084.9999999999,1689.9999999999636,191.0000000002583,1445.0000000000273,2920.0000000000728,3855.0000000001546,4989.000000000078,6845.000000000209,4239.000000000033,3095.0000000000728,1689.9999999999636,191.0000000002583,1445.0000000000273,2920.0000000000728,3855.0000000001546,4989.000000000078,6845.000000000209,4239.000000000033,3095.0000000000728,1550.0000000002274,2831.0000000001764,3860.000000000173,5912.0000000002165,6485.000000000264,6045.000000000209,7385.000000000127,7219.000000000187,5790.0000000001455,1550.0000000002274,2831.0000000001764,3860.000000000173,5912.0000000002165,6485.000000000264,6045.000000000209,7385.000000000127,7219.000000000187,5790.0000000001455,3124.999999999909,5037.999999999965,7414.999999999918,8694.99999999989,5959.9999999998545,2970.9999999999127,3344.9999999998454,3719.9999999998454,4094.999999999891,3124.999999999909,5037.999999999965,7414.999999999918,8694.99999999989,5959.9999999998545,2970.9999999999127,3344.9999999998454,3719.9999999998454,4094.999999999891
2024-07,-2094.9999999995725,-1102.9999999997017,-2644.999999999618,-4432.999999999674,-5724.999999999682,-5319.9999999996635,-6079.999999999654,-6449.999999999636,-6189.999999999645,-2094.9999999995725,-1102.9999999997017,-2644.999999999618,-4432.999999999674,-5724.999999999682,-5319.9999999996635,-6079.999999999654,-6449.999999999636,-6189.999999999645,-1414.9999999997817,-2734.999999999809,-2964.999999999827,-2225.9999999997035,-1369.9999999998,-2982.999999999811,-3934.999999999809,-3794.9999999998,-3654.999999999791,-1414.9999999997817,-2734.999999999809,-2964.999999999827,-2225.9999999997035,-1369.9999999998,-2982.999999999811,-3934.999999999809,-3794.9999999998,-3654.999999999791,-6799.999999999818,-7602.999999999884,-7059.9999999998545,-6797.999999999911,-5914.999999999918,-6959.999999999945,-7329.999999999927,-7379.999999999927,-7379.999999999927,-6799.999999999818,-7602.999999999884,-7059.9999999998545,-6797.999999999911,-5914.999999999918,-6959.999999999945,-7329.999999999927,-7379.999999999927,-7379.999999999927,-2054.999999999791,-3204.9999999999727,-4064.999999999918,-4290.999999999849,-3869.9999999998454,-5586.999999999853,-7314.999999999827,-6935.999999999831,-6834.999999999809,-2054.999999999791,-3204.9999999999727,-4064.999999999918,-4290.999999999849,-3869.9999999998454,-5586.999999999853,-7314.999999999827,-6935.999999999831,-6834.999999999809,-3739.9999999996908,-4297.9999999996835,-5439.999999999736,-5517.999999999711,-4769.9999999998,-4861.999999999671,-4039.9999999997817,-5134.9999999997635,-5314.999999999736,-3739.9999999996908,-4297.9999999996835,-5439.999999999736,-5517.999999999711,-4769.9999999998,-4861.999999999671,-4039.9999999997817,-5134.9999999997635,-5314.999999999736,-5274.999999999864,-7065.999999999713,-8499.999999999773,-7066.999999999734,-6929.999999999791,-7131.999999999789,-7449.999999999773,-7229.999999999791,-7869.9999999998,-5274.999999999864,-7065.999999999713,-8499.999999999773,-7066.999999999734,-6929.999999999791,-7131.999999999789,-7449.999999999773,-7229.999999999791,-7869.9999999998,-1134.9999999996726,-1027.9999999994743,-3419.9999999993906,-1934.9999999994452,-4214.999999999463,-4733.999999999605,-4444.999999999482,-5642.999999999483,-6029.999999999563,-1134.9999999996726,-1027.9999999994743,-3419.9999999993906,-1934.9999999994452,-4214.999999999463,-4733.999999999605,-4444.999999999482,-5642.999999999483,-6029.999999999563,-2509.999999999718,-4825.9999999997035,-5364.999999999645,-4343.999999999551,-2949.9999999996817,-2806.9999999997435,-2509.999999999718,-3732.99999999972,-5224.999999999727,-2509.999999999718,-4825.9999999997035,-5364.999999999645,-4343.999999999551,-2949.9999999996817,-2806.9999999997435,-2509.999999999718,-3732.99999999972,-5224.999999999727,-7889.999999999827,-6720.999999999776,-6579.999999999791,-5274.999999999864,-6039.999999999827,-6099.999999999864,-5749.999999999864,-6729.999999999882,-7469.999999999891,-7889.999999999827,-6720.999999999776,-6579.999999999791,-5274.999999999864,-6039.999999999827,-6099.999999999864,-5749.999999999864,-6729.999999999882,-7469.999999999891
2024-08,-1374.9999999999545,2148.0000000001837,2555.000000000109,3676.999999999998,4725.0,6260.000000000082,5725.000000000227,4366.000000000122,4980.000000000018,-1374.9999999999545,2148.0000000001837,2555.000000000109,3676.999999999998,4725.0,6260.000000000082,5725.000000000227,4366.000000000122,4980.000000000018,1444.9999999999363,3341.999999999962,5009.999999999945,5313.000000000011,7234.999999999945,7325.0,8280.000000000018,7426.999999999953,8379.999999999927,1444.9999999999363,3341.999999999962,5009.999999999945,5313.000000000011,7234.999999999945,7325.0,8280.000000000018,7426.999999999953,8379.999999999927,384.99999999994543,707.9999999999472,2549.9999999999545,2380.0000000000637,4019.999999999982,4461.999999999989,5119.999999999936,6056.999999999971,6724.999999999909,384.99999999994543,707.9999999999472,2549.9999999999545,2380.0000000000637,4019.999999999982,4461.999999999989,5119.999999999936,6056.999999999971,6724.999999999909,3189.9999999999636,2123.0000000001837,3895.0000000000728,4294.000000000233,5765.0000000001455,6528.000000000156,5745.0000000003,7607.000000000244,7910.000000000218,3189.9999999999636,2123.0000000001837,3895.0000000000728,4294.000000000233,5765.0000000001455,6528.000000000156,5745.0000000003,7607.000000000244,7910.000000000218,1044.9999999998454,2711.0000000000127,4670.000000000073,4721.000000000004,6334.9999999999,7236.999999999944,8630.000000000018,9424.000000000024,11340.00000000001,1044.9999999998454,2711.0000000000127,4670.000000000073,4721.000000000004,6334.9999999999,7236.999999999944,8630.000000000018,9424.000000000024,11340.00000000001,5874.999999999818,4706.99999999988,5864.999999999964,6528.999999999996,8054.999999999927,9635.999999999876,9689.999999999873,11263.99999999985,11814.999999999918,5874.999999999818,4706.99999999988,5864.999999999964,6528.999999999996,8054.999999999927,9635.999999999876,9689.999999999873,11263.99999999985,11814.999999999918,3110.0000000002183,4452.000000000271,1995.0000000001637,1674.00000000016,3000.0000000002274,4579.000000000224,6255.000000000382,6507.000000000289,7745.000000000255,3110.0000000002183,4452.000000000271,1995.0000000001637,1674.00000000016,3000.0000000002274,4579.000000000224,6255.000000000382,6507.000000000289,7745.000000000255,3770.0000000000728,3696.00000000014,4415.0000000001,6109.00000000006,7380.000000000018,9268.00000000012,10020.000000000164,11486.00000000015,13065.0000000001,3770.0000000000728,3696.00000000014,4415.0000000001,6109.00000000006,7380.000000000018,9268.00000000012,10020.000000000164,11486.00000000015,13065.0000000001,4660.000000000082,5420.000000000027,6030.000000000064,7636.000000000104,9995.000000000027,10418.000000000075,10075.000000000045,11246.000000000095,12150.0,4660.000000000082,5420.000000000027,6030.000000000064,7636.000000000104,9995.000000000027,10418.000000000075,10075.000000000045,11246.000000000095,12150.0
2024-09,384.9999999998545,564.9999999998272,1024.999999999818,1793.999999999869,2889.9999999998727,2563.999999999851,3639.999999999827,4713.99999999976,4229.999999999791,384.9999999998545,564.9999999998272,1024.999999999818,1793.999999999869,2889.9999999998727,2563.999999999851,3639.999999999827,4713.99999999976,4229.999999999791,-285.0000000002183,-566.0000000001219,1829.9999999997453,3091.999999999871,3539.999999999918,1931.99999999988,2519.999999999891,3023.999999999887,2059.999999999809,-285.0000000002183,-566.0000000001219,1829.9999999997453,3091.999999999871,3539.999999999918,1931.99999999988,2519.999999999891,3023.999999999887,2059.999999999809,244.99999999993634,1568.9999999999145,-450.0000000000455,426.9999999999527,-2720.0000000000273,-3220.0000000000728,-3055.000000000109,-2652.000000000089,-2765.0000000001,244.99999999993634,1568.9999999999145,-450.0000000000455,426.9999999999527,-2720.0000000000273,-3220.0000000000728,-3055.000000000109,-2652.000000000089,-2765.0000000001,169.99999999989086,1749.9999999998636,1419.9999999998909,1398.9999999999327,1714.9999999998727,1126.9999999998618,1995.0000000000273,488.99999999998727,219.99999999993634,169.99999999989086,1749.9999999998636,1419.9999999998909,1398.9999999999327,1714.9999999998727,1126.9999999998618,1995.0000000000273,488.99999999998727,219.99999999993634,-769.9999999999818,-1787.00000000008,-1980.0000000001091,-481.00000000013097,784.9999999999454,720.9999999998672,-45.000000000027285,-1284.00000000006,-525.0000000000455,-769.9999999999818,-1787.00000000008,-1980.0000000001091,-481.00000000013097,784.9999999999454,720.9999999998672,-45.000000000027285,-1284.00000000006,-525.0000000000455,-904.9999999998363,-361.00000000001273,-724.9999999999545,1035.0000000000364,-464.99999999987267,-969.9999999999363,-1109.999999999991,-2897.9999999999563,-2865.000000000009,-904.9999999998363,-361.00000000001273,-724.9999999999545,1035.0000000000364,-464.99999999987267,-969.9999999999363,-1109.999999999991,-2897.9999999999563,-2865.000000000009,3379.9999999998818,3588.999999999942,1624.9999999999545,2750.9999999998854,4384.9999999999,2101.9999999999072,3379.9999999999727,3668.9999999999145,3284.999999999991,3379.9999999998818,3588.999999999942,1624.9999999999545,2750.9999999998854,4384.9999999999,2101.9999999999072,3379.9999999999727,3668.9999999999145,3284.999999999991,644.9999999998909,-193.00000000016553,-215.000000000191,1480.9999999998126,1749.9999999998636,487.99999999978354,1709.999999999809,2260.999999999831,1369.9999999998,644.9999999998909,-193.00000000016553,-215.000000000191,1480.9999999998126,1749.9999999998636,487.99999999978354,1709.999999999809,2260.999999999831,1369.9999999998,1549.9999999996362,2036.9999999996708,549.9999999997726,2126.9999999998163,1569.9999999998,275.99999999979445,-1735.0000000002638,-1392.0000000002801,-1565.0000000002365,1549.9999999996362,2036.9999999996708,549.9999999997726,2126.9999999998163,1569.9999999998,275.99999999979445,-1735.0000000002638,-1392.0000000002801,-1565.0000000002365
2024-10,-1445.0000000001637,-2471.000000000231,-4010.0000000002183,-3747.000000000162,-2985.0000000002183,-3686.000000000149,-6045.000000000209,-5356.000000000131,-7070.000000000118,-1445.0000000001637,-2471.000000000231,-4010.0000000002183,-3747.000000000162,-2985.0000000002183,-3686.000000000149,-6045.000000000209,-5356.000000000131,-7070.000000000118,-2794.999999999891,-2439.9999999999636,-5769.999999999891,-3952.9999999998836,-5924.999999999909,-5857.999999999902,-8304.999999999927,-7932.999999999902,-8354.999999999882,-2794.999999999891,-2439.9999999999636,-5769.999999999891,-3952.9999999998836,-5924.999999999909,-5857.999999999902,-8304.999999999927,-7932.999999999902,-8354.999999999882,-5675.0000000000455,-6543.99999999996,-10574.999999999955,-9390.99999999994,-10419.999999999936,-9816.999999999962,-10904.999999999973,-10694.999999999982,-10484.999999999945,-5675.0000000000455,-6543.99999999996,-10574.999999999955,-9390.99999999994,-10419.999999999936,-9816.999999999962,-10904.999999999973,-10694.999999999982,-10484.999999999945,-2054.9999999999727,100.9999999998854,-1834.9999999999,-2285.999999999922,-5030.000000000064,-3660.000000000082,-4190.0000000001,-5860.000000000036,-6165.000000000055,-2054.9999999999727,100.9999999998854,-1834.9999999999,-2285.999999999922,-5030.000000000064,-3660.000000000082,-4190.0000000001,-5860.000000000036,-6165.000000000055,180.00000000006366,-2548.9999999997963,-5794.999999999754,-6414.999999999827,-8294.999999999754,-10166.999999999825,-10929.999999999836,-10229.99999999979,-10514.999999999827,180.00000000006366,-2548.9999999997963,-5794.999999999754,-6414.999999999827,-8294.999999999754,-10166.999999999825,-10929.999999999836,-10229.99999999979,-10514.999999999827,-5275.000000000091,-7415.999999999849,-10794.999999999936,-10635.999999999967,-13499.999999999864,-13487.99999999992,-13029.999999999882,-12834.999999999945,-12529.999999999927,-5275.000000000091,-7415.999999999849,-10794.999999999936,-10635.999999999967,-13499.999999999864,-13487.99999999992,-13029.999999999882,-12834.999999999945,-12529.999999999927,2670.000000000209,1317.0000000000528,135.00000000012733,110.99999999996726,-419.99999999989086,-2388.9999999998963,-3850.0,-2790.999999999849,-6294.999999999936,2670.000000000209,1317.0000000000528,135.00000000012733,110.99999999996726,-419.99999999989086,-2388.9999999998963,-3850.0,-2790.999999999849,-6294.999999999936,3240.0000000003274,-1562.999999999738,-3169.9999999996635,-2720.9999999998217,-6139.999999999736,-6554.9999999997,-8129.999999999745,-7587.999999999738,-9119.999999999709,3240.0000000003274,-1562.999999999738,-3169.9999999996635,-2720.9999999998217,-6139.999999999736,-6554.9999999997,-8129.999999999745,-7587.999999999738,-9119.999999999709,-2109.9999999999454,-6454.999999999927,-9459.9999999999,-8910.999999999967,-10919.999999999936,-10832.999999999902,-11309.9999999999,-11274.999999999909,-11129.999999999927,-2109.9999999999454,-6454.999999999927,-9459.9999999999,-8910.999999999967,-10919.999999999936,-10832.999999999902,-11309.9999999999,-11274.999999999909,-11129.999999999927
2024-11,785.0000000002183,1818.0000000001655,-209.999999999809,-41.99999999987085,-199.99999999986358,1209.000000000242,1195.0000000002092,-454.99999999974534,310.0000000002183,785.0000000002183,1818.0000000001655,-209.999999999809,-41.99999999987085,-199.99999999986358,1209.000000000242,1195.0000000002092,-454.99999999974534,310.0000000002183,3435.000000000173,239.99999999996362,630.0000000000637,1641.0000000000764,1540.0000000001,2613.0000000000564,4050.0000000000455,3018.0000000000746,3615.0000000001,3435.000000000173,239.99999999996362,630.0000000000637,1641.0000000000764,1540.0000000001,2613.0000000000564,4050.0000000000455,3018.0000000000746,3615.0000000001,1579.9999999999727,-2532.9999999999927,-210.00000000003638,846.0000000000036,740.0000000000546,1561.999999999989,2750.0000000000455,2370.0000000000273,2885.0000000000364,1579.9999999999727,-2532.9999999999927,-210.00000000003638,846.0000000000036,740.0000000000546,1561.999999999989,2750.0000000000455,2370.0000000000273,2885.0000000000364,575.000000000091,1790.000000000191,1405.0000000000182,2138.9999999999873,4635.000000000082,6120.000000000073,6300.000000000136,5353.000000000156,7165.000000000191,575.000000000091,1790.000000000191,1405.0000000000182,2138.9999999999873,4635.000000000082,6120.000000000073,6300.000000000136,5353.000000000156,7165.000000000191,979.9999999999272,3840.9999999998945,3155.000000000018,1837.9999999998745,3974.9999999999545,4733.000000000038,6044.999999999891,5237.000000000035,5855.000000000018,979.9999999999272,3840.9999999998945,3155.000000000018,1837.9999999998745,3974.9999999999545,4733.000000000038,6044.999999999891,5237.000000000035,5855.000000000018,-69.99999999998181,233.00000000017462,-24.99999999990905,346.00000000014006,365.0000000001455,2125.0000000002274,3885.0000000001273,3492.000000000189,4565.0000000001455,-69.99999999998181,233.00000000017462,-24.99999999990905,346.00000000014006,365.0000000001455,2125.0000000002274,3885.0000000001273,3492.000000000189,4565.0000000001455,-369.9999999997999,-366.9999999997344,-2014.9999999997362,-954.9999999997908,-519.9999999997544,-29.999999999790816,1560.0000000002638,2382.0000000003347,95.00000000025466,-369.9999999997999,-366.9999999997344,-2014.9999999997362,-954.9999999997908,-519.9999999997544,-29.999999999790816,1560.0000000002638,2382.0000000003347,95.00000000025466,1529.9999999999727,2848.9999999999327,2145.0000000000728,2993.000000000029,2549.9999999999545,3362.9999999999654,1429.9999999999727,1880.0000000000637,2490.0000000000546,1529.9999999999727,2848.9999999999327,2145.0000000000728,2993.000000000029,2549.9999999999545,3362.9999999999654,1429.9999999999727,1880.0000000000637,2490.0000000000546,-1784.9999999999454,-1843.99999999996,250.00000000004547,1373.0000000000928,550.0,1729.0000000000873,-29.99999999992724,785.0000000000364,1320.0000000000728,-1784.9999999999454,-1843.99999999996,250.00000000004547,1373.0000000000928,550.0,1729.0000000000873,-29.99999999992724,785.0000000000364,1320.0000000000728
2024-12,665.0000000000546,958.0000000000382,-109.9999999999909,-544.9999999999818,665.0000000000546,1693.00000000012,2185.0000000000364,2065.0000000000546,1280.0000000000182,665.0000000000546,958.0000000000382,-109.9999999999909,-544.9999999999818,665.0000000000546,1693.00000000012,2185.0000000000364,2065.0000000000546,1280.0000000000182,2474.9999999999545,5446.9999999999345,2229.9999999997453,-254.0000000000873,789.9999999998727,1673.9999999998417,1929.9999999998363,2047.99999999982,2504.9999999998363,2474.9999999999545,5446.9999999999345,2229.9999999997453,-254.0000000000873,789.9999999998727,1673.9999999998417,1929.9999999998363,2047.99999999982,2504.9999999998363,-1700.000000000182,-735.0000000000819,-1385.0000000000819,-322.00000000002547,-280.0000000000182,57.999999999901775,384.99999999994543,884.9999999999454,1274.9999999999545,-1700.000000000182,-735.0000000000819,-1385.0000000000819,-322.00000000002547,-280.0000000000182,57.999999999901775,384.99999999994543,884.9999999999454,1274.9999999999545,-1465.0000000001455,-3660.000000000082,-1715.0000000001,-1003.0000000002474,69.99999999975444,-535.0000000000364,109.99999999989996,156.9999999999709,1519.9999999998909,-1465.0000000001455,-3660.000000000082,-1715.0000000001,-1003.0000000002474,69.99999999975444,-535.0000000000364,109.99999999989996,156.9999999999709,1519.9999999998909,-2200.0000000003183,-2550.0000000002274,-805.0000000003365,-1062.0000000003074,594.9999999997999,160.99999999983083,249.99999999977263,919.9999999997544,29.999999999699867,-2200.0000000003183,-2550.0000000002274,-805.0000000003365,-1062.0000000003074,594.9999999997999,160.99999999983083,249.99999999977263,919.9999999997544,29.999999999699867,1344.9999999999363,-762.000000000171,-980.0000000001091,-402.0000000001801,454.9999999998363,1444.9999999998909,1919.9999999998,2749.999999999818,3224.9999999997726,1344.9999999999363,-762.000000000171,-980.0000000001091,-402.0000000001801,454.9999999998363,1444.9999999998909,1919.9999999998,2749.999999999818,3224.9999999997726,-869.9999999997999,-2069.999999999891,-1049.9999999998636,-870.9999999998672,365.00000000010004,523.0000000002292,-1259.9999999997635,-1309.999999999809,-464.99999999987267,-869.9999999997999,-2069.999999999891,-1049.9999999998636,-870.9999999998672,365.00000000010004,523.0000000002292,-1259.9999999997635,-1309.999999999809,-464.99999999987267,1464.9999999999636,1172.0000000000255,769.9999999998454,-357.00000000001637,1540.000000000009,361.00000000001273,1709.999999999991,1784.9999999999,2599.999999999909,1464.9999999999636,1172.0000000000255,769.9999999998454,-357.00000000001637,1540.000000000009,361.00000000001273,1709.999999999991,1784.9999999999,2599.999999999909,1339.9999999998272,23.999999999978172,804.9999999999727,548.9999999999327,1809.9999999999454,2855.9999999999036,2724.999999999909,3214.999999999918,3594.999999999891,1339.9999999998272,23.999999999978172,804.9999999999727,548.9999999999327,1809.9999999999454,2855.9999999999036,2724.999999999909,3214.999999999918,3594.999999999891
2025-01,-2220.0000000002547,-2677.0000000001346,-2600.0000000001364,-1485.0000000000819,-1265.0000000001455,-389.0000000001237,-2905.0000000002,-2252.00000000018,-1600.000000000182,-2220.0000000002547,-2677.0000000001346,-2600.0000000001364,-1485.0000000000819,-1265.0000000001455,-389.0000000001237,-2905.0000000002,-2252.00000000018,-1600.000000000182,-2975.0000000000455,-1664.9999999999181,779.9999999999272,1658.0000000000382,2135.0000000000364,2120.0000000000273,3020.0000000000273,3817.0000000000073,4625.0000000000455,-2975.0000000000455,-1664.9999999999181,779.9999999999272,1658.0000000000382,2135.0000000000364,2120.0000000000273,3020.0000000000273,3817.0000000000073,4625.0000000000455,-3720.0000000000273,-2414.9999999999636,30.000000000063665,1893.0000000000746,170.00000000002728,225.00000000004547,355.00000000006366,915.0000000000546,1475.0000000000455,-3720.0000000000273,-2414.9999999999636,30.000000000063665,1893.0000000000746,170.00000000002728,225.00000000004547,355.00000000006366,915.0000000000546,1475.0000000000455,309.99999999953616,1803.9999999996326,1574.9999999996362,3174.999999999727,5434.9999999997635,3463.9999999996235,1419.9999999997544,900.9999999997035,2569.9999999997544,309.99999999953616,1803.9999999996326,1574.9999999996362,3174.999999999727,5434.9999999997635,3463.9999999996235,1419.9999999997544,900.9999999997035,2569.9999999997544,-4144.999999999754,-1715.999999999758,130.0000000001546,-1133.9999999998781,-214.99999999978172,-1398.9999999997963,-659.9999999997635,-485.99999999978536,-644.9999999997544,-4144.999999999754,-1715.999999999758,130.0000000001546,-1133.9999999998781,-214.99999999978172,-1398.9999999997963,-659.9999999997635,-485.99999999978536,-644.9999999997544,114.99999999996362,1666.0000000001673,425.0000000000455,2188.0000000000564,3760.0000000000364,4408.000000000084,3660.000000000082,3415.0000000001455,3050.000000000091,114.99999999996362,1666.0000000001673,425.0000000000455,2188.0000000000564,3760.0000000000364,4408.000000000084,3660.000000000082,3415.0000000001455,3050.000000000091,-925.0000000000455,-864.0000000003056,489.9999999997817,373.99999999984175,2654.9999999998363,1450.99999999984,1324.999999999818,1262.999999999738,2624.9999999998636,-925.0000000000455,-864.0000000003056,489.9999999997817,373.99999999984175,2654.9999999998363,1450.99999999984,1324.999999999818,1262.999999999738,2624.9999999998636,-8020.000000000073,-4991.999999999962,-4860.000000000127,-4541.999999999962,-2210.0000000000364,-3822.0000000000255,-3679.9999999999727,-2432.0000000000164,-1359.9999999999454,-8020.000000000073,-4991.999999999962,-4860.000000000127,-4541.999999999962,-2210.0000000000364,-3822.0000000000255,-3679.9999999999727,-2432.0000000000164,-1359.9999999999454,979.9999999998363,-865.0000000000546,-1695.0000000001182,147.99999999995634,934.9999999999,236.9999999999436,624.9999999999545,-900.0000000000455,-380.00000000006366,979.9999999998363,-865.0000000000546,-1695.0000000001182,147.99999999995634,934.9999999999,236.9999999999436,624.9999999999545,-900.0000000000455,-380.00000000006366
2025-02,-4665.000000000009,-3585.999999999922,-1434.999999999991,-2091.000000000031,-935.0000000000364,-1688.000000000011,-620.0000000000273,446.99999999998,1514.9999999999181,-4665.000000000009,-3585.999999999922,-1434.999999999991,-2091.000000000031,-935.0000000000364,-1688.000000000011,-620.0000000000273,446.99999999998,1514.9999999999181,-3749.999999999909,-2988.9999999998963,-744.9999999999363,1526.0000000001583,1815.0000000001,3044.000000000051,425.0000000000455,949.0000000000236,40.000000000009095,-3749.999999999909,-2988.9999999998963,-744.9999999999363,1526.0000000001583,1815.0000000001,3044.000000000051,425.0000000000455,949.0000000000236,40.000000000009095,-2389.999999999918,-208.0000000000382,984.9999999999909,1921.9999999999345,2429.9999999999272,3536.999999999898,4484.999999999945,3183.999999999878,-770.0000000001182,-2389.999999999918,-208.0000000000382,984.9999999999909,1921.9999999999345,2429.9999999999272,3536.999999999898,4484.999999999945,3183.999999999878,-770.0000000001182,-5114.999999999827,-4555.999999999949,-2735.0000000001273,-4228.000000000111,-3845.0000000000728,-3966.999999999962,-2869.9999999999363,-4052.0000000000437,-3735.0000000000364,-5114.999999999827,-4555.999999999949,-2735.0000000001273,-4228.000000000111,-3845.0000000000728,-3966.999999999962,-2869.9999999999363,-4052.0000000000437,-3735.0000000000364,-6909.9999999999,-7460.999999999922,-4259.9999999999,-2930.9999999999036,-2144.9999999999363,-378.9999999999054,-2569.9999999999363,-2973.9999999999327,-3510.0000000000364,-6909.9999999999,-7460.999999999922,-4259.9999999999,-2930.9999999999036,-2144.9999999999363,-378.9999999999054,-2569.9999999999363,-2973.9999999999327,-3510.0000000000364,-4504.999999999882,-5444.999999999936,-2549.9999999998636,-3153.9999999999054,-1324.9999999999545,-158.9999999999236,-289.99999999987267,686.0000000001037,230.00000000006366,-4504.999999999882,-5444.999999999936,-2549.9999999998636,-3153.9999999999054,-1324.9999999999545,-158.9999999999236,-289.99999999987267,686.0000000001037,230.00000000006366,-7239.999999999782,-6583.999999999787,-4964.999999999827,-7081.999999999925,-5684.9999999999,-3946.999999999798,-3054.999999999791,-1466.9999999999163,-904.9999999999272,-7239.999999999782,-6583.999999999787,-4964.999999999827,-7081.999999999925,-5684.9999999999,-3946.999999999798,-3054.999999999791,-1466.9999999999163,-904.9999999999272,-5554.999999999836,-6025.9999999997035,-5119.999999999754,-2953.9999999998145,-994.9999999997999,-883.9999999997872,360.0000000002183,-865.9999999998035,-794.9999999998454,-5554.999999999836,-6025.9999999997035,-5119.999999999754,-2953.9999999998145,-994.9999999997999,-883.9999999997872,360.0000000002183,-865.9999999998035,-794.9999999998454,-2859.999999999991,-2113.999999999942,-1224.999999999909,-1188.9999999999873,260.0000000000364,1115.9999999999854,2175.000000000091,1738.9999999999873,1700.0,-2859.999999999991,-2113.999999999942,-1224.999999999909,-1188.9999999999873,260.0000000000364,1115.9999999999854,2175.000000000091,1738.9999999999873,1700.0
2025-03,3510.0000000000364,3137.00000000008,3190.000000000009,1864.0000000000327,1180.0000000000182,2698.999999999978,1650.0,1051.9999999999527,1814.9999999999636,3510.0000000000364,3137.00000000008,3190.000000000009,1864.0000000000327,1180.0000000000182,2698.999999999978,1650.0,1051.9999999999527,1814.9999999999636,1255.0000000001091,1605.9999999999036,1124.9999999998636,1392.9999999999382,2599.9999999999545,1935.9999999998763,-200.00000000013642,595.9999999998217,1394.9999999998454,1255.0000000001091,1605.9999999999036,1124.9999999998636,1392.9999999999382,2599.9999999999545,1935.9999999998763,-200.00000000013642,595.9999999998217,1394.9999999998454,-315.00000000005457,320.0000000000273,-2035.0000000000364,-2375.000000000091,-2780.000000000018,-2633.0000000000837,-4285.000000000036,-3926.0000000000673,-3565.0000000000546,-315.00000000005457,320.0000000000273,-2035.0000000000364,-2375.000000000091,-2780.000000000018,-2633.0000000000837,-4285.000000000036,-3926.0000000000673,-3565.0000000000546,539.9999999996908,95.99999999945794,2964.9999999996453,2918.999999999687,2164.9999999994634,4332.9999999994925,4154.999999999427,3229.999999999427,4484.999999999491,539.9999999996908,95.99999999945794,2964.9999999996453,2918.999999999687,2164.9999999994634,4332.9999999994925,4154.999999999427,3229.999999999427,4484.999999999491,-1990.000000000373,-682.0000000004256,1669.999999999709,1723.9999999996144,174.99999999940883,2381.9999999994707,-820.0000000004366,153.99999999945067,169.99999999952706,-1990.000000000373,-682.0000000004256,1669.999999999709,1723.9999999996144,174.99999999940883,2381.9999999994707,-820.0000000004366,153.99999999945067,169.99999999952706,-534.9999999999909,-173.00000000000182,-1640.0000000001455,-874.0000000000691,-2525.0000000001364,-4196.00000000014,-5990.0000000001455,-7000.000000000091,-7260.000000000127,-534.9999999999909,-173.00000000000182,-1640.0000000001455,-874.0000000000691,-2525.0000000001364,-4196.00000000014,-5990.0000000001455,-7000.000000000091,-7260.000000000127,3629.9999999999727,4100.99999999984,3694.9999999999363,2409.999999999991,464.99999999991815,1044.9999999998454,1049.9999999997726,-951.0000000002037,-295.00000000025466,3629.9999999999727,4100.99999999984,3694.9999999999363,2409.999999999991,464.99999999991815,1044.9999999998454,1049.9999999997726,-951.0000000002037,-295.00000000025466,1180.0000000001546,3031.9999999999254,2409.9999999999454,3317.999999999938,3994.9999999999363,904.9999999998818,594.9999999998909,1371.999999999889,-1175.000000000182,1180.0000000001546,3031.9999999999254,2409.9999999999454,3317.999999999938,3994.9999999999363,904.9999999998818,594.9999999998909,1371.999999999889,-1175.000000000182,-2459.9999999995816,-495.99999999963984,-4304.999999999609,-2418.9999999996417,-4584.999999999582,-5793.999999999642,-7844.9999999996635,-7560.999999999649,-7274.999999999682,-2459.9999999995816,-495.99999999963984,-4304.999999999609,-2418.9999999996417,-4584.999999999582,-5793.999999999642,-7844.9999999996635,-7560.999999999649,-7274.999999999682
2025-04,-2284.999999999809,-3277.999999999838,-4944.999999999754,-1560.9999999997399,-3744.9999999997544,-10917.999999999756,-9619.9999999998,-10694.999999999754,-11399.999999999773,-2284.999999999809,-3277.999999999838,-4944.999999999754,-1560.9999999997399,-3744.9999999997544,-10917.999999999756,-9619.9999999998,-10694.999999999754,-11399.999999999773,-1334.999999999809,-1534.999999999809,-1829.9999999998363,-2940.9999999998035,-6689.999999999827,-11879.999999999745,-11579.99999999979,-10819.9999999998,-11389.999999999782,-1334.999999999809,-1534.999999999809,-1829.9999999998363,-2940.9999999998035,-6689.999999999827,-11879.999999999745,-11579.99999999979,-10819.9999999998,-11389.999999999782,-4105.000000000018,-1484.9999999999454,-7659.999999999945,-6590.99999999994,-9274.999999999955,-8210.999999999967,-9369.999999999936,-8583.999999999924,-7799.999999999909,-4105.000000000018,-1484.9999999999454,-7659.999999999945,-6590.99999999994,-9274.999999999955,-8210.999999999967,-9369.999999999936,-8583.999999999924,-7799.999999999909,3019.9999999997544,1407.9999999994925,-4450.000000000409,-7315.000000000373,-6835.0000000004,-6538.000000000375,-7430.000000000382,-7643.000000000347,-9070.0000000003,3019.9999999997544,1407.9999999994925,-4450.000000000409,-7315.000000000373,-6835.0000000004,-6538.000000000375,-7430.000000000382,-7643.000000000347,-9070.0000000003,2965.000000000009,1929.0000000000418,-3229.9999999999727,-2389.0000000000327,-4030.0000000000637,-3281.00000000004,-1779.9999999999727,-174.99999999995453,-2724.9999999999545,2965.000000000009,1929.0000000000418,-3229.9999999999727,-2389.0000000000327,-4030.0000000000637,-3281.00000000004,-1779.9999999999727,-174.99999999995453,-2724.9999999999545,2269.999999999982,1567.9999999998927,-5635.000000000036,-6606.999999999925,-4090.0000000000546,-7069.0000000000055,-7290.000000000009,-5672.0000000000255,-4054.9999999999727,2269.999999999982,1567.9999999998927,-5635.000000000036,-6606.999999999925,-4090.0000000000546,-7069.0000000000055,-7290.000000000009,-5672.0000000000255,-4054.9999999999727,4059.9999999995816,-1866.0000000003947,-6335.000000000173,-3444.000000000142,-9415.000000000236,-14722.000000000207,-14010.000000000218,-14535.000000000173,-13710.000000000127,4059.9999999995816,-1866.0000000003947,-6335.000000000173,-3444.000000000142,-9415.000000000236,-14722.000000000207,-14010.000000000218,-14535.000000000173,-13710.000000000127,4234.9999999998545,-1283.0000000001291,-1465.0000000000546,-408.0000000000382,-5120.000000000118,-8709.99999999999,-11434.99999999999,-10384.99999999999,-9334.999999999945,4234.9999999998545,-1283.0000000001291,-1465.0000000000546,-408.0000000000382,-5120.000000000118,-8709.99999999999,-11434.99999999999,-10384.99999999999,-9334.999999999945,3820.0000000000273,-631.0000000000855,-7465.000000000055,-6055.9999999999945,-10259.99999999999,-9890.99999999994,-10914.999999999964,-9993.99999999996,-9074.999999999909,3820.0000000000273,-631.0000000000855,-7465.000000000055,-6055.9999999999945,-10259.99999999999,-9890.99999999994,-10914.999999999964,-9993.99999999996,-9074.999999999909
2025-05,2849.9999999997726,3392.9999999996653,8359.999999999627,6507.999999999765,10409.999999999673,11026.999999999634,6804.9999999997,7696.999999999662,6109.999999999718,2849.9999999997726,3392.9999999996653,8359.999999999627,6507.999999999765,10409.999999999673,11026.999999999634,6804.9999999997,7696.999999999662,6109.999999999718,-4380.000000000155,-1517.0000000001437,1999.999999999909,5835.999999999785,7154.999999999882,7443.999999999824,8884.999999999854,2318.999999999869,2709.999999999809,-4380.000000000155,-1517.0000000001437,1999.999999999909,5835.999999999785,7154.999999999882,7443.999999999824,8884.999999999854,2318.999999999869,2709.999999999809,-1225.0000000001364,2633.9999999998327,5369.999999999891,5196.999999999798,7374.999999999864,9783.999999999878,10879.999999999882,6296.999999999889,7304.999999999836,-1225.0000000001364,2633.9999999998327,5369.999999999891,5196.999999999798,7374.999999999864,9783.999999999878,10879.999999999882,6296.999999999889,7304.999999999836,-2820.0000000001637,-579.0000000000418,359.99999999994543,4430.000000000064,2959.9999999999454,1995.9999999999127,2220.0000000000728,4769.0000000000055,3810.0000000000364,-2820.0000000001637,-579.0000000000418,359.99999999994543,4430.000000000064,2959.9999999999454,1995.9999999999127,2220.0000000000728,4769.0000000000055,3810.0000000000364,-5305.000000000155,-3781.000000000131,-500.0000000002274,863.9999999998054,1824.9999999998636,1992.9999999998927,859.9999999998545,884.999999999809,2804.9999999998363,-5305.000000000155,-3781.000000000131,-500.0000000002274,863.9999999998054,1824.9999999998636,1992.9999999998927,859.9999999998545,884.999999999809,2804.9999999998363,-6905.000000000064,-1518.000000000029,-260.00000000008185,1191.9999999999618,675.0,3331.999999999971,2669.999999999982,3737.9999999999654,5125.0,-6905.000000000064,-1518.000000000029,-260.00000000008185,1191.9999999999618,675.0,3331.999999999971,2669.999999999982,3737.9999999999654,5125.0,-1755.0000000001546,-2967.000000000189,2104.9999999997453,2246.999999999798,4989.999999999827,5659.9999999997635,4664.999999999873,7012.9999999997835,9364.999999999827,-1755.0000000001546,-2967.000000000189,2104.9999999997453,2246.999999999798,4989.999999999827,5659.9999999997635,4664.999999999873,7012.9999999997835,9364.999999999827,-4345.000000000164,-4475.000000000182,-1210.0000000001728,450.999999999749,4284.999999999809,3848.9999999997963,3744.9999999998,2677.9999999997926,4479.999999999745,-4345.000000000164,-4475.000000000182,-1210.0000000001728,450.999999999749,4284.999999999809,3848.9999999997963,3744.9999999998,2677.9999999997926,4479.999999999745,-1265.0000000001,950.9999999999309,3759.9999999999454,2458.999999999878,4829.999999999927,7430.999999999904,8719.999999999936,6541.999999999962,7634.999999999945,-1265.0000000001,950.9999999999309,3759.9999999999454,2458.999999999878,4829.999999999927,7430.999999999904,8719.999999999936,6541.999999999962,7634.999999999945
2025-06,-1925.0,-1770.0000000000728,304.99999999992724,890.9999999998945,3144.9999999999363,2805.999999999858,4344.999999999982,3333.999999999878,1464.9999999998727,-1925.0,-1770.0000000000728,304.99999999992724,890.9999999998945,3144.9999999999363,2805.999999999858,4344.999999999982,3333.999999999878,1464.9999999998727,-8830.0000000002,-6075.000000000136,-4195.000000000118,-6376.000000000067,-4720.000000000164,-3548.0000000001837,-3375.000000000182,-5035.000000000173,-4625.000000000182,-8830.0000000002,-6075.000000000136,-4195.000000000118,-6376.000000000067,-4720.000000000164,-3548.0000000001837,-3375.000000000182,-5035.000000000173,-4625.000000000182,-295.00000000011823,-1705.0000000001091,-790.0000000001,754.9999999999272,1959.9999999998545,2624.9999999998636,2369.9999999998,2857.999999999811,3344.9999999998454,-295.00000000011823,-1705.0000000001091,-790.0000000001,754.9999999999272,1959.9999999998545,2624.9999999998636,2369.9999999998,2857.999999999811,3344.9999999998454,-6034.999999999991,-5473.999999999978,-3959.999999999991,-1751.9999999999982,-1614.9999999999636,-1680.9999999999945,-1434.9999999999,-2722.000000000071,-3790.000000000009,-6034.999999999991,-5473.999999999978,-3959.999999999991,-1751.9999999999982,-1614.9999999999636,-1680.9999999999945,-1434.9999999999,-2722.000000000071,-3790.000000000009,-2585.000000000082,-958.0000000000382,1414.9999999999636,2451.9999999999072,-350.0000000001819,-3359.000000000151,-1455.0000000001091,-1069.0000000001419,-1760.0000000001273,-2585.000000000082,-958.0000000000382,1414.9999999999636,2451.9999999999072,-350.0000000001819,-3359.000000000151,-1455.0000000001091,-1069.0000000001419,-1760.0000000001273,-1875.000000000091,-9338.000000000011,-8759.999999999945,-7078.999999999951,-5510.000000000036,-4223.999999999978,-3019.999999999982,-1814.0000000000327,-3809.999999999991,-1875.000000000091,-9338.000000000011,-8759.999999999945,-7078.999999999951,-5510.000000000036,-4223.999999999978,-3019.999999999982,-1814.0000000000327,-3809.999999999991,-4529.999999999882,-2757.0000000001073,-2435.0000000002183,-2142.0000000001437,-1300.000000000182,-1485.0000000002183,-615.0000000001455,-2226.0000000002037,-3555.0000000001546,-4529.999999999882,-2757.0000000001073,-2435.0000000002183,-2142.0000000001437,-1300.000000000182,-1485.0000000002183,-615.0000000001455,-2226.0000000002037,-3555.0000000001546,-1655.0000000000637,-765.99999999994,2414.9999999999636,-344.00000000005093,1089.9999999999636,-1146.000000000049,64.99999999996362,-396.0000000000491,-859.9999999999909,-1655.0000000000637,-765.99999999994,2414.9999999999636,-344.00000000005093,1089.9999999999636,-1146.000000000049,64.99999999996362,-396.0000000000491,-859.9999999999909,874.999999999909,-3434.999999999991,-2944.999999999891,-1430.0000000000182,-14.99999999996362,-1921.99999999998,-1044.9999999999818,-607.0000000000164,-350.0,874.999999999909,-3434.999999999991,-2944.999999999891,-1430.0000000000182,-14.99999999996362,-1921.99999999998,-1044.9999999999818,-607.0000000000164,-350.0
2025-07,-1829.9999999999272,223.0000000000473,3785.000000000082,4350.0,4705.000000000018,4858.000000000038,5770.000000000027,7026.000000000022,6559.999999999991,-1829.9999999999272,223.0000000000473,3785.000000000082,4350.0,4705.000000000018,4858.000000000038,5770.000000000027,7026.000000000022,6559.999999999991,564.9999999998727,3008.0000000000837,6410.000000000082,6865.999999999985,6450.0,6861.999999999989,7630.000000000018,6862.000000000035,7250.0,564.9999999998727,3008.0000000000837,6410.000000000082,6865.999999999985,6450.0,6861.999999999989,7630.000000000018,6862.000000000035,7250.0,2459.999999999991,4912.00000000008,6530.000000000018,7256.999999999971,8695.000000000027,9434.99999999999,9480.000000000018,10250.0,10745.000000000027,2459.999999999991,4912.00000000008,6530.000000000018,7256.999999999971,8695.000000000027,9434.99999999999,9480.000000000018,10250.0,10745.000000000027,694.9999999998909,3603.9999999999964,2029.9999999999272,3922.9999999999563,3410.000000000082,3659.0000000000146,4425.0000000000455,6473.000000000138,6495.000000000027,694.9999999998909,3603.9999999999964,2029.9999999999272,3922.9999999999563,3410.000000000082,3659.0000000000146,4425.0000000000455,6473.000000000138,6495.000000000027,770.0000000001182,4003.99999999986,4184.9999999998545,5596.99999999998,4990.000000000055,5095.999999999958,5979.999999999927,7386.999999999944,7199.9999999999545,770.0000000001182,4003.99999999986,4184.9999999998545,5596.99999999998,4990.000000000055,5095.999999999958,5979.999999999927,7386.999999999944,7199.9999999999545,-3435.000000000082,-984.00000000006,1004.9999999999272,2368.99999999996,1619.9999999998454,2625.9999999997945,4094.9999999998454,4169.999999999845,4654.999999999836,-3435.000000000082,-984.00000000006,1004.9999999999272,2368.99999999996,1619.9999999998454,2625.9999999997945,4094.9999999998454,4169.999999999845,4654.999999999836,4030.0000000002456,4740.0000000001,6300.000000000136,4222.000000000162,4935.000000000082,7765.0000000001455,8785.000000000127,10252.00000000009,10690.0000000001,4030.0000000002456,4740.0000000001,6300.000000000136,4222.000000000162,4935.000000000082,7765.0000000001455,8785.000000000127,10252.00000000009,10690.0000000001,5025.000000000273,6549.000000000069,7350.0,5856.000000000222,7005.000000000109,7823.000000000093,9000.000000000091,8439.000000000124,8535.000000000127,5025.000000000273,6549.000000000069,7350.0,5856.000000000222,7005.000000000109,7823.000000000093,9000.000000000091,8439.000000000124,8535.000000000127,-560.0000000000364,2053.9999999999964,2374.9999999999545,3479.9999999999272,3894.999999999891,4672.99999999982,5994.999999999891,5675.999999999931,5989.999999999918,-560.0000000000364,2053.9999999999964,2374.9999999999545,3479.9999999999272,3894.999999999891,4672.99999999982,5994.999999999891,5675.999999999931,5989.999999999918
2025-08,874.999999999909,-2257.0000000001073,-3955.000000000109,-5900.0000000000455,-8820.000000000073,-8103.0000000000655,-7945.000000000027,-7400.0000000000455,-8985.000000000036,874.999999999909,-2257.0000000001073,-3955.000000000109,-5900.0000000000455,-8820.000000000073,-8103.0000000000655,-7945.000000000027,-7400.0000000000455,-8985.000000000036,1220.0000000000728,-3846.999999999889,-6789.999999999873,-5891.999999999871,-5359.999999999945,-7261.999999999898,-6764.999999999918,-6886.999999999898,-6549.999999999909,1220.0000000000728,-3846.999999999889,-6789.999999999873,-5891.999999999871,-5359.999999999945,-7261.999999999898,-6764.999999999918,-6886.999999999898,-6549.999999999909,-2330.000000000018,-6763.999999999987,-6584.9999999999,-5504.999999999973,-7844.999999999982,-7277.9999999999745,-7289.999999999964,-6897.999999999956,-6504.999999999973,-2330.000000000018,-6763.999999999987,-6584.9999999999,-5504.999999999973,-7844.999999999982,-7277.9999999999745,-7289.999999999964,-6897.999999999956,-6504.999999999973,6304.999999999882,4165.9999999998945,4374.999999999818,2882.999999999902,-205.0000000000182,1698.9999999998417,-1675.000000000091,-2273.0000000000928,-5480.000000000155,6304.999999999882,4165.9999999998945,4374.999999999818,2882.999999999902,-205.0000000000182,1698.9999999998417,-1675.000000000091,-2273.0000000000928,-5480.000000000155,3629.9999999999272,4040.000000000009,4149.999999999909,-1035.9999999999218,-2329.9999999999272,-3177.9999999999745,-2619.9999999999363,-1559.9999999999454,-4129.999999999973,3629.9999999999272,4040.000000000009,4149.999999999909,-1035.9999999999218,-2329.9999999999272,-3177.9999999999745,-2619.9999999999363,-1559.9999999999454,-4129.999999999973,884.9999999999909,-1932.0000000000618,-4245.000000000073,-8070.000000000027,-9115.000000000055,-8583.000000000084,-8050.000000000091,-7518.000000000075,-6985.000000000082,884.9999999999909,-1932.0000000000618,-4245.000000000073,-8070.000000000027,-9115.000000000055,-8583.000000000084,-8050.000000000091,-7518.000000000075,-6985.000000000082,-2090.000000000191,-595.0000000001637,-720.0000000002547,-5880.0000000003365,-7550.000000000091,-8334.000000000287,-8865.000000000191,-11515.000000000191,-10915.000000000236,-2090.000000000191,-595.0000000001637,-720.0000000002547,-5880.0000000003365,-7550.000000000091,-8334.000000000287,-8865.000000000191,-11515.000000000191,-10915.000000000236,-449.99999999990905,-450.9999999998854,-479.9999999999727,-4007.000000000062,-6489.999999999964,-8009.999999999945,-8014.999999999964,-8194.999999999936,-7914.999999999964,-449.99999999990905,-450.9999999998854,-479.9999999999727,-4007.000000000062,-6489.999999999964,-8009.999999999945,-8014.999999999964,-8194.999999999936,-7914.999999999964,-1329.9999999998818,-5843.9999999999145,-7374.999999999864,-8004.999999999927,-9479.999999999927,-8907.999999999902,-8914.999999999918,-8517.999999999893,-8119.999999999936,-1329.9999999998818,-5843.9999999999145,-7374.999999999864,-8004.999999999927,-9479.999999999927,-8907.999999999902,-8914.999999999918,-8517.999999999893,-8119.999999999936
2025-09,-199.99999999995453,-3734.0000000000146,-1949.9999999999545,-2216.0000000000764,-4884.999999999991,-4370.000000000027,-3150.0000000000455,-3035.0000000000364,-1980.0000000000637,-199.99999999995453,-3734.0000000000146,-1949.9999999999545,-2216.0000000000764,-4884.999999999991,-4370.000000000027,-3150.0000000000455,-3035.0000000000364,-1980.0000000000637,-2855.000000000018,-6572.999999999911,-7059.999999999945,-6615.99999999994,-8409.99999999999,-7212.99999999992,-7184.999999999991,-7269.999999999982,-6714.999999999964,-2855.000000000018,-6572.999999999911,-7059.999999999945,-6615.99999999994,-8409.99999999999,-7212.99999999992,-7184.999999999991,-7269.999999999982,-6714.999999999964,-7170.000000000255,-5733.000000000311,-3745.000000000391,-7065.000000000327,-6135.000000000355,-5205.0000000003365,-6945.000000000346,-6625.000000000364,-7185.000000000355,-7170.000000000255,-5733.000000000311,-3745.000000000391,-7065.000000000327,-6135.000000000355,-5205.0000000003365,-6945.000000000346,-6625.000000000364,-7185.000000000355,5355.000000000109,5228.0000000000655,120.00000000016371,-168.99999999982356,-979.9999999998818,-1652.999999999929,-3789.9999999999636,-2154.9999999998818,-4215.000000000009,5355.000000000109,5228.0000000000655,120.00000000016371,-168.99999999982356,-979.9999999998818,-1652.999999999929,-3789.9999999999636,-2154.9999999998818,-4215.000000000009,455.0000000002001,2981.0000000002674,-3094.999999999709,-3752.999999999838,-6109.999999999627,-8518.999999999733,-8484.999999999673,-7485.99999999974,-7554.999999999791,455.0000000002001,2981.0000000002674,-3094.999999999709,-3752.999999999838,-6109.999999999627,-8518.999999999733,-8484.999999999673,-7485.99999999974,-7554.999999999791,-4865.000000000191,-4667.000000000144,-4355.000000000155,-6212.00000000008,-6660.000000000173,-6810.000000000173,-8470.000000000164,-7980.000000000155,-7490.0000000001455,-4865.000000000191,-4667.000000000144,-4355.000000000155,-6212.00000000008,-6660.000000000173,-6810.000000000173,-8470.000000000164,-7980.000000000155,-7490.0000000001455,4110.000000000036,3340.9999999999854,595.0000000001182,-963.9999999999873,-2700.0,-2196.9999999999345,-3544.999999999982,-3913.9999999999873,-3540.000000000009,4110.000000000036,3340.9999999999854,595.0000000001182,-963.9999999999873,-2700.0,-2196.9999999999345,-3544.999999999982,-3913.9999999999873,-3540.000000000009,439.99999999987267,519.9999999998909,-715.0000000000091,-903.00000000002,-4540.000000000009,-5141.000000000031,-5400.0,-4310.999999999967,-4395.000000000027,439.99999999987267,519.9999999998909,-715.0000000000091,-903.00000000002,-4540.000000000009,-5141.000000000031,-5400.0,-4310.999999999967,-4395.000000000027,-4160.000000000264,-2726.000000000249,-2650.0000000003183,-4447.000000000344,-4380.0000000003365,-5940.000000000327,-5690.000000000327,-5395.000000000346,-5100.000000000318,-4160.000000000264,-2726.000000000249,-2650.0000000003183,-4447.000000000344,-4380.0000000003365,-5940.000000000327,-5690.000000000327,-5395.000000000346,-5100.000000000318
2025-10,10109.999999999718,12489.999999999782,12544.999999999936,16469.00000000005,18129.999999999884,14998.999999999842,11959.9999999999,13085.99999999983,14419.99999999989,10109.999999999718,12489.999999999782,12544.999999999936,16469.00000000005,18129.999999999884,14998.999999999842,11959.9999999999,13085.99999999983,14419.99999999989,5189.999999999782,8506.999999999744,2109.9999999996726,6649.999999999682,7439.999999999691,9669.999999999663,8379.9999999997,8601.99999999968,8429.9999999997,5189.999999999782,8506.999999999744,2109.9999999996726,6649.999999999682,7439.999999999691,9669.999999999663,8379.9999999997,8601.99999999968,8429.9999999997,-2615.0000000002365,-2890.0000000003274,-1435.0000000003092,-983.0000000002201,999.9999999997272,287.99999999973807,-5.000000000245564,-5.000000000245564,-5.000000000245564,-2615.0000000002365,-2890.0000000003274,-1435.0000000003092,-983.0000000002201,999.9999999997272,287.99999999973807,-5.000000000245564,-5.000000000245564,-5.000000000245564,3680.0000000000637,8806.000000000404,12235.000000000264,15709.000000000287,23490.000000000284,26496.000000000233,18220.000000000346,16194.00000000037,18125.000000000273,3680.0000000000637,8806.000000000404,12235.000000000264,15709.000000000287,23490.000000000284,26496.000000000233,18220.000000000346,16194.00000000037,18125.000000000273,5554.999999999882,8133.000000000129,10370.000000000164,12741.000000000122,15385.000000000173,16288.999999999987,11475.000000000182,15172.000000000253,14500.000000000182,5554.999999999882,8133.000000000129,10370.000000000164,12741.000000000122,15385.000000000173,16288.999999999987,11475.000000000182,15172.000000000253,14500.000000000182,12784.999999999854,6655.9999999999945,11709.99999999999,10455.999999999949,7900.000000000091,11902.999999999884,15424.999999999864,16800.99999999993,17959.999999999945,12784.999999999854,6655.9999999999945,11709.99999999999,10455.999999999949,7900.000000000091,11902.999999999884,15424.999999999864,16800.99999999993,17959.999999999945,11540.000000000146,8935.000000000218,6455.000000000291,14294.000000000278,17590.000000000236,21068.00000000012,23125.000000000273,19202.000000000226,20705.000000000247,11540.000000000146,8935.000000000218,6455.000000000291,14294.000000000278,17590.000000000236,21068.00000000012,23125.000000000273,19202.000000000226,20705.000000000247,8849.999999999864,7226.999999999862,10709.9999999999,15832.999999999856,18130.000000000065,23126.999999999905,19065.000000000055,17515.000000000055,18045.000000000116,8849.999999999864,7226.999999999862,10709.9999999999,15832.999999999856,18130.000000000065,23126.999999999905,19065.000000000055,17515.000000000055,18045.000000000116,9564.999999999964,9247.000000000071,12804.999999999927,7861.000000000104,11100.0,11509.00000000006,12620.000000000027,9300.000000000045,9300.000000000045,9564.999999999964,9247.000000000071,12804.999999999927,7861.000000000104,11100.0,11509.00000000006,12620.000000000027,9300.000000000045,9300.000000000045
2025-11,-1369.9999999998454,-1370.9999999999582,-95.00000000002728,-1790.000000000009,205.00000000006366,-349.9999999999545,-1180.0000000000182,-1888.000000000011,-1505.0000000000182,-1369.9999999998454,-1370.9999999999582,-95.00000000002728,-1790.000000000009,205.00000000006366,-349.9999999999545,-1180.0000000000182,-1888.000000000011,-1505.0000000000182,-3334.999999999991,-5254.000000000042,-2320.0000000000728,-4320.000000000027,-2995.0000000001182,-4198.000000000047,-3460.0000000001273,-2723.0000000000473,-1985.0000000001273,-3334.999999999991,-5254.000000000042,-2320.0000000000728,-4320.000000000027,-2995.0000000001182,-4198.000000000047,-3460.0000000001273,-2723.0000000000473,-1985.0000000001273,-2234.999999999991,-2970.0000000000728,-1574.9999999999545,32.00000000001637,1374.9999999999545,2454.9999999999727,1285.0000000000364,2081.999999999971,2880.000000000018,-2234.999999999991,-2970.0000000000728,-1574.9999999999545,32.00000000001637,1374.9999999999545,2454.9999999999727,1285.0000000000364,2081.999999999971,2880.000000000018,6244.9999999998,5085.999999999967,5650.0000000000455,5721.000000000049,8684.999999999854,6512.000000000035,8744.99999999989,6478.999999999951,2079.9999999999272,6244.9999999998,5085.999999999967,5650.0000000000455,5721.000000000049,8684.999999999854,6512.000000000035,8744.99999999989,6478.999999999951,2079.9999999999272,-3930.0000000004275,-2807.0000000004256,-4935.0000000004,-2520.000000000482,-1005.0000000003365,-505.0000000003365,-1325.0000000005002,-1730.000000000473,-4840.000000000373,-3930.0000000004275,-2807.0000000004256,-4935.0000000004,-2520.000000000482,-1005.0000000003365,-505.0000000003365,-1325.0000000005002,-1730.000000000473,-4840.000000000373,4150.000000000091,4265.99999999994,2000.0,3278.00000000002,1320.0000000000728,3072.000000000071,1255.0000000001091,2464.0000000001237,1970.0000000001182,4150.000000000091,4265.99999999994,2000.0,3278.00000000002,1320.0000000000728,3072.000000000071,1255.0000000001091,2464.0000000001237,1970.0000000001182,4625.0000000000455,8108.999999999787,5614.999999999827,3933.999999999787,5264.999999999873,4801.999999999862,2769.9999999998454,2294.9999999998,3299.9999999998636,4625.0000000000455,8108.999999999787,5614.999999999827,3933.999999999787,5264.999999999873,4801.999999999862,2769.9999999998454,2294.9999999998,3299.9999999998636,-3060.000000000491,-3468.000000000802,-5415.000000000646,-5480.000000000564,-6245.0000000006185,-8230.0000000007,-7275.000000000682,-6320.000000000664,-5365.000000000646,-3060.000000000491,-3468.000000000802,-5415.000000000646,-5480.000000000564,-6245.0000000006185,-8230.0000000007,-7275.000000000682,-6320.000000000664,-5365.000000000646,2869.9999999997544,2686.99999999958,139.99999999991815,1965.999999999849,2634.999999999809,3136.999999999807,2419.999999999891,3578.9999999998145,4739.999999999873,2869.9999999997544,2686.99999999958,139.99999999991815,1965.999999999849,2634.999999999809,3136.999999999807,2419.999999999891,3578.9999999998145,4739.999999999873
2025-12,-2604.9999999996544,-3416.9999999998254,-2289.9999999997817,1540.0000000003274,1350.0000000002728,1915.0000000001455,-1775.000000000091,-2044.9999999999818,-2105.000000000018,-2604.9999999996544,-3416.9999999998254,-2289.9999999997817,1540.0000000003274,1350.0000000002728,1915.0000000001455,-1775.000000000091,-2044.9999999999818,-2105.000000000018,-2700.000000000091,-2374.999999999909,1489.9999999998727,5585.000000000127,6634.999999999945,4694.999999999709,2234.9999999995816,2634.9999999995816,3014.9999999996,-2700.000000000091,-2374.999999999909,1489.9999999998727,5585.000000000127,6634.999999999945,4694.999999999709,2234.9999999995816,2634.9999999995816,3014.9999999996,-5260.000000000036,-2442.999999999847,-275.00000000009095,1330.9999999998581,1319.9999999998,2422.9999999998654,-95.00000000025466,292.99999999975626,679.9999999997453,-5260.000000000036,-2442.999999999847,-275.00000000009095,1330.9999999998581,1319.9999999998,2422.9999999998654,-95.00000000025466,292.99999999975626,679.9999999997453,-5335.000000000036,-2751.000000000022,-10019.9999999998,-7158.000000000084,-7589.999999999782,-9904.999999999836,-10055.000000000018,-8899.999999999818,-6589.999999999964,-5335.000000000036,-2751.000000000022,-10019.9999999998,-7158.000000000084,-7589.999999999782,-9904.999999999836,-10055.000000000018,-8899.999999999818,-6589.999999999964,-1074.999999999909,167.99999999993815,-3570.0000000000728,-1355.0000000000182,-89.99999999987267,-2939.9999999999636,-1900.000000000182,-3962.00000000008,-4980.0000000002,-1074.999999999909,167.99999999993815,-3570.0000000000728,-1355.0000000000182,-89.99999999987267,-2939.9999999999636,-1900.000000000182,-3962.00000000008,-4980.0000000002,-2275.0,1262.00000000008,3319.9999999998,2817.9999999997563,5354.999999999836,1159.9999999999454,1839.9999999998727,24.9999999998181,609.9999999998545,-2275.0,1262.00000000008,3319.9999999998,2817.9999999997563,5354.999999999836,1159.9999999999454,1839.9999999998727,24.9999999998181,609.9999999998545,-2719.9999999998,-1364.0000000001237,-4910.000000000218,-2236.000000000149,-4100.0,-5345.000000000073,-7805.000000000291,-7273.000000000229,-5490.0000000002365,-2719.9999999998,-1364.0000000001237,-4910.000000000218,-2236.000000000149,-4100.0,-5345.000000000073,-7805.000000000291,-7273.000000000229,-5490.0000000002365,-2415.0000000000546,-2064.0000000002146,-555.0000000004729,2420.9999999999127,-720.0000000002547,-993.0000000004839,-2540.0000000006003,-783.0000000005384,-820.0000000005275,-2415.0000000000546,-2064.0000000002146,-555.0000000004729,2420.9999999999127,-720.0000000002547,-993.0000000004839,-2540.0000000006003,-783.0000000005384,-820.0000000005275,-2960.0000000000364,-964.9999999997817,1909.9999999998545,3792.999999999938,1539.9999999999636,1775.0,729.9999999999272,1374.999999999909,2019.9999999998909,-2960.0000000000364,-964.9999999997817,1909.9999999998545,3792.999999999938,1539.9999999999636,1775.0,729.9999999999272,1374.999999999909,2019.9999999998909
2026-01,-20734.999999999764,-13905.999999999858,-10614.999999999782,-3957.999999999811,-18079.999999999927,-17476.000000000022,-20000.0,-21910.999999999967,-23275.00000000009,-23004.999999999836,-20885.000000000036,-22304.999999999927,-20357.9999999999,-22544.99999999998,-23468.00000000003,-25370.000000000073,-24946.000000000095,-24520.000000000164,-10629.999999999927,-5534.999999999945,-3849.999999999909,3285.9999999997854,-18480.00000000002,-19032.000000000062,-17415.000000000146,-18745.000000000073,-18005.0000000002,-15810.000000000127,-16802.000000000226,-19435.000000000036,-18092.00000000028,-19370.000000000164,-21050.000000000182,-20560.00000000022,-20070.000000000164,-19580.00000000029,-1595.0000000000728,-22773.00000000023,-26710.000000000036,-31013.000000000102,-30595.000000000164,-30178.000000000156,-31690.000000000146,-31690.000000000146,-31690.000000000146,-5519.999999999982,-11385.000000000127,-14840.000000000055,-16770.000000000073,-16770.000000000073,-16770.000000000073,-16770.000000000073,-16770.000000000073,-16770.000000000073,-8425.000000000182,-7898.999999999978,-5424.999999999909,-7709.999999999945,-8919.99999999989,-4236.999999999989,-2129.9999999998363,3491.0000000000764,-925.0,-4400.000000000091,-9260.999999999876,-8554.999999999836,-14482.99999999981,-18554.999999999836,-18553.999999999905,-17579.999999999836,-15661.999999999989,-23225.0,-4504.999999999836,-8837.999999999556,-2719.999999999618,-1050.99999999984,775.0000000002728,4421.000000000458,560.0000000003092,-955.9999999996762,-6379.999999999836,-5799.999999999909,-12689.99999999969,-11884.999999999582,-12860.999999999785,-16379.999999999745,-16898.999999999614,-16224.999999999727,-16850.999999999658,-22344.9999999998,-12370.000000000528,-32535.00000000049,-33395.00000000035,-33857.00000000052,-37625.00000000045,-43372.00000000039,-45095.00000000044,-45095.00000000044,-45095.00000000044,-15790.000000000236,-20476.000000000295,-21090.000000000236,-24010.00000000031,-24765.000000000236,-25687.00000000017,-27410.00000000022,-27410.00000000022,-27410.00000000022,-1295.0000000001637,-1236.9999999998981,-8564.99999999969,-10635.999999999876,-17234.999999999854,-19083.999999999924,-16169.99999999989,-16384.999999999764,-26819.99999999998,-3200.000000000273,-10168.00000000012,-8214.999999999873,-9024.00000000007,-12625.0,-15536.000000000058,-13685.000000000036,-14064.999999999964,-20590.000000000055,3335.0000000003092,3687.000000000535,-12929.999999999472,-14347.999999999865,-17674.999999999636,-20309.99999999958,-18184.999999999764,-21127.9999999997,-24949.999999999818,-899.9999999998181,-8801.99999999977,-11604.999999999563,-9540.999999999985,-13994.9999999998,-17757.99999999972,-16759.999999999854,-15762.999999999738,-19834.999999999854,-390.00000000005457,-20844.00000000005,-27180.00000000002,-34003.000000000065,-33300.00000000009,-34403.000000000065,-35915.00000000006,-35915.00000000006,-35915.00000000006,-4389.999999999964,-10171.000000000004,-15244.999999999982,-18825.0,-18539.999999999964,-20059.999999999945,-20059.999999999945,-20059.999999999945,-20059.999999999945
2026-02,-394.9999999999818,-6961.999999999898,-1649.999999999909,1476.0000000001128,6870.000000000164,-11392.000000000098,-9889.999999999964,-10382.000000000062,-9525.0,-10119.999999999982,-22081.99999999979,-21364.999999999873,-20446.999999999935,-19529.999999999836,-21761.999999999898,-21194.9999999998,-20626.99999999986,-20059.999999999854,9189.999999999964,11216.999999999825,4994.999999999891,8497.999999999774,6324.999999999818,4167.999999999756,6429.999999999745,6696.999999999753,8314.999999999782,-3184.9999999998545,-8982.999999999902,-6729.999999999927,-3963.000000000011,-8139.999999999964,-7330.000000000018,-6519.999999999982,-5710.999999999967,-4900.0,5870.000000000073,10165.999999999985,-794.9999999999818,1060.9999999998763,3144.999999999891,528.9999999999054,2089.9999999998727,3653.9999999999054,-1895.0000000000728,-4309.9999999997635,-7396.9999999999345,-8649.999999999909,-8251.999999999953,-7625.0,-6996.9999999999345,-6369.999999999982,-5742.000000000007,-5114.999999999964,-11115.000000000236,-7679.00000000036,-6305.000000000473,-4468.000000000393,2184.9999999996726,2635.9999999996035,9404.999999999472,12317.999999999574,18639.99999999969,-13779.999999999927,-12414.999999999964,-15785.000000000036,-17294.99999999998,-15184.999999999945,-13975.0,-10575.000000000091,-7175.0,-3775.0,-16499.99999999991,-13379.000000000178,-8040.0000000001455,1009.9999999999454,-12695.000000000255,-8423.000000000138,-4110.000000000218,-3656.000000000313,209.99999999985448,-20834.999999999764,-20173.999999999887,-20589.999999999964,-17294.99999999989,-20915.000000000055,-18248.000000000047,-15539.999999999964,-12833.000000000084,-10125.0,-10885.000000000036,-4546.9999999999345,-479.99999999992724,8369.99999999989,5944.999999999982,405.99999999994907,2119.9999999998,1282.9999999999018,-3965.0000000001455,-19234.999999999854,-14935.999999999876,-15049.999999999909,-11300.0,-7579.999999999927,-8843.99999999996,-7970.000000000073,-9647.000000000025,-8625.0,-12905.000000000018,-6111.000000000058,-8600.000000000091,-4114.999999999782,2690.0000000002365,1107.9999999999927,-144.9999999999818,2865.9999999999854,4765.0000000001455,-19929.999999999745,-15601.99999999977,-22889.99999999978,-22476.99999999968,-19264.9999999996,-19201.99999999959,-20639.99999999969,-18851.99999999968,-19524.999999999636,-11214.999999999873,-5381.000000000131,-9335.000000000036,-6200.000000000091,-8184.999999999945,-5617.999999999938,-5704.999999999927,-4755.000000000018,-2454.9999999999272,-21724.999999999727,-20715.999999999804,-18449.999999999727,-15645.999999999822,-19989.99999999969,-18852.9999999997,-17359.999999999673,-15867.999999999756,-14374.999999999727,-6839.999999999964,3359.0000000001055,-3704.9999999998363,-4392.999999999938,-3784.9999999999454,-7180.999999999949,-6744.999999999982,-5808.999999999924,-11984.999999999945,-16399.999999999727,-10166.999999999825,-10474.999999999818,-13450.99999999984,-15129.999999999836,-14666.999999999825,-15164.999999999873,-15164.999999999873,-15164.999999999873
2026-03,4635.0000000004,-1768.9999999996871,-3874.9999999995453,-1681.9999999995161,4895.0000000005275,-2614.9999999996,-9274.999999999454,-6349.999999999636,-3424.9999999994543,8230.000000000291,-942.9999999997563,2220.0000000003456,9074.000000000342,15090.000000000418,8532.000000000244,1720.0000000004366,4492.00000000028,7265.000000000418,1015.0000000002365,978.0000000000655,1430.000000000291,3841.0000000000764,-8729.999999999836,-4463.99999999976,-199.99999999990905,3133.0000000001746,6825.000000000182,1410.0000000002183,-2831.99999999988,2745.0000000002547,9950.0,-3814.9999999998727,-744.9999999997999,2325.000000000091,4462.000000000171,6960.000000000127,1159.9999999999454,-5320.99999999964,8130.000000000291,7612.000000000262,4165.000000000327,6074.000000000342,8770.000000000346,11464.000000000306,14160.00000000031,4124.999999999909,140.00000000014552,10025.000000000091,13365.000000000055,9205.00000000011,10402.000000000135,12385.000000000127,14367.000000000098,16350.000000000091,-3274.999999999727,7471.000000000549,2815.000000000782,-137.99999999946522,-1759.9999999993088,4099.000000000706,-1074.9999999989996,1731.0000000008586,-3579.9999999991996,-2929.9999999998363,3449.000000000524,-4439.999999999236,-2330.9999999994034,-4254.9999999993815,2763.0000000006476,-2809.999999999127,-1781.9999999992433,-3169.999999999254,4310.000000000218,-3715.9999999997126,-9124.999999999545,-7615.999999999531,-3879.9999999995634,-9115.99999999944,-3524.9999999995453,-10851.999999999407,-10559.9999999994,1585.0000000000364,-8964.99999999969,-14454.999999999654,-7567.999999999574,-1069.999999999618,-144.99999999952706,4735.0000000004,-3301.999999999498,-3719.999999999436,-8059.999999999673,-16420.999999999458,-9349.999999999454,-6528.99999999936,-5579.9999999993815,3459.000000000651,-19.999999999163265,3367.000000000735,7645.000000000709,-8279.999999999654,-12888.999999999396,-2869.999999999436,2481.0000000005857,2090.0000000006003,9789.00000000067,4970.0000000008,7017.000000000735,9955.000000000655,-2075.000000000273,-7954.000000000087,-12760.000000000036,-6218.000000000029,-14564.999999999964,-6200.000000000182,-5994.9999999998,-9324.00000000007,-5389.999999999964,-5700.0,-15378.999999999905,-13815.000000000055,-3723.999999999978,-9244.99999999989,-1906.000000000131,1195.0000000002547,-1101.0000000000218,2545.0000000000728,2104.9999999998363,1987.9999999996471,-535.0000000000364,3409.9999999999454,3279.9999999998363,5724.999999999818,-1045.0000000001637,2496.9999999999345,6399.999999999909,-4460.000000000036,-9000.000000000091,-6130.000000000018,1721.9999999999345,4099.999999999909,8114.999999999964,439.9999999999636,3077.0000000000437,6075.0,1684.9999999998545,-11103.999999999996,-3489.9999999998727,3177.0000000001346,3215.0000000002365,9945.000000000164,7440.0000000002365,11495.000000000164,15550.000000000182,-705.0000000001091,-9072.000000000025,-1689.9999999999636,6138.000000000011,7680.000000000109,13538.000000000011,10160.000000000127,13343.00000000003,16525.00000000009
2026-04,-16299.999999999545,-12721.99999999957,-15039.999999999782,-16025.999999999749,-19434.999999999673,-17809.99999999958,-16184.999999999582,-14559.999999999673,-12934.999999999673,-15909.999999999764,-15201.99999999977,-20389.999999999873,-19117.999999999938,-19069.99999999989,-18084.999999999854,-17099.999999999818,-16114.999999999873,-15129.999999999927,-12200.0,-9050.0,-13570.000000000164,-15783.000000000084,-14975.000000000182,-13653.000000000065,-12330.0000000002,-12718.00000000012,-11705.0000000002,-12450.000000000091,-12061.000000000058,-19340.000000000146,-18321.000000000186,-17300.000000000182,-16281.00000000004,-15260.000000000218,-15951.000000000113,-15240.000000000236,-7325.000000000182,-5511.00000000024,-7790.0000000002365,-6186.00000000024,-5130.000000000291,-5299.000000000251,-4050.000000000273,-2799.000000000251,-1550.000000000182,-1405.0000000000182,-426.0000000000218,-4420.000000000073,-3504.0000000000873,-1880.0000000001091,-2049.000000000069,-800.000000000091,450.9999999999309,1700.0,-30.000000000654836,-2349.000000000433,-8320.00000000071,-9679.000000000451,-12660.0000000004,-14317.00000000019,-13040.000000000236,-16772.00000000039,-17160.000000000127,-755.000000000291,-2743.99999999996,-10475.000000000182,-11279.000000000178,-9970.000000000073,-10515.000000000055,-10164.999999999964,-13907.000000000062,-14874.999999999909,-1325.0000000005457,-2852.0000000004984,-10525.000000000546,-12793.000000000484,-16555.00000000029,-17869.000000000415,-21445.000000000437,-20217.00000000037,-18990.000000000327,-6165.000000000327,-4885.000000000309,-12370.000000000255,-12519.000000000415,-13950.000000000182,-15482.000000000244,-19360.00000000031,-18435.00000000022,-17510.00000000022,-5665.000000000055,-7414.000000000215,-6940.0000000001455,-5169.000000000051,-5360.000000000127,-13494.000000000142,-12610.000000000127,-11724.00000000016,-10840.000000000055,-1405.0000000001091,-1309.0000000001965,-3225.000000000182,-2249.00000000016,-2595.0000000001637,-9749.00000000016,-8865.000000000146,-7979.000000000178,-7095.000000000073,-7814.999999999327,-376.99999999986176,6195.000000000164,-4106.99999999988,-13884.999999999764,-19592.999999999574,-20359.999999999673,-18929.999999999654,-17499.999999999636,-6579.9999999994725,-2166.9999999998254,240.00000000032742,-5473.999999999887,-12334.999999999764,-15022.999999999683,-16369.999999999709,-15519.999999999618,-14669.999999999709,-9030.00000000011,-9617.00000000019,-11215.000000000236,-18430.00000000011,-20865.000000000327,-20225.00000000009,-21175.000000000182,-21417.0000000001,-20460.000000000127,-8394.999999999982,-10768.00000000012,-16000.000000000091,-16703.000000000065,-18785.00000000022,-18447.999999999956,-19700.00000000009,-20244.99999999998,-19590.000000000055,-8904.999999999927,-4995.000000000073,-9590.000000000055,-6489.999999999964,-6615.000000000055,-7217.000000000007,-8080.000000000018,-6744.000000000051,-8644.999999999982,-94.99999999989086,3305.000000000018,-3044.999999999982,-279.99999999992724,50.0,-551.9999999999527,-1414.9999999999636,-78.99999999999636,-1979.9999999999272
2026-05,-8395.000000000164,-12894.000000000233,-13220.000000000346,-18334.000000000106,-15645.000000000255,-20002.000000000226,-18245.000000000164,-16985.000000000127,-15805.00000000011,-5610.000000000127,-6448.000000000138,-8545.000000000164,-12976.999999999953,-10925.000000000091,-12455.00000000011,-10950.0,-9943.00000000003,-9014.999999999964,-4794.9999999998,-8969.9999999998,-8064.999999999691,-13064.99999999969,-15009.999999999673,-13344.999999999709,-11679.999999999654,-10219.999999999618,-9099.999999999636,-6934.9999999997635,-7216.999999999916,-7949.999999999727,-10806.999999999698,-12449.999999999727,-11026.99999999977,-9604.999999999745,-8386.999999999716,-7509.999999999673,-8904.999999999745,-9235.999999999785,-8749.999999999727,-8417.999999999756,-9924.999999999818,-7912.999999999738,-6769.999999999709,-6339.999999999691,-9719.999999999709,-8609.999999999854,-7020.999999999822,-7304.999999999745,-4617.999999999756,-5429.999999999836,-3417.9999999997563,-2274.999999999727,-1844.999999999709,-5224.999999999727,-9725.000000000546,-16451.000000000386,-16230.000000000291,-20214.000000000306,-22945.000000000528,-28513.00000000074,-31650.000000000637,-32887.00000000054,-30565.0000000006,4384.9999999994,-399.0000000004329,-2150.000000000182,-5898.00000000032,-6650.000000000455,-13342.000000000735,-15055.000000000564,-15534.00000000047,-13815.00000000051,-9670.000000000437,-9811.000000000331,-13665.000000000146,-16979.000000000087,-22300.000000000182,-19382.000000000335,-21645.000000000164,-21712.00000000017,-20900.00000000009,-2510.0000000004,-1406.0000000004038,-5185.000000000218,-8652.000000000044,-15265.000000000236,-13655.000000000291,-12045.000000000255,-12755.0000000002,-11395.000000000164,-10339.999999999964,-15389.999999999873,-19749.999999999818,-19257.99999999981,-19364.99999999969,-17307.9999999999,-16309.999999999854,-15022.999999999774,-13164.999999999873,-579.9999999999272,-5974.999999999909,-9834.999999999854,-10517.999999999847,-11799.999999999818,-9942.999999999938,-8084.9999999998545,-6227.999999999793,-4369.999999999891,-7040.0000000001455,-17594.000000000324,-28990.00000000042,-29702.000000000317,-27125.000000000273,-26782.000000000426,-27500.000000000455,-31200.000000000455,-29955.000000000382,-485.0000000003092,-5188.000000000375,-17895.000000000437,-16280.000000000291,-14305.000000000291,-14565.000000000418,-12385.0000000004,-16338.000000000466,-15345.000000000346,-9010.000000000036,-13652.999999999884,-20604.999999999927,-22597.999999999865,-19629.999999999927,-20172.999999999865,-17594.9999999998,-25375.99999999984,-24099.99999999991,-4960.000000000127,-7965.0000000001455,-16770.000000000073,-16835.000000000036,-14970.000000000073,-13105.00000000011,-11240.000000000055,-18533.000000000084,-17500.00000000009,-12554.999999999654,-14702.999999999429,-20494.999999999345,-22012.999999999465,-20079.999999999472,-18147.9999999995,-16214.999999999418,-15752.999999999338,-14319.999999999527,-4849.999999999909,-7387.999999999647,-13774.999999999545,-12762.999999999647,-11329.999999999654,-9897.999999999683,-8464.9999999996,-7032.999999999538,-5599.999999999727
2026-06,4020.0000000002547,-5106.9999999998345,-6429.999999999836,-5586.999999999989,-6854.999999999882,-4991.999999999916,-3279.9999999999272,-1566.99999999978,145.00000000011823,370.0000000002092,-5326.999999999725,-2139.9999999997362,-1671.999999999889,-3314.9999999997817,-1826.9999999998163,-489.9999999998272,848.0000000003201,2185.0000000002183,12695.000000000255,3917.0000000000528,4230.000000000109,911.0000000000582,4340.000000000055,4745.000000000118,6790.0000000001,8836.000000000058,10880.00000000011,7595.000000000209,4290.000000000055,3325.000000000091,303.0000000000655,2680.0000000000637,4128.000000000111,5635.000000000082,7143.000000000029,8650.000000000091,6015.0000000002365,-4495.999999999776,-2609.9999999998545,-100.99999999979445,2410.000000000173,2772.000000000162,4760.000000000218,2210.0000000001273,3230.0000000001546,3120.0000000001637,-3407.9999999998563,-2044.9999999999363,-57.999999999901775,1930.0000000000637,3917.0000000000528,5905.000000000109,3355.000000000018,4375.0000000000455,-4355.000000000018,-292.9999999995289,1150.0000000003183,-1460.9999999997399,-6485.000000000036,-6744.9999999998,-4474.999999999909,-1081.9999999998345,1085.0000000000819,-4840.0000000001,-2401.999999999589,485.0000000002183,-1457.9999999997199,-4574.9999999999545,-2934.999999999718,-1904.9999999998818,248.00000000027467,1175.0000000001364,-80.00000000065484,2202.999999999338,-445.0000000003456,-4171.000000000595,-355.00000000042746,388.99999999948704,3939.9999999996,6345.999999999503,7844.999999999482,-1675.0000000004547,1913.9999999995325,-470.00000000025466,-1636.0000000003765,419.9999999997999,1499.9999999996362,3804.9999999997453,5777.999999999656,6614.999999999645,5709.999999999809,5563.999999999896,1659.999999999809,2757.99999999972,5424.999999999727,3934.9999999998545,3749.999999999818,4601.999999999725,5684.999999999809,3044.999999999891,7457.000000000016,1689.9999999997817,1508.9999999997872,2334.9999999997635,3167.999999999847,2399.999999999818,3481.9999999997435,4564.999999999827,4410.000000000582,1536.000000000331,-2979.9999999997,-2504.999999999609,-859.9999999996271,-4726.999999999816,-2684.999999999718,-641.9999999996435,1110.0000000003547,-2914.9999999996908,-5043.999999999778,-5284.9999999997635,-5771.999999999707,-5599.999999999682,-6451.999999999907,-4784.999999999809,-3116.9999999997344,-1739.9999999997362,4980.000000000018,-2336.00000000024,-2165.0000000002365,305.99999999981264,2639.9999999996908,2952.999999999747,5084.9999999997635,7218.999999999642,9109.999999999764,3220.0000000000273,-1825.000000000091,-3005.0000000000637,-3034.0000000000146,-825.0000000001364,589.9999999999181,2244.999999999891,3900.9999999997945,5314.999999999873,5945.000000000209,2600.000000000182,-1069.9999999999363,3028.0000000000655,4380.000000000109,4687.0000000001255,6620.000000000164,4015.0000000001,4980.000000000109,1175.000000000091,2879.000000000133,-2869.999999999982,-847.9999999999563,1085.0000000000364,3017.0000000000528,4950.000000000091,2345.0000000000273,3310.0000000000364
2026-07,535.0000000002638,154.0000000004511,-4859.999999999491,-492.9999999994834,3190.0000000004184,4695.0000000005275,5590.000000000555,6640.000000000464,5265.0000000006,1940.0000000003274,1422.0000000003893,-3944.9999999995725,-1266.9999999995525,1410.0000000003547,1808.000000000402,1595.000000000391,1538.0000000003747,825.0000000004093,1975.0000000001364,-899.9999999997272,-319.99999999975444,2876.0000000001583,5385.000000000218,7324.000000000069,7205.000000000246,6469.000000000278,6565.000000000282,7370.000000000255,2794.0000000003693,1675.0000000003638,3170.0000000002547,3980.0000000003365,6088.000000000238,5950.000000000364,4538.000000000375,3960.0000000003547,-1715.000000000191,-1778.9999999999964,49.9999999998181,4220.999999999958,7099.999999999864,6655.999999999858,7839.999999999918,8557.999999999902,6959.999999999945,1374.9999999998636,325.99999999997635,399.9999999998636,2815.99999999994,3939.9999999998727,3645.9999999999127,4759.9999999999,4752.999999999929,2429.9999999999272,3870.0000000005275,1058.0000000006294,-2094.999999999345,151.00000000056752,2280.000000000655,3431.0000000004493,4415.000000000646,6679.000000000724,5590.000000000509,-344.9999999997999,-1526.9999999995434,-1089.9999999995543,-862.9999999995562,1665.0000000004638,2751.000000000431,2305.000000000473,4862.00000000058,2570.0000000004366,-1284.9999999998545,-6470.999999999594,-389.9999999996908,-2482.9999999996744,1415.0000000002365,3529.0000000004056,6150.0000000005,9228.000000000566,7575.000000000409,-2734.9999999997635,-5372.999999999456,-1479.999999999609,-1441.9999999996435,1030.000000000382,1720.000000000482,2915.0000000006003,5554.0000000005875,4930.000000000518,665.0000000000546,-3557.99999999972,-3389.999999999827,278.0000000000655,4744.999999999982,7000.0000000000455,9605.000000000155,8917.000000000144,8945.000000000118,2055.0000000000637,-982.9999999997199,-2354.999999999791,-226.99999999990723,2700.0000000000455,3415.0000000001,4480.000000000155,3237.0000000001255,4230.000000000155,3415.0000000007367,6117.000000000553,580.0000000005639,566.0000000006676,2645.000000000755,-946.9999999992979,535.0000000006276,1256.0000000007221,3185.0000000006276,950.0000000005002,3708.0000000002656,755.0000000004275,-1153.9999999994961,450.00000000059117,-1923.999999999478,-1049.9999999995907,-1168.9999999995052,-79.99999999960892,2065.0000000001455,4077.0000000003165,2800.000000000091,2989.000000000169,5205.0000000002,4887.000000000171,6085.000000000218,8226.000000000204,8575.000000000182,4815.000000000282,4464.000000000351,2370.000000000209,2151.000000000249,3880.000000000291,1981.0000000003129,2750.0000000003183,3805.0000000002456,5090.0000000002365,-2930.0000000002456,-4872.999999999911,-2684.999999999991,1494.0000000000055,5699.9999999999545,6395.999999999913,5825.0000000000455,7530.000000000064,6925.0000000000455,249.99999999990905,-2742.9999999998927,-2394.9999999999363,-15.999999999939973,2369.999999999982,1246.000000000049,5.000000000063665,385.00000000008185,765.0000000001
2026-08,2939.9999999999636,7915.000000000055,2590.0000000000546,3726.000000000022,359.9999999998545,725.0000000000455,1969.9999999999363,1179.9999999999272,1134.999999999991,1139.9999999998727,3182.999999999902,264.9999999999636,1396.9999999998436,-1280.0000000002,-1957.0000000000618,-1755.0000000001091,-1552.0000000001346,-1350.000000000091,6049.999999999818,5797.000000000116,2849.999999999909,3357.999999999902,1539.9999999999181,1148.9999999999327,1890.000000000009,2629.000000000042,3369.9999999999363,2404.9999999998363,4507.999999999902,1374.999999999909,2605.999999999858,9.99999999985448,-573.0000000001382,-275.00000000009095,21.999999999934516,319.99999999989086,8400.000000000273,10019.000000000142,5240.000000000055,3831.000000000131,4315.0000000001,2772.000000000071,3580.0000000001546,4387.0000000001255,5195.000000000118,3065.0000000000546,5244.000000000051,4435.000000000036,2204.0000000000873,1865.0000000000546,85.00000000003638,405.00000000010914,725.000000000091,1045.0000000000728,3395.0000000001637,6199.000000000069,6715.0000000002365,7238.999999999942,8449.999999999909,7933.000000000084,4490.0000000001455,4418.000000000211,4250.0,730.0000000000182,2945.9999999999127,1795.0000000000728,3410.9999999998763,2839.9999999998727,1682.9999999999927,834.9999999999454,-422.00000000002547,69.99999999998181,4035.0000000000364,6557.000000000153,6755.000000000109,9288.999999999942,9550.000000000136,7338.000000000147,8295.000000000118,7985.000000000173,5055.000000000064,2434.9999999998545,5181.99999999988,3189.9999999999636,4778.9999999998145,3084.9999999998545,2404.9999999998363,3169.999999999891,2009.9999999999454,2599.999999999909,7990.0000000001455,11063.000000000284,10270.000000000073,9220.000000000164,10235.000000000264,9094.000000000096,6995.000000000118,7049.000000000115,7935.000000000082,4419.999999999982,6323.000000000229,6645.000000000073,6163.000000000102,5600.000000000182,5132.000000000062,4055.000000000109,3672.0000000001164,4120.000000000073,2170.0000000002547,4237.000000000444,3295.0000000005275,7076.000000000477,7125.000000000273,3310.0000000003547,3145.0000000003,2842.00000000028,3125.0000000002274,-365.00000000005457,1731.00000000004,630.0000000001091,2191.9999999999163,3754.9999999999272,-931.9999999999709,-260.0000000000364,-1007.0000000000618,-645.0000000000728,3695.0000000001637,5312.000000000353,4215.000000000327,5610.000000000309,6580.000000000246,4809.000000000242,5135.000000000264,3609.000000000333,4510.000000000173,2150.0,4390.000000000055,1395.0000000000728,2763.000000000011,2205.000000000018,1335.0000000000364,975.0,1432.0000000000618,1889.9999999999636,6395.000000000164,8466.000000000258,5450.000000000091,6217.000000000371,5345.000000000209,3680.0000000000637,4690.000000000191,3472.000000000162,4280.000000000155,2940.0000000001455,5321.0000000001855,4715.000000000055,4130.000000000291,1905.0000000001091,1473.0000000000473,1995.0000000001637,290.0000000001455,610.0000000001273
